"Date Time","Pressure (psi) (680530)","Temperature (°C) (680530)","Depth (ft) (680530)","Actual Conductivity (µS/cm)","Specific Conductivity (µS/cm) (680530)","Marked"
"2025-07-24 17:20:44","0.30622584","12.748465","0.7067706","16.334715","18.960878",""
"2025-07-24 17:20:45","0.30623","12.7472315","0.70678014","16.334782","18.961473",""
"2025-07-24 17:20:46","0.30623415","12.745999","0.7067896","16.334846","18.962069",""
"2025-07-24 17:20:47","0.30700955","12.732244","0.7085781","16.32767","18.95952",""
"2025-07-24 17:20:48","0.30705807","12.731059","0.70869","16.32732","18.959614",""
"2025-07-24 17:20:49","0.3055969","12.717196","0.70531636","16.328552","18.966875",""
"2025-07-24 17:20:50","0.30552384","12.716012","0.7051477","16.32846","18.967268",""
"2025-07-24 17:20:51","0.30545077","12.714828","0.70497894","16.32837","18.967659",""
"2025-07-24 17:20:52","0.30479705","12.70194","0.703469","16.33504","18.980833",""
"2025-07-24 17:20:53","0.30472004","12.700814","0.7032912","16.335472","18.981812",""
"2025-07-24 17:20:54","0.30464306","12.699689","0.7031134","16.335907","18.98279",""
"2025-07-24 17:20:55","0.3045525","12.687138","0.70290333","16.324482","18.9748",""
"2025-07-24 17:20:56","0.3045297","12.686056","0.70285064","16.323973","18.97466",""
"2025-07-24 17:20:57","0.3066226","12.673478","0.70767987","16.277607","18.92605",""
"2025-07-24 17:20:58","0.30675018","12.672398","0.70797426","16.274452","18.922838",""
"2025-07-24 17:20:59","0.30687773","12.671317","0.7082686","16.2713","18.919626",""
"2025-07-24 17:21:00","0.30650768","12.651219","0.707412","18.340551","21.33538",""
"2025-07-24 17:21:01","0.306539","12.649684","0.7074841","18.464422","21.480133",""
"2025-07-24 17:21:02","0.30657032","12.6481495","0.7075562","18.588293","21.624886",""
"2025-07-24 17:21:03","0.3060204","12.632441","0.7062857","18.584227","21.627731",""
"2025-07-24 17:21:04","0.30598012","12.630985","0.70619255","18.636587","21.689314",""
"2025-07-24 17:21:05","0.30596647","12.613669","0.70615953","18.503716","21.542961",""
"2025-07-24 17:21:06","0.3059537","12.61224","0.70613","18.495386","21.533953",""
"2025-07-24 17:21:07","0.30594096","12.610811","0.70610046","18.487057","21.524944",""
"2025-07-24 17:21:08","0.3049353","12.597552","0.70377845","18.24293","21.24695",""
"2025-07-24 17:21:09","0.3048731","12.596315","0.70363474","18.224766","21.22639",""
"2025-07-24 17:21:10","0.3048109","12.595079","0.7034911","18.206604","21.205832",""
"2025-07-24 17:21:11","0.28067347","12.513366","0.64777637","18.883812","22.034874",""
"2025-07-24 17:21:12","0.27926493","12.50833","0.6445251","18.916094","22.07495",""
"2025-07-24 17:21:13","0.27064025","12.524962","0.6246212","18.740913","21.862316",""
"2025-07-24 17:21:14","0.26956853","12.524294","0.6221477","18.74392","21.866121",""
"2025-07-24 17:21:15","0.2785758","12.525719","0.5510887","18.731287","21.85089",""
"2025-07-24 17:21:16","0.27904302","12.526438","0.54591584","18.724375","21.842487",""
"2025-07-24 17:21:17","0.2664533","12.525558","0.6071079","18.73852","21.859274",""
"2025-07-24 17:21:18","0.26562223","12.525491","0.6107827","18.739754","21.86074",""
"2025-07-24 17:21:19","0.26377514","12.525323","0.6073471","18.694817","21.801348",""
"2025-07-24 17:21:20","0.26315254","12.525254","0.6094553","18.691736","21.797188",""
"2025-07-24 17:21:21","0.26252994","12.525185","0.61156344","18.688656","21.793028",""
"2025-07-24 17:21:22","0.28574437","12.538883","0.65948164","18.698095","21.797161",""
"2025-07-24 17:21:23","0.28704676","12.539707","0.66248757","18.696926","21.7951",""
"2025-07-24 17:21:24","0.28834915","12.540531","0.6654935","18.695757","21.793037",""
"2025-07-24 17:21:25","0.28852966","12.556082","0.6659113","18.7035","21.797115",""
"2025-07-24 17:21:26","0.28909895","12.557357","0.6672253","18.703964","21.797144",""
"2025-07-24 17:21:27","0.29091892","12.567641","0.67142653","18.698048","21.786638",""
"2025-07-24 17:21:28","0.29100847","12.568574","0.6716333","18.697834","21.786064",""
"2025-07-24 17:21:29","0.29109803","12.569506","0.67184","18.69762","21.785488",""
"2025-07-24 17:21:30","0.29113156","12.578932","0.6719182","18.713608","21.8007",""
"2025-07-24 17:21:31","0.29116172","12.579786","0.6719879","18.714718","21.801685",""
"2025-07-24 17:21:32","0.29119188","12.580641","0.67205757","18.715826","21.80267",""
"2025-07-24 17:21:33","0.29096755","12.586291","0.6715403","18.703712","21.78769",""
"2025-07-24 17:21:34","0.29094797","12.586917","0.6714952","18.703579","21.787376",""
"2025-07-24 17:21:35","0.29118222","12.588834","0.672036","18.71278","21.79753",""
"2025-07-24 17:21:36","0.2911907","12.58911","0.6720556","18.713123","21.797865",""
"2025-07-24 17:21:37","0.29119918","12.589386","0.6720752","18.713467","21.7982",""
"2025-07-24 17:21:38","0.29208097","12.5907","0.67411035","18.70434","21.786404",""
"2025-07-24 17:21:39","0.2921403","12.590832","0.6742473","18.704037","21.785965",""
"2025-07-24 17:21:40","0.29219964","12.590963","0.67438424","18.703735","21.785526",""
"2025-07-24 17:21:41","0.29271826","12.593393","0.67558146","18.707518","21.789238",""
"2025-07-24 17:21:42","0.29277137","12.593573","0.67570406","18.707518","21.789165",""
"2025-07-24 17:21:43","0.29097575","12.595035","0.67156","18.705767","21.787207",""
"2025-07-24 17:21:44","0.29087442","12.595182","0.6713261","18.705755","21.787182",""
"2025-07-24 17:21:45","0.29077306","12.595331","0.6710922","18.705744","21.787157",""
"2025-07-24 17:21:46","0.29084522","12.5951185","0.6712586","18.708755","21.790787",""
"2025-07-24 17:21:47","0.29080337","12.59514","0.6711621","18.708893","21.790958",""
"2025-07-24 17:21:48","0.29076156","12.595163","0.6710656","18.709032","21.791128",""
"2025-07-24 17:21:49","0.29177952","12.594897","0.673415","18.712076","21.794712",""
"2025-07-24 17:21:50","0.2918416","12.594876","0.6735583","18.712334","21.79502",""
"2025-07-24 17:21:51","0.2923653","12.594791","0.67476696","18.713781","21.796959",""
"2025-07-24 17:21:52","0.29242066","12.59478","0.6748947","18.71394","21.79716",""
"2025-07-24 17:21:53","0.292476","12.5947695","0.6750224","18.714098","21.79736",""
"2025-07-24 17:21:54","0.2903959","12.594229","0.67022157","18.711172","21.794222",""
"2025-07-24 17:21:55","0.29027852","12.594193","0.6699508","18.711023","21.794073",""
"2025-07-24 17:21:56","0.2901612","12.594157","0.66967994","18.710875","21.793922",""
"2025-07-24 17:21:57","0.29113048","12.593606","0.67191696","18.714788","21.798328",""
"2025-07-24 17:21:58","0.29113424","12.593558","0.6719256","18.714947","21.798512",""
"2025-07-24 17:21:59","0.29070437","12.593839","0.6709335","18.717321","21.801596",""
"2025-07-24 17:22:00","0.29070106","12.593843","0.67092586","18.71756","21.801891",""
"2025-07-24 17:22:01","0.29069775","12.593848","0.6709182","18.7178","21.802187",""
"2025-07-24 17:22:02","0.29042587","12.593172","0.6702907","18.718348","21.803398",""
"2025-07-24 17:22:03","0.29039794","12.593137","0.6702262","18.718437","21.803547",""
"2025-07-24 17:22:04","0.29037002","12.593102","0.6701618","18.718527","21.803696",""
"2025-07-24 17:22:05","0.29257292","12.591908","0.6752459","18.719257","21.804893",""
"2025-07-24 17:22:06","0.29269806","12.59182","0.67553467","18.719316","21.804996",""
"2025-07-24 17:22:07","0.29282317","12.591731","0.6758235","18.719374","21.8051",""
"2025-07-24 17:22:08","0.29123458","12.591016","0.672157","18.739363","21.828602",""
"2025-07-24 17:22:09","0.291197","12.590943","0.67207026","18.740557","21.830017",""
"2025-07-24 17:22:10","0.29155555","12.590475","0.67289776","18.718708","21.80498",""
"2025-07-24 17:22:11","0.29154015","12.590429","0.67286223","18.717855","21.804016",""
"2025-07-24 17:22:12","0.29152477","12.590384","0.6728267","18.717001","21.803053",""
"2025-07-24 17:22:13","0.2924528","12.589515","0.6749685","18.730677","21.81948",""
"2025-07-24 17:22:14","0.29251796","12.58945","0.6751188","18.730965","21.819857",""
"2025-07-24 17:22:15","0.2926645","12.58843","0.6743598","18.678204","21.758385",""
"2025-07-24 17:22:16","0.29260534","12.588053","0.675189","18.682281","21.763153",""
"2025-07-24 17:22:17","0.29259855","12.588005","0.6752406","18.681665","21.762434",""
"2025-07-24 17:22:18","0.29259175","12.587957","0.6752921","18.68105","21.761715",""
"2025-07-24 17:22:19","0.29312927","12.587775","0.67652655","18.684416","21.765877",""
"2025-07-24 17:22:20","0.29316857","12.587752","0.6766589","18.685093","21.766685",""
"2025-07-24 17:22:21","0.29320785","12.587729","0.67679137","18.68577","21.767494",""
"2025-07-24 17:22:22","0.29292256","12.5867605","0.67605245","18.74033","21.831518",""
"2025-07-24 17:22:23","0.2929266","12.586696","0.67606175","18.7437","21.83548",""
"2025-07-24 17:22:24","0.29293066","12.586632","0.6760711","18.747068","21.839441",""
"2025-07-24 17:22:25","0.2935178","12.586207","0.6774262","18.7258","21.814856",""
"2025-07-24 17:22:26","0.29354972","12.586158","0.67749983","18.725855","21.814947",""
"2025-07-24 17:22:27","0.29295936","12.583928","0.6761372","18.739496","21.831923",""
"2025-07-24 17:22:28","0.29293886","12.583781","0.6760899","18.739788","21.832333",""
"2025-07-24 17:22:29","0.29291835","12.583634","0.6760425","18.740078","21.832743",""
"2025-07-24 17:22:30","0.29301545","12.582741","0.67626655","18.729742","21.821133",""
"2025-07-24 17:22:31","0.29300672","12.582631","0.67624635","18.729454","21.820852",""
"2025-07-24 17:22:32","0.292998","12.5825205","0.67622614","18.729166","21.82057",""
"2025-07-24 17:22:33","0.29199988","12.581446","0.6739225","18.742056","21.836111",""
"2025-07-24 17:22:34","0.29194337","12.581358","0.673792","18.742554","21.836735",""
"2025-07-24 17:22:35","0.29177755","12.58034","0.6734093","18.74216","21.83677",""
"2025-07-24 17:22:36","0.29174352","12.580251","0.6733308","18.742445","21.837145",""
"2025-07-24 17:22:37","0.2917095","12.580162","0.6732522","18.742731","21.83752",""
"2025-07-24 17:22:38","0.25795022","12.551358","0.59533477","20.558653","23.96885",""
"2025-07-24 17:22:39","0.25591943","12.549603","0.59064764","20.667648","24.09679",""
"2025-07-24 17:22:40","0.2538886","12.547849","0.5859605","20.776644","24.22473",""
"2025-07-24 17:22:41","0.25760004","12.550477","0.59452647","20.702759","24.137163",""
"2025-07-24 17:22:42","0.25695443","12.549893","0.59303635","20.744814","24.186474",""
"2025-07-24 17:22:43","0.2939052","12.558803","0.6783173","20.704802","24.135042",""
"2025-07-24 17:22:44","0.29627204","12.55941","0.68377995","20.700922","24.130192",""
"2025-07-24 17:22:45","0.29863888","12.560017","0.68924254","20.69704","24.125341",""
"2025-07-24 17:22:46","0.2972666","12.568964","0.68607616","20.70824","24.133589",""
"2025-07-24 17:22:47","0.2981308","12.569727","0.6880708","20.708076","24.132988",""
"2025-07-24 17:22:48","0.29899502","12.570491","0.6900653","20.707912","24.132385",""
"2025-07-24 17:22:49","0.2986855","12.576683","0.6893515","20.734377","24.159895",""
"2025-07-24 17:22:50","0.2986721","12.577284","0.68932074","20.736156","24.161646",""
"2025-07-24 17:22:51","0.2970294","12.584008","0.6855299","20.715734","24.13424",""
"2025-07-24 17:22:52","0.29694057","12.584574","0.6853249","20.715069","24.133162",""
"2025-07-24 17:22:53","0.29685172","12.58514","0.68511987","20.714405","24.132082",""
"2025-07-24 17:22:54","0.2985138","12.589585","0.6889563","20.715736","24.131245",""
"2025-07-24 17:22:55","0.29857042","12.590024","0.6890871","20.715288","24.130487",""
"2025-07-24 17:22:56","0.29862705","12.590463","0.6892178","20.71484","24.12973",""
"2025-07-24 17:22:57","0.29893452","12.593","0.6899276","20.717583","24.131563",""
"2025-07-24 17:22:58","0.29899284","12.593271","0.6900623","20.717764","24.13163",""
"2025-07-24 17:22:59","0.29789716","12.595789","0.68753374","20.726278","24.140196",""
"2025-07-24 17:23:00","0.29783633","12.596007","0.68739337","20.726856","24.14075",""
"2025-07-24 17:23:01","0.29777548","12.596226","0.68725294","20.727432","24.141306",""
"2025-07-24 17:23:02","0.29924282","12.597866","0.6906396","20.741121","24.156366",""
"2025-07-24 17:23:03","0.2993035","12.598029","0.6907797","20.74216","24.15749",""
"2025-07-24 17:23:04","0.29936418","12.598192","0.69091976","20.7432","24.158613",""
"2025-07-24 17:23:05","0.29939562","12.60158","0.69099253","20.738255","24.151033",""
"2025-07-24 17:23:06","0.299434","12.601825","0.6910811","20.73832","24.150978",""
"2025-07-24 17:23:07","0.2986941","12.604069","0.6893737","20.724632","24.133833",""
"2025-07-24 17:23:08","0.29864904","12.604288","0.68926966","20.72368","24.132608",""
"2025-07-24 17:23:09","0.29860398","12.604507","0.6891657","20.72273","24.131384",""
"2025-07-24 17:23:10","0.298722","12.606848","0.6894383","20.73181","24.1407",""
"2025-07-24 17:23:11","0.29871053","12.607046","0.6894118","20.732012","24.140827",""
"2025-07-24 17:23:12","0.29869908","12.607244","0.6893854","20.732212","24.140957",""
"2025-07-24 17:23:13","0.29858252","12.608573","0.68911654","20.734316","24.14269",""
"2025-07-24 17:23:14","0.2978926","12.610076","0.6875244","20.730528","24.137472",""
"2025-07-24 17:23:15","0.29784375","12.610201","0.6874116","20.730299","24.137138",""
"2025-07-24 17:23:16","0.29987136","12.611657","0.69209135","20.799374","24.216782",""
"2025-07-24 17:23:17","0.30003846","12.611807","0.692477","20.805405","24.223722",""
"2025-07-24 17:23:18","0.29971212","12.612775","0.69172394","20.69239","24.09162",""
"2025-07-24 17:23:19","0.29975832","12.612898","0.6918306","20.684946","24.082888",""
"2025-07-24 17:23:20","0.299209","12.613857","0.6905629","20.756908","24.166155",""
"2025-07-24 17:23:21","0.2991503","12.613971","0.6904274","20.759144","24.1687",""
"2025-07-24 17:23:22","0.29909155","12.614085","0.6902919","20.761381","24.171242",""
"2025-07-24 17:23:23","0.29887393","12.615277","0.68978965","20.731058","24.135298",""
"2025-07-24 17:23:24","0.2988362","12.615405","0.6897026","20.731384","24.13561",""
"2025-07-24 17:23:25","0.29910097","12.6166935","0.69031376","20.74807","24.154343",""
"2025-07-24 17:23:26","0.29910728","12.616817","0.69032836","20.748232","24.154465",""
"2025-07-24 17:23:27","0.2991136","12.616942","0.69034296","20.748396","24.154587",""
"2025-07-24 17:23:28","0.29876634","12.618241","0.6895416","20.734272","24.13745",""
"2025-07-24 17:23:29","0.29875025","12.618359","0.6895045","20.733816","24.136856",""
"2025-07-24 17:23:30","0.2987342","12.618476","0.6894674","20.73336","24.136263",""
"2025-07-24 17:23:31","0.2982014","12.619732","0.6882379","20.746357","24.150719",""
"2025-07-24 17:23:32","0.2981606","12.619843","0.6881438","20.746737","24.151102",""
"2025-07-24 17:23:33","0.2979171","12.619197","0.68758124","21.75463","25.324745",""
"2025-07-24 17:23:34","0.2978897","12.619188","0.687518","21.816856","25.397188",""
"2025-07-24 17:23:35","0.29786232","12.619179","0.68745476","21.879082","25.469631",""
"2025-07-24 17:23:36","0.2976227","12.620704","0.6869022","20.964489","24.40412",""
"2025-07-24 17:23:37","0.29760215","12.620781","0.6868548","20.933388","24.367874",""
"2025-07-24 17:23:38","0.29758158","12.620857","0.68680733","20.902288","24.331629",""
"2025-07-24 17:23:39","0.298329","12.622453","0.6885325","20.933254","24.366812",""
"2025-07-24 17:23:40","0.29836643","12.622586","0.6886189","20.911676","24.341621",""
"2025-07-24 17:23:41","0.21751285","12.605618","0.5020104","22.729328","26.467527",""
"2025-07-24 17:23:42","0.21242654","12.604582","0.4902713","22.845234","26.603065",""
"2025-07-24 17:23:43","0.20734023","12.603546","0.4785322","22.961142","26.738604",""
"2025-07-24 17:23:44","0.22190782","12.608283","0.5121539","22.595448","26.309956",""
"2025-07-24 17:23:45","0.22067668","12.608125","0.50931245","22.62077","26.339516",""
"2025-07-24 17:23:46","0.21944553","12.607966","0.506471","22.646091","26.369078",""
"2025-07-24 17:23:47","0.28443822","12.614072","0.65647185","22.712996","26.4434",""
"2025-07-24 17:23:48","0.2886112","12.614541","0.66610295","22.709309","26.438828",""
"2025-07-24 17:23:49","0.2929778","12.620453","0.67618144","22.68316","26.404917",""
"2025-07-24 17:23:50","0.2947247","12.6209545","0.6802132","22.684124","26.405745",""
"2025-07-24 17:23:51","0.2964716","12.621457","0.684245","22.685087","26.40657",""
"2025-07-24 17:23:52","0.29620543","12.625797","0.683631","22.696499","26.417303",""
"2025-07-24 17:23:53","0.29627702","12.626209","0.68379635","22.696503","26.417065",""
"2025-07-24 17:23:54","0.29634863","12.626622","0.68396163","22.696507","26.416826",""
"2025-07-24 17:23:55","0.29631007","12.631062","0.683873","22.697514","26.415392",""
"2025-07-24 17:23:56","0.29631612","12.631441","0.68388695","22.697868","26.415583",""
"2025-07-24 17:23:57","0.2954155","12.634318","0.6818086","22.696901","26.41277",""
"2025-07-24 17:23:58","0.29536003","12.634602","0.6816806","22.696848","26.412542",""
"2025-07-24 17:23:59","0.2953046","12.634885","0.6815527","22.696796","26.412315",""
"2025-07-24 17:24:00","0.29583612","12.637715","0.6827798","22.687153","26.399431",""
"2025-07-24 17:24:01","0.29584616","12.637958","0.682803","22.686543","26.398579",""
"2025-07-24 17:24:02","0.29585618","12.638199","0.6828261","22.685932","26.397726",""
"2025-07-24 17:24:03","0.296137","12.640562","0.68347436","22.70175","26.414743",""
"2025-07-24 17:24:04","0.2961671","12.640778","0.68354386","22.702456","26.41544",""
"2025-07-24 17:24:05","0.29690334","12.64382","0.6852433","22.695057","26.405046",""
"2025-07-24 17:24:06","0.29695523","12.644065","0.68536305","22.694977","26.40481",""
"2025-07-24 17:24:07","0.29700708","12.64431","0.6854828","22.694897","26.404573",""
"2025-07-24 17:24:08","0.29639077","12.646671","0.6840606","22.691319","26.399023",""
"2025-07-24 17:24:09","0.29637182","12.646891","0.6840168","22.69091","26.39842",""
"2025-07-24 17:24:10","0.29635283","12.647111","0.6839731","22.690504","26.397818",""
"2025-07-24 17:24:11","0.29720625","12.648428","0.6859428","22.696615","26.404156",""
"2025-07-24 17:24:12","0.2972419","12.648568","0.6860251","22.69689","26.40439",""
"2025-07-24 17:24:13","0.29643273","12.650136","0.6841577","22.69591","26.402332",""
"2025-07-24 17:24:14","0.296403","12.650265","0.68408906","22.695992","26.40235",""
"2025-07-24 17:24:15","0.29708964","12.651383","0.6845596","22.742239","26.45487",""
"2025-07-24 17:24:16","0.29711938","12.651495","0.6845486","22.74551","26.458565",""
"2025-07-24 17:24:17","0.29743105","12.652813","0.6863728","22.76331","26.320585",""
"2025-07-24 17:24:18","0.29747745","12.6529455","0.6865463","22.765965","26.31016",""
"2025-07-24 17:24:19","0.2972029","12.653542","0.68592155","22.733389","26.428158",""
"2025-07-24 17:24:20","0.2971899","12.653632","0.6859346","22.7312","26.432833",""
"2025-07-24 17:24:21","0.29717687","12.653724","0.68594766","22.72901","26.437506",""
"2025-07-24 17:24:22","0.29717574","12.654245","0.6858729","22.701145","26.404724",""
"2025-07-24 17:24:23","0.29716575","12.6543045","0.68584985","22.698195","26.406796",""
"2025-07-24 17:24:24","0.29715574","12.654364","0.6858268","22.695244","26.408869",""
"2025-07-24 17:24:25","0.29813698","12.656141","0.6880915","22.7086","26.412975",""
"2025-07-24 17:24:26","0.29819423","12.656266","0.6882236","22.708502","26.412807",""
"2025-07-24 17:24:27","0.29658172","12.657083","0.6845021","22.724771","26.430876",""
"2025-07-24 17:24:28","0.29650503","12.657175","0.6843251","22.726032","26.43228",""
"2025-07-24 17:24:29","0.29642832","12.657269","0.68414813","22.727295","26.433683",""
"2025-07-24 17:24:30","0.29614615","12.65874","0.6834971","22.715029","26.418764",""
"2025-07-24 17:24:31","0.29608867","12.658849","0.6833644","22.71468","26.418297",""
"2025-07-24 17:24:32","0.29603118","12.658958","0.6832317","22.71433","26.41783",""
"2025-07-24 17:24:33","0.2957946","12.66007","0.68268573","22.823248","26.544235",""
"2025-07-24 17:24:34","0.2957731","12.660174","0.68263614","22.829443","26.551407",""
"2025-07-24 17:24:35","0.2961311","12.660667","0.6834624","20.80798","24.19984",""
"2025-07-24 17:24:36","0.2961475","12.660725","0.68350023","20.683907","24.055502",""
"2025-07-24 17:24:37","0.2961639","12.660781","0.6835381","20.559835","23.911161",""
"2025-07-24 17:24:38","0.2952863","12.661795","0.6815133","24.302963","28.266161",""
"2025-07-24 17:24:39","0.29524222","12.661868","0.6814116","24.478731","28.47067",""
"2025-07-24 17:24:40","0.29519814","12.661942","0.68131","24.6545","28.67518",""
"2025-07-24 17:24:41","0.25528756","12.659173","0.5891961","24.58576","28.590322",""
"2025-07-24 17:24:42","0.25288638","12.659035","0.5836542","24.675459","28.694393",""
"2025-07-24 17:24:43","0.27104518","12.66637","0.6255647","24.692024","28.710249",""
"2025-07-24 17:24:44","0.2712378","12.666761","0.6260092","24.689386","28.706854",""
"2025-07-24 17:24:45","0.2714304","12.667151","0.6264538","24.686749","28.703457",""
"2025-07-24 17:24:46","0.29300338","12.672536","0.676244","24.65438","28.662825",""
"2025-07-24 17:24:47","0.2947879","12.673049","0.68036276","24.652824","28.660748",""
"2025-07-24 17:24:48","0.29657245","12.673562","0.68448144","24.651266","28.65867",""
"2025-07-24 17:24:49","0.29829314","12.678242","0.6884532","24.66124","28.667828",""
"2025-07-24 17:24:50","0.2989432","12.67866","0.6899535","24.66099","28.667315",""
"2025-07-24 17:24:51","0.29734552","12.682525","0.6862664","24.651363","28.653925",""
"2025-07-24 17:24:52","0.29728782","12.682875","0.6861333","24.65102","28.653334",""
"2025-07-24 17:24:53","0.29723012","12.683225","0.68600017","24.650679","28.652742",""
"2025-07-24 17:24:54","0.29649162","12.686683","0.6842961","24.652288","28.653141",""
"2025-07-24 17:24:55","0.29640555","12.686988","0.68409747","24.652143","28.652828",""
"2025-07-24 17:24:56","0.2963195","12.687292","0.68389887","24.651999","28.652517",""
"2025-07-24 17:24:57","0.2980399","12.689565","0.6878697","24.65495","28.654367",""
"2025-07-24 17:24:58","0.29812324","12.68979","0.6880621","24.655165","28.654486",""
"2025-07-24 17:24:59","0.2991694","12.692321","0.6904768","24.663538","28.662458",""
"2025-07-24 17:25:00","0.2992747","12.692533","0.6907199","24.664131","28.663",""
"2025-07-24 17:25:01","0.29938006","12.692745","0.69096303","24.664724","28.663544",""
"2025-07-24 17:25:02","0.29876363","12.6954775","0.68954057","24.661814","28.658655",""
"2025-07-24 17:25:03","0.2987521","12.695707","0.689514","24.661852","28.658562",""
"2025-07-24 17:25:04","0.29874057","12.695938","0.6894874","24.66189","28.65847",""
"2025-07-24 17:25:05","0.29820135","12.698302","0.68824303","24.67139","28.668375",""
"2025-07-24 17:25:06","0.2981544","12.698515","0.68813473","24.67189","28.668848",""
"2025-07-24 17:25:07","0.29862756","12.700339","0.68922687","24.678236","28.675121",""
"2025-07-24 17:25:08","0.29864508","12.700508","0.6892673","24.678858","28.675749",""
"2025-07-24 17:25:09","0.29866257","12.700678","0.68930775","24.67948","28.676376",""
"2025-07-24 17:25:10","0.29856095","12.702396","0.6890733","24.671572","28.666338",""
"2025-07-24 17:25:11","0.29856694","12.702546","0.68908715","24.671246","28.66588",""
"2025-07-24 17:25:12","0.29857293","12.702696","0.689101","24.67092","28.665422",""
"2025-07-24 17:25:13","0.29856396","12.703989","0.6890804","24.675512","28.669489",""
"2025-07-24 17:25:14","0.2985609","12.704108","0.6890734","24.675575","28.669468",""
"2025-07-24 17:25:15","0.2973275","12.707021","0.6901448","24.740685","28.744503",""
"2025-07-24 17:25:16","0.29724687","12.707237","0.690215","24.745045","28.749502",""
"2025-07-24 17:25:17","0.29794887","12.70837","0.68793476","24.608875","28.590193",""
"2025-07-24 17:25:18","0.29797897","12.708522","0.6877722","24.599176","28.578825",""
"2025-07-24 17:25:19","0.2986391","12.709818","0.6892811","24.590414","28.568308",""
"2025-07-24 17:25:20","0.2987215","12.709952","0.68932474","24.58486","28.56179",""
"2025-07-24 17:25:21","0.2988039","12.710087","0.6893684","24.579304","28.555273",""
"2025-07-24 17:25:22","0.29819012","12.711279","0.68821824","24.671188","28.661257",""
"2025-07-24 17:25:23","0.29818228","12.711405","0.6882002","24.67594","28.666714",""
"2025-07-24 17:25:24","0.29923713","12.71259","0.69063485","24.675674","28.665628",""
"2025-07-24 17:25:25","0.29929247","12.7127","0.69076264","24.67762","28.66782",""
"2025-07-24 17:25:26","0.29934785","12.71281","0.6908904","24.679567","28.670012",""
"2025-07-24 17:25:27","0.2988843","12.714061","0.68982065","24.673492","28.662159",""
"2025-07-24 17:25:28","0.2988834","12.714168","0.68981856","24.673082","28.661615",""
"2025-07-24 17:25:29","0.2988825","12.714275","0.68981653","24.672672","28.661072",""
"2025-07-24 17:25:30","0.29861122","12.715923","0.68919057","24.68531","28.674702",""
"2025-07-24 17:25:31","0.29858348","12.716054","0.6891265","24.685925","28.675333",""
"2025-07-24 17:25:32","0.29687616","12.717557","0.6851861","24.692217","28.681684",""
"2025-07-24 17:25:33","0.2967631","12.7176895","0.6849252","24.692904","28.6824",""
"2025-07-24 17:25:34","0.29665005","12.717822","0.68466425","24.693592","28.683113",""
"2025-07-24 17:25:35","0.29820156","12.719629","0.6882453","24.685331","28.672369",""
"2025-07-24 17:25:36","0.29825312","12.719776","0.6883644","24.684977","28.671864",""
"2025-07-24 17:25:37","0.2983047","12.719924","0.6884834","24.684624","28.67136",""
"2025-07-24 17:25:38","0.29913056","12.721181","0.6903896","24.69027","28.67712",""
"2025-07-24 17:25:39","0.2992187","12.721303","0.69059306","24.690403","28.677197",""
"2025-07-24 17:25:40","0.29930687","12.721425","0.69079655","24.690535","28.677273",""
"2025-07-24 17:25:41","0.29733524","12.723298","0.68624616","24.696075","28.682514",""
"2025-07-24 17:25:42","0.29724216","12.723442","0.6860313","24.696537","28.682959",""
"2025-07-24 17:25:43","0.29804394","12.724803","0.6878819","24.745665","28.739147",""
"2025-07-24 17:25:44","0.29804873","12.724932","0.68789303","24.748823","28.742735",""
"2025-07-24 17:25:45","0.29805356","12.72506","0.6879041","24.751982","28.74632",""
"2025-07-24 17:25:46","0.2973487","12.726547","0.68627745","25.00667","29.041151",""
"2025-07-24 17:25:47","0.29732716","12.726671","0.68622774","25.023207","29.060276",""
"2025-07-24 17:25:48","0.29730564","12.726795","0.6861781","25.039742","29.079401",""
"2025-07-24 17:25:49","0.29779658","12.729252","0.68731105","25.636913","29.771284",""
"2025-07-24 17:25:50","0.2978078","12.729436","0.68733704","25.678585","29.819557",""
"2025-07-24 17:25:51","0.29794258","12.732021","0.6876481","26.144629","30.35901",""
"2025-07-24 17:25:52","0.29796275","12.732239","0.68769467","26.187359","30.408487",""
"2025-07-24 17:25:53","0.29798293","12.732456","0.6877412","26.23009","30.457962",""
"2025-07-24 17:25:54","0.2969452","12.734661","0.6853463","26.46281","30.726686",""
"2025-07-24 17:25:55","0.29688635","12.734859","0.68521047","26.488703","30.756618",""
"2025-07-24 17:25:56","0.2968275","12.735058","0.6850746","26.514595","30.78655",""
"2025-07-24 17:25:57","0.29775158","12.73677","0.68720764","26.45785","30.719494",""
"2025-07-24 17:25:58","0.29777977","12.73693","0.6872727","26.461079","30.723135",""
"2025-07-24 17:25:59","0.2970477","12.738193","0.6855833","26.236053","30.461014",""
"2025-07-24 17:26:00","0.29702452","12.738312","0.68552977","26.221226","30.443718",""
"2025-07-24 17:26:01","0.29700133","12.738431","0.6854763","26.206398","30.42642",""
"2025-07-24 17:26:02","0.29684216","12.739214","0.68510896","26.328157","30.567255",""
"2025-07-24 17:26:03","0.29681405","12.739293","0.6850441","26.329798","30.569105",""
"2025-07-24 17:26:04","0.29678598","12.739372","0.6849793","26.331438","30.570955",""
"2025-07-24 17:26:05","0.2330168","12.733988","0.5378","27.205786","31.589867",""
"2025-07-24 17:26:06","0.22925875","12.733692","0.5291264","27.260136","31.653175",""
"2025-07-24 17:26:07","0.2472173","12.749979","0.5705759","26.696024","30.986984",""
"2025-07-24 17:26:08","0.24681428","12.750852","0.5696458","26.68195","30.970043",""
"2025-07-24 17:26:09","0.24641126","12.751724","0.5687157","26.667877","30.953102",""
"2025-07-24 17:26:10","0.28815448","12.75911","0.6650594","26.635147","30.910048",""
"2025-07-24 17:26:11","0.29111013","12.759966","0.6718811","26.618986","30.890697",""
"2025-07-24 17:26:12","0.29406574","12.760822","0.6787028","26.602827","30.871347",""
"2025-07-24 17:26:13","0.29405534","12.763759","0.678679","26.634884","30.906546",""
"2025-07-24 17:26:14","0.29517204","12.76701","0.6812566","26.624079","30.89178",""
"2025-07-24 17:26:15","0.29519406","12.7672825","0.68130744","26.623785","30.891254",""
"2025-07-24 17:26:16","0.29473373","12.770496","0.6802452","26.73434","31.01732",""
"2025-07-24 17:26:17","0.29469705","12.770821","0.6801606","26.743736","31.028",""
"2025-07-24 17:26:18","0.29543057","12.774424","0.68185395","26.539165","30.7882",""
"2025-07-24 17:26:19","0.29547727","12.774822","0.6819617","26.525059","30.77156",""
"2025-07-24 17:26:20","0.2951003","12.777387","0.6810919","26.668722","30.936466",""
"2025-07-24 17:26:21","0.29509342","12.777726","0.68107605","26.673916","30.942259",""
"2025-07-24 17:26:22","0.29508653","12.778066","0.6810602","26.679111","30.948053",""
"2025-07-24 17:26:23","0.2956289","12.780021","0.68231213","26.605785","30.861658",""
"2025-07-24 17:26:24","0.2956565","12.780276","0.68237585","26.60541","30.861048",""
"2025-07-24 17:26:25","0.29453826","12.782433","0.6797951","26.6517","30.913263",""
"2025-07-24 17:26:26","0.29448715","12.782649","0.6796772","26.65234","30.913858",""
"2025-07-24 17:26:27","0.29443604","12.782866","0.67955923","26.65298","30.914454",""
"2025-07-24 17:26:28","0.2952806","12.784905","0.6815086","26.63598","30.893341",""
"2025-07-24 17:26:29","0.2953051","12.785094","0.68156517","26.63602","30.893257",""
"2025-07-24 17:26:30","0.2953296","12.785284","0.6816217","26.63606","30.893175",""
"2025-07-24 17:26:31","0.29523838","12.786522","0.68141127","26.630173","30.885498",""
"2025-07-24 17:26:32","0.29525438","12.786651","0.6814483","26.629324","30.884424",""
"2025-07-24 17:26:33","0.29365367","12.788815","0.677754","26.628397","30.88187",""
"2025-07-24 17:26:34","0.29355246","12.788977","0.6775204","26.62823","30.881563",""
"2025-07-24 17:26:35","0.29345125","12.78914","0.6772868","26.628061","30.881256",""
"2025-07-24 17:26:36","0.29533672","12.790579","0.6816387","26.620016","30.870945",""
"2025-07-24 17:26:37","0.29541257","12.79072","0.6818138","26.619503","30.87025",""
"2025-07-24 17:26:38","0.29548845","12.790861","0.6819889","26.618988","30.869558",""
"2025-07-24 17:26:39","0.29591325","12.792418","0.68296945","26.625376","30.8759",""
"2025-07-24 17:26:40","0.29598662","12.792548","0.6831388","26.625547","30.87601",""
"2025-07-24 17:26:41","0.29611045","12.794574","0.6834248","26.628986","30.878613",""
"2025-07-24 17:26:42","0.29612735","12.794737","0.68346375","26.629349","30.878923",""
"2025-07-24 17:26:43","0.29614422","12.794899","0.68350273","26.629713","30.879234",""
"2025-07-24 17:26:44","0.2955312","12.796636","0.6820881","26.635302","30.884525",""
"2025-07-24 17:26:45","0.29549712","12.796792","0.6820094","26.635725","30.88491",""
"2025-07-24 17:26:46","0.29546303","12.7969475","0.6819307","26.636148","30.885296",""
"2025-07-24 17:26:47","0.29635966","12.799149","0.6840003","26.662613","30.914474",""
"2025-07-24 17:26:48","0.2963976","12.799325","0.6840879","26.664331","30.91635",""
"2025-07-24 17:26:49","0.29630804","12.801064","0.6838814","26.63061","30.876059",""
"2025-07-24 17:26:50","0.29632372","12.801223","0.6839176","26.62914","30.874247",""
"2025-07-24 17:26:51","0.2963394","12.801383","0.68395376","26.62767","30.872433",""
"2025-07-24 17:26:52","0.29645082","12.802949","0.684211","26.637482","30.882734",""
"2025-07-24 17:26:53","0.29645503","12.803087","0.6842208","26.637218","30.882336",""
"2025-07-24 17:26:54","0.29645926","12.8032255","0.68423057","26.636955","30.881935",""
"2025-07-24 17:26:55","0.2968114","12.805099","0.68504345","26.65236","30.898518",""
"2025-07-24 17:26:56","0.29683518","12.80525","0.68509835","26.653511","30.899746",""
"2025-07-24 17:26:57","0.2962416","12.8073","0.6837286","26.642273","30.885315",""
"2025-07-24 17:26:58","0.29621246","12.807471","0.6836614","26.641907","30.884773",""
"2025-07-24 17:26:59","0.29618335","12.807643","0.68359417","26.64154","30.884232",""
"2025-07-24 17:27:00","0.2959332","12.8089075","0.6830169","26.653967","30.897772",""
"2025-07-24 17:27:01","0.2959026","12.809036","0.6829464","26.654427","30.898216",""
"2025-07-24 17:27:02","0.29587206","12.809164","0.6828759","26.654886","30.898663",""
"2025-07-24 17:27:03","0.2951102","12.810873","0.6811176","26.639378","30.879515",""
"2025-07-24 17:27:04","0.29505813","12.811009","0.68099743","26.638763","30.878712",""
"2025-07-24 17:27:05","0.29577208","12.81266","0.6826453","26.661436","30.903862",""
"2025-07-24 17:27:06","0.2957983","12.812803","0.68270594","26.66247","30.904963",""
"2025-07-24 17:27:07","0.29582453","12.812946","0.6827665","26.663506","30.906063",""
"2025-07-24 17:27:08","0.29608315","12.814443","0.68336344","26.632917","30.869589",""
"2025-07-24 17:27:09","0.29611713","12.814574","0.6834419","26.631634","30.868011",""
"2025-07-24 17:27:10","0.2961511","12.814707","0.6835203","26.630352","30.866434",""
"2025-07-24 17:27:11","0.29641992","12.816733","0.68414086","26.660116","30.899546",""
"2025-07-24 17:27:12","0.29644257","12.816893","0.68419313","26.661106","30.900583",""
"2025-07-24 17:27:13","0.2965641","12.8181925","0.68447375","26.666317","30.905733",""
"2025-07-24 17:27:14","0.2965781","12.81832","0.6845061","26.667347","30.90684",""
"2025-07-24 17:27:15","0.29696602","12.819586","0.68567413","26.757612","31.01007",""
"2025-07-24 17:27:16","0.2969958","12.8197","0.6857623","26.764109","31.017485",""
"2025-07-24 17:27:17","0.2965089","12.821666","0.68436855","26.53713","30.809698",""
"2025-07-24 17:27:18","0.29647654","12.821858","0.6842776","26.520033","30.79455",""
"2025-07-24 17:27:19","0.2960564","12.822628","0.6833052","26.661871","30.901636",""
"2025-07-24 17:27:20","0.2960029","12.822757","0.68317115","26.665516","30.903006",""
"2025-07-24 17:27:21","0.29594937","12.8228855","0.6830371","26.669163","30.904373",""
"2025-07-24 17:27:22","0.296281","12.823804","0.6838209","26.647818","30.879255",""
"2025-07-24 17:27:23","0.2962825","12.823896","0.6838244","26.651447","30.881315",""
"2025-07-24 17:27:24","0.29628402","12.823989","0.68382794","26.655077","30.883375",""
"2025-07-24 17:27:25","0.29579183","12.825371","0.682692","26.657557","30.889738",""
"2025-07-24 17:27:26","0.29576752","12.825484","0.6826359","26.657686","30.889816",""
"2025-07-24 17:27:27","0.29562274","12.826667","0.6823019","26.649277","30.879316",""
"2025-07-24 17:27:28","0.2956014","12.826774","0.68225265","26.649073","30.879013",""
"2025-07-24 17:27:29","0.2955801","12.82688","0.6822034","26.648869","30.87871",""
"2025-07-24 17:27:30","0.29534546","12.82798","0.681662","26.646526","30.874567",""
"2025-07-24 17:27:31","0.29532772","12.828076","0.6816211","26.646168","30.874046",""
"2025-07-24 17:27:32","0.29531","12.828173","0.6815802","26.64581","30.873526",""
"2025-07-24 17:27:33","0.29581195","12.830285","0.6827389","26.652456","30.880465",""
"2025-07-24 17:27:34","0.2958357","12.83044","0.6827937","26.65279","30.880772",""
"2025-07-24 17:27:35","0.29623345","12.831577","0.68371177","33.28606","38.564167",""
"2025-07-24 17:27:36","0.29626992","12.831697","0.6837959","33.698708","39.04212",""
"2025-07-24 17:27:37","0.29630637","12.831818","0.6838801","34.11135","39.520077",""
"2025-07-24 17:27:38","0.29604152","12.834225","0.68326676","29.03935","33.632175",""
"2025-07-24 17:27:39","0.2960353","12.834399","0.6832523","28.89908","33.46891",""
"2025-07-24 17:27:40","0.29602906","12.834573","0.6832378","28.75881","33.30565",""
"2025-07-24 17:27:41","0.2671567","12.850789","0.6166029","28.762716","33.297142",""
"2025-07-24 17:27:42","0.26545095","12.851806","0.61266613","28.63711","33.150555",""
"2025-07-24 17:27:43","0.23338705","12.8694315","0.53866315","28.664722","33.17173",""
"2025-07-24 17:27:44","0.23072024","12.870905","0.53250825","28.671217","33.178284",""
"2025-07-24 17:27:45","0.22805342","12.872378","0.52635336","28.677711","33.184837",""
"2025-07-24 17:27:46","0.23944965","12.886948","0.5526571","28.678814","33.18259",""
"2025-07-24 17:27:47","0.23935442","12.888279","0.5524374","28.679781","33.183228",""
"2025-07-24 17:27:48","0.23925918","12.889609","0.5522177","28.680748","33.183865",""
"2025-07-24 17:27:49","0.28895485","12.894078","0.6669172","28.679691","33.18153",""
"2025-07-24 17:27:50","0.29219434","12.894731","0.6743941","28.679693","33.18137",""
"2025-07-24 17:27:51","0.2953923","12.896546","0.6817753","28.691595","33.193874",""
"2025-07-24 17:27:52","0.29673988","12.896769","0.68488556","28.692324","33.194607",""
"2025-07-24 17:27:53","0.29808745","12.896991","0.6879958","28.693052","33.195343",""
"2025-07-24 17:27:54","0.29838526","12.898689","0.68868333","28.681929","33.18077",""
"2025-07-24 17:27:55","0.2984638","12.898836","0.68886465","28.681557","33.180202",""
"2025-07-24 17:27:56","0.29854235","12.898983","0.68904597","28.681185","33.179638",""
"2025-07-24 17:27:57","0.29660806","12.901343","0.6845817","28.686895","33.184494",""
"2025-07-24 17:27:58","0.29650864","12.901529","0.6843523","28.686968","33.184425",""
"2025-07-24 17:27:59","0.2975534","12.903888","0.68676376","28.681578","33.176643",""
"2025-07-24 17:28:00","0.2975725","12.90409","0.68680793","28.681389","33.176285",""
"2025-07-24 17:28:01","0.29759163","12.904292","0.68685204","28.6812","33.17593",""
"2025-07-24 17:28:02","0.2967579","12.906403","0.68492794","28.689728","33.184124",""
"2025-07-24 17:28:03","0.29673392","12.9065895","0.6848726","28.69011","33.184425",""
"2025-07-24 17:28:04","0.29670992","12.906776","0.68481725","28.690493","33.184727",""
"2025-07-24 17:28:05","0.29580662","12.909062","0.6827326","28.691616","33.18419",""
"2025-07-24 17:28:06","0.2957315","12.909254","0.68255925","28.691898","33.184364",""
"2025-07-24 17:28:07","0.29617137","12.911749","0.68357474","28.69678","33.188446",""
"2025-07-24 17:28:08","0.29617834","12.911958","0.6835908","28.697104","33.18868",""
"2025-07-24 17:28:09","0.29618528","12.912167","0.6836069","28.697428","33.188915",""
"2025-07-24 17:28:10","0.2970768","12.91429","0.6856647","28.69557","33.18477",""
"2025-07-24 17:28:11","0.29714262","12.914481","0.68581665","28.695578","33.18462",""
"2025-07-24 17:28:12","0.29720846","12.914673","0.68596864","28.695587","33.18447",""
"2025-07-24 17:28:13","0.29810995","12.917405","0.6880495","28.709763","33.1993",""
"2025-07-24 17:28:14","0.29818642","12.9176235","0.68822604","28.710564","33.200085",""
"2025-07-24 17:28:15","0.29772818","12.919768","0.6851867","28.794834","33.29641",""
"2025-07-24 17:28:16","0.29660353","12.922555","0.6843422","28.831354","33.336887",""
"2025-07-24 17:28:17","0.29649013","12.922829","0.6842077","28.835941","33.342022",""
"2025-07-24 17:28:18","0.29637673","12.923102","0.6840732","28.840527","33.347153",""
"2025-07-24 17:28:19","0.29663706","12.925321","0.684651","28.775","33.27069",""
"2025-07-24 17:28:20","0.29661632","12.925593","0.68468034","28.77053","33.265408",""
"2025-07-24 17:28:21","0.29659557","12.925866","0.6847096","28.766062","33.260124",""
"2025-07-24 17:28:22","0.2969175","12.927617","0.68529826","28.682354","33.161964",""
"2025-07-24 17:28:23","0.29694244","12.92782","0.68535584","28.6748","33.153114",""
"2025-07-24 17:28:24","0.29607695","12.9299135","0.6833584","28.723013","33.20728",""
"2025-07-24 17:28:25","0.2960299","12.9300995","0.6832498","28.723782","33.20803",""
"2025-07-24 17:28:26","0.29598284","12.930286","0.6831412","28.724548","33.208782",""
"2025-07-24 17:28:27","0.29633644","12.933085","0.6839575","28.705914","33.18519",""
"2025-07-24 17:28:28","0.2963364","12.9333105","0.6839575","28.705954","33.18507",""
"2025-07-24 17:28:29","0.2963364","12.933536","0.6839575","28.705992","33.184948",""
"2025-07-24 17:28:30","0.29648724","12.936061","0.6843059","28.689997","33.164608",""
"2025-07-24 17:28:31","0.296505","12.936284","0.68434685","28.688568","33.162792",""
"2025-07-24 17:28:32","0.2965105","12.939017","0.6843598","28.71379","33.189945",""
"2025-07-24 17:28:33","0.2965139","12.939246","0.6843676","28.715012","33.19119",""
"2025-07-24 17:28:34","0.29651725","12.939475","0.6843754","28.716234","33.192436",""
"2025-07-24 17:28:35","0.29651642","12.941535","0.6843737","28.687765","33.15802",""
"2025-07-24 17:28:36","0.29651642","12.941729","0.68437374","28.686665","33.156605",""
"2025-07-24 17:28:37","0.29651642","12.941921","0.68437374","28.685562","33.15519",""
"2025-07-24 17:28:38","0.29549587","12.944574","0.68201846","28.703465","33.17394",""
"2025-07-24 17:28:39","0.29543483","12.944787","0.6818776","28.703815","33.174187",""
"2025-07-24 17:28:40","0.29588175","12.946627","0.68290925","28.692837","33.160152",""
"2025-07-24 17:28:41","0.2958857","12.946804","0.6829185","28.692593","33.15974",""
"2025-07-24 17:28:42","0.2958897","12.94698","0.68292767","28.692348","33.15933",""
"2025-07-24 17:28:43","0.29579237","12.949","0.68270314","28.728931","33.200127",""
"2025-07-24 17:28:44","0.29579818","12.949168","0.6827166","28.73088","33.20226",""
"2025-07-24 17:28:45","0.29580402","12.949336","0.6827301","28.73283","33.204388",""
"2025-07-24 17:28:46","0.2946702","12.950907","0.6801134","28.689617","33.1533",""
"2025-07-24 17:28:47","0.2946003","12.951052","0.679952","28.687977","33.1513",""
"2025-07-24 17:28:48","0.2945304","12.951198","0.67979074","28.686337","33.1493",""
"2025-07-24 17:28:49","0.2955562","12.953863","0.6821584","28.724562","33.191517",""
"2025-07-24 17:28:50","0.2955876","12.954061","0.68223095","28.725739","33.192734",""
"2025-07-24 17:28:51","0.29562196","12.955604","0.6823104","28.69935","33.16111",""
"2025-07-24 17:28:52","0.2956477","12.955762","0.6823699","28.698622","33.160152",""
"2025-07-24 17:28:53","0.29567346","12.95592","0.6824293","28.697893","33.159195",""
"2025-07-24 17:28:54","0.2951368","12.957699","0.6811909","28.709183","33.170937",""
"2025-07-24 17:28:55","0.29510537","12.957846","0.6811183","28.709175","33.170822",""
"2025-07-24 17:28:56","0.29507393","12.957992","0.6810458","28.70917","33.170708",""
"2025-07-24 17:28:57","0.2957229","12.95988","0.6825438","28.728397","33.19154",""
"2025-07-24 17:28:58","0.29574773","12.960039","0.6826011","28.729797","33.19304",""
"2025-07-24 17:28:59","0.2958833","12.961686","0.682914","28.720835","33.18148",""
"2025-07-24 17:29:00","0.2959068","12.961833","0.6829683","28.720728","33.18125",""
"2025-07-24 17:29:01","0.29593033","12.96198","0.68302256","28.72062","33.18102",""
"2025-07-24 17:29:02","0.24770698","12.970213","0.571721","29.687925","34.29229",""
"2025-07-24 17:29:03","0.24481547","12.97075","0.56504726","29.745773","34.358715",""
"2025-07-24 17:29:04","0.24192396","12.971286","0.5583735","29.80362","34.425137",""
"2025-07-24 17:29:05","0.2407284","12.995114","0.5556153","31.691261","36.58609",""
"2025-07-24 17:29:06","0.2394279","12.99672","0.55261374","31.82637","36.740856",""
"2025-07-24 17:29:07","0.2871007","13.005243","0.6626465","30.80484","35.55498",""
"2025-07-24 17:29:08","0.2900151","13.006326","0.6693732","30.785545","35.531876",""
"2025-07-24 17:29:09","0.29292953","13.007407","0.67609996","30.766253","35.50877",""
"2025-07-24 17:29:10","0.29182512","13.009417","0.6735511","30.755913","35.49525",""
"2025-07-24 17:29:11","0.29297984","13.009755","0.6762163","30.728975","35.46389",""
"2025-07-24 17:29:12","0.29413456","13.010094","0.6788815","30.702036","35.43253",""
"2025-07-24 17:29:13","0.295427","13.012216","0.6818646","30.709211","35.43916",""
"2025-07-24 17:29:14","0.29495797","13.014147","0.6807823","30.591774","35.30213",""
"2025-07-24 17:29:15","0.29498017","13.014318","0.68083364","30.583603","35.29257",""
"2025-07-24 17:29:16","0.29590628","13.016612","0.6829713","30.53037","35.22936",""
"2025-07-24 17:29:17","0.29596937","13.016839","0.683117","30.523592","35.221363",""
"2025-07-24 17:29:18","0.29547766","13.019644","0.6819823","30.574265","35.27765",""
"2025-07-24 17:29:19","0.2954674","13.019953","0.6819587","30.577713","35.281387",""
"2025-07-24 17:29:20","0.2956804","13.022177","0.6824505","30.716957","35.440315",""
"2025-07-24 17:29:21","0.29568186","13.022462","0.6824539","30.73087","35.456142",""
"2025-07-24 17:29:22","0.29568335","13.022747","0.68245727","30.744781","35.471973",""
"2025-07-24 17:29:23","0.2954594","13.024531","0.6819405","30.699703","35.41857",""
"2025-07-24 17:29:24","0.29545152","13.02475","0.6819223","30.70223","35.421318",""
"2025-07-24 17:29:25","0.2946763","13.027007","0.6801333","30.719845","35.439877",""
"2025-07-24 17:29:26","0.2946177","13.027224","0.6799981","30.720385","35.44033",""
"2025-07-24 17:29:27","0.29455915","13.02744","0.6798629","30.720922","35.44078",""
"2025-07-24 17:29:28","0.29493165","13.029376","0.68072283","30.709698","35.426323",""
"2025-07-24 17:29:29","0.2949316","13.029565","0.6807228","30.709646","35.426117",""
"2025-07-24 17:29:30","0.29493153","13.029754","0.68072265","30.709595","35.425907",""
"2025-07-24 17:29:31","0.29459134","13.032142","0.67993766","30.682428","35.392704",""
"2025-07-24 17:29:32","0.294579","13.032338","0.67990917","30.680557","35.390392",""
"2025-07-24 17:29:33","0.29580674","13.034104","0.6827431","30.69363","35.404095",""
"2025-07-24 17:29:34","0.29587498","13.034271","0.68290055","30.693842","35.40421",""
"2025-07-24 17:29:35","0.2959432","13.034438","0.6830581","30.694054","35.404324",""
"2025-07-24 17:29:36","0.295069","13.037161","0.68104064","30.685614","35.392464",""
"2025-07-24 17:29:37","0.29504764","13.037371","0.6809913","30.68545","35.392113",""
"2025-07-24 17:29:38","0.29502624","13.03758","0.68094194","30.685284","35.391758",""
"2025-07-24 17:29:39","0.2944966","13.040023","0.6797197","30.712877","35.421677",""
"2025-07-24 17:29:40","0.29444367","13.040238","0.67959756","30.714308","35.42316",""
"2025-07-24 17:29:41","0.29467088","13.042554","0.68012214","30.71581","35.423088",""
"2025-07-24 17:29:42","0.29467288","13.042752","0.6801268","30.716564","35.4238",""
"2025-07-24 17:29:43","0.2946749","13.04295","0.6801315","30.717316","35.424515",""
"2025-07-24 17:29:44","0.29504558","13.045022","0.6809872","30.695642","35.397903",""
"2025-07-24 17:29:45","0.29507396","13.045204","0.6810527","30.694338","35.396255",""
"2025-07-24 17:29:46","0.29510233","13.045386","0.68111813","30.693033","35.394608",""
"2025-07-24 17:29:47","0.29168937","13.0478","0.673241","30.687683","35.38656",""
"2025-07-24 17:29:48","0.29149637","13.0479965","0.6727956","30.686811","35.385403",""
"2025-07-24 17:29:49","0.23209177","13.066335","0.53568655","30.742321","35.435093",""
"2025-07-24 17:29:50","0.22836454","13.067516","0.5270839","30.745613","35.437965",""
"2025-07-24 17:29:51","0.22463731","13.068699","0.51848125","30.748903","35.440838",""
"2025-07-24 17:29:52","0.2886301","13.075232","0.66618234","30.748775","35.435596",""
"2025-07-24 17:29:53","0.2912812","13.076086","0.67230135","30.750101","35.43646",""
"2025-07-24 17:29:54","0.2939323","13.07694","0.67842036","30.751429","35.437325",""
"2025-07-24 17:29:55","0.29515526","13.08059","0.6812434","30.7476","35.43006",""
"2025-07-24 17:29:56","0.29699022","13.080985","0.68547875","30.74736","35.429478",""
"2025-07-24 17:29:57","0.2960791","13.082896","0.68337595","30.743273","35.42328",""
"2025-07-24 17:29:58","0.29606187","13.08311","0.68333614","30.742947","35.422737",""
"2025-07-24 17:29:59","0.29604462","13.083323","0.6832964","30.742622","35.422195",""
"2025-07-24 17:30:00","0.2955352","13.08608","0.6821209","30.774979","35.45733",""
"2025-07-24 17:30:01","0.29549286","13.086291","0.6820231","30.776798","35.45926",""
"2025-07-24 17:30:02","0.29545048","13.086503","0.68192536","30.77862","35.461193",""
"2025-07-24 17:30:03","0.2977025","13.088324","0.68712336","30.743872","35.41974",""
"2025-07-24 17:30:04","0.29782403","13.0885","0.6874039","30.742586","35.41812",""
"2025-07-24 17:30:05","0.29736298","13.0914955","0.68634003","30.772964","35.450783",""
"2025-07-24 17:30:06","0.2973847","13.091728","0.6863902","30.774101","35.451912",""
"2025-07-24 17:30:07","0.29740644","13.091961","0.68644035","30.775238","35.45304",""
"2025-07-24 17:30:08","0.2951991","13.094381","0.6813458","30.79133","35.46969",""
"2025-07-24 17:30:09","0.29505095","13.094606","0.68100387","30.793144","35.471603",""
"2025-07-24 17:30:10","0.29490277","13.094832","0.6806619","30.794956","35.473515",""
"2025-07-24 17:30:11","0.2957837","13.097376","0.6826953","30.954824","35.65567",""
"2025-07-24 17:30:12","0.2957795","13.097591","0.6826856","30.96472","35.666897",""
"2025-07-24 17:30:13","0.2209851","13.108371","0.5100538","32.099804","36.965527",""
"2025-07-24 17:30:14","0.2163166","13.109105","0.49927852","32.174652","37.05114",""
"2025-07-24 17:30:15","0.24594437","13.115983","0.48793995","32.456085","37.36641",""
"2025-07-24 17:30:16","0.24638008","13.116703","0.48329967","32.500866","37.41717",""
"2025-07-24 17:30:17","0.29163465","13.124659","0.6666733","32.589363","37.483437",""
"2025-07-24 17:30:18","0.29649577","13.125461","0.6827077","32.599266","37.49162",""
"2025-07-24 17:30:19","0.29551533","13.126468","0.6811752","32.703335","37.64164",""
"2025-07-24 17:30:20","0.29697233","13.126801","0.6876385","32.71344","37.6546",""
"2025-07-24 17:30:21","0.29842934","13.127133","0.69410187","32.723545","37.667557",""
"2025-07-24 17:30:22","0.297028","13.127869","0.68556947","32.651867","37.58363",""
"2025-07-24 17:30:23","0.29702792","13.127974","0.6855693","32.651745","37.584515",""
"2025-07-24 17:30:24","0.29702786","13.128078","0.6855691","32.651623","37.5854",""
"2025-07-24 17:30:25","0.29719704","13.129837","0.68595976","32.674763","37.608772",""
"2025-07-24 17:30:26","0.2972295","13.129977","0.68603474","32.675014","37.608967",""
"2025-07-24 17:30:27","0.29636392","13.131174","0.6840369","32.65768","37.58724",""
"2025-07-24 17:30:28","0.29631004","13.13129","0.6839126","32.65734","37.58671",""
"2025-07-24 17:30:29","0.29625618","13.131407","0.6837883","32.657","37.58619",""
"2025-07-24 17:30:30","0.29723328","13.133566","0.6860437","32.6775","37.608223",""
"2025-07-24 17:30:31","0.29727048","13.133726","0.6861295","32.678295","37.608994",""
"2025-07-24 17:30:32","0.29730767","13.133886","0.68621534","32.679085","37.609768",""
"2025-07-24 17:30:33","0.29772985","13.1357975","0.68718994","32.679546","37.609264",""
"2025-07-24 17:30:34","0.2977793","13.135967","0.6873041","32.680084","37.60978",""
"2025-07-24 17:30:35","0.29668474","13.137238","0.6847779","32.68362","37.61206",""
"2025-07-24 17:30:36","0.29662582","13.137362","0.68464196","32.683834","37.612167",""
"2025-07-24 17:30:37","0.29656693","13.137485","0.684506","32.684044","37.612278",""
"2025-07-24 17:30:38","0.29739824","13.139649","0.68642503","32.664215","37.587784",""
"2025-07-24 17:30:39","0.29742074","13.1398115","0.68647695","32.663105","37.586357",""
"2025-07-24 17:30:40","0.29744324","13.139974","0.6865289","32.66199","37.584934",""
"2025-07-24 17:30:41","0.29583344","13.142033","0.68281347","32.68478","37.60913",""
"2025-07-24 17:30:42","0.29575682","13.142211","0.6826367","32.68566","37.609978",""
"2025-07-24 17:30:43","0.29643112","13.14463","0.68419325","32.683086","37.605953",""
"2025-07-24 17:30:44","0.29643387","13.14483","0.68419963","32.68348","37.606297",""
"2025-07-24 17:30:45","0.29643664","13.145028","0.68420595","32.683872","37.606636",""
"2025-07-24 17:30:46","0.29560712","13.14629","0.68229145","32.665005","37.583572",""
"2025-07-24 17:30:47","0.29557395","13.146427","0.682215","32.66378","37.582058",""
"2025-07-24 17:30:48","0.29554078","13.1465645","0.68213844","32.66256","37.580544",""
"2025-07-24 17:30:49","0.29601428","13.148202","0.6832314","32.69647","37.618202",""
"2025-07-24 17:30:50","0.29602143","13.148334","0.6832479","32.69802","37.619873",""
"2025-07-24 17:30:51","0.29603755","13.149969","0.68328524","32.691326","37.610622",""
"2025-07-24 17:30:52","0.29605025","13.150109","0.6833146","32.691708","37.610935",""
"2025-07-24 17:30:53","0.29606298","13.1502495","0.68334395","32.692093","37.61125",""
"2025-07-24 17:30:54","0.295694","13.152121","0.68249255","32.667187","37.581364",""
"2025-07-24 17:30:55","0.2956717","13.152275","0.6824411","32.665485","37.579292",""
"2025-07-24 17:30:56","0.29564938","13.15243","0.6823896","32.663784","37.57722",""
"2025-07-24 17:30:57","0.29527763","13.1538725","0.6815316","32.671494","37.584534",""
"2025-07-24 17:30:58","0.29524705","13.154003","0.68146104","32.671295","37.584187",""
"2025-07-24 17:30:59","0.29571676","13.156001","0.6825454","32.66828","37.57941",""
"2025-07-24 17:31:00","0.29574051","13.156161","0.6826002","32.668255","37.579258",""
"2025-07-24 17:31:01","0.29576424","13.1563225","0.682655","32.668224","37.579105",""
"2025-07-24 17:31:02","0.2963809","13.157828","0.68407845","32.67371","37.583866",""
"2025-07-24 17:31:03","0.2964326","13.157972","0.6841978","32.673954","37.584023",""
"2025-07-24 17:31:04","0.29648432","13.158117","0.6843172","32.6742","37.584175",""
"2025-07-24 17:31:05","0.29622295","13.1599655","0.6837141","32.668793","37.576553",""
"2025-07-24 17:31:06","0.29622382","13.160116","0.68371606","32.668606","37.576214",""
"2025-07-24 17:31:07","0.29621533","13.161828","0.6836966","32.693134","37.602695",""
"2025-07-24 17:31:08","0.29620877","13.161978","0.6836815","32.69452","37.604153",""
"2025-07-24 17:31:09","0.2962022","13.1621275","0.6836664","32.695908","37.605606",""
"2025-07-24 17:31:10","0.29507625","13.1642475","0.68106776","32.66789","37.572197",""
"2025-07-24 17:31:11","0.29500675","13.16442","0.68090737","32.66677","37.570793",""
"2025-07-24 17:31:12","0.29493725","13.164592","0.680747","32.66565","37.569393",""
"2025-07-24 17:31:13","0.29771674","13.16596","0.68716246","32.670254","37.57305",""
"2025-07-24 17:31:14","0.29784685","13.166094","0.6874628","32.66979","37.57239",""
"2025-07-24 17:31:15","0.29611108","13.169623","0.6857191","32.79627","37.716545",""
"2025-07-24 17:31:16","0.29605424","13.169885","0.6857374","32.804745","37.726177",""
"2025-07-24 17:31:17","0.2957275","13.170981","0.6827063","32.810936","37.731743",""
"2025-07-24 17:31:18","0.29565188","13.171146","0.6823926","32.814255","37.73541",""
"2025-07-24 17:31:19","0.29589695","13.172816","0.6829731","32.53171","37.409874",""
"2025-07-24 17:31:20","0.29590845","13.1729765","0.6829125","32.508953","37.3836",""
"2025-07-24 17:31:21","0.29591995","13.173136","0.682852","32.48619","37.357327",""
"2025-07-24 17:31:22","0.2980611","13.1745","0.687958","32.71439","37.618614",""
"2025-07-24 17:31:23","0.2981944","13.174646","0.68826574","32.716793","37.62128",""
"2025-07-24 17:31:24","0.2983277","13.174791","0.6885734","32.719193","37.623947",""
"2025-07-24 17:31:25","0.29612103","13.176801","0.6834803","32.67096","37.56678",""
"2025-07-24 17:31:26","0.2960367","13.176966","0.68328565","32.671722","37.56752",""
"2025-07-24 17:31:27","0.2957672","13.178818","0.6826638","32.70205","37.60086",""
"2025-07-24 17:31:28","0.29569384","13.178981","0.68249446","32.701992","37.600662",""
"2025-07-24 17:31:29","0.29562047","13.179144","0.6823252","32.701935","37.600464",""
"2025-07-24 17:31:30","0.29554713","13.179306","0.68215585","32.701878","37.600266",""
"2025-07-24 17:31:31","0.29713997","13.181079","0.68583256","32.672787","37.565353",""
"2025-07-24 17:31:32","0.29721868","13.181231","0.68601424","32.671776","37.564064",""
"2025-07-24 17:31:33","0.2972974","13.181382","0.6861959","32.670765","37.562775",""
"2025-07-24 17:31:34","0.2961838","13.184738","0.68391913","32.698444","37.59183",""
"2025-07-24 17:31:35","0.29616386","13.184963","0.6838884","32.699127","37.592426",""
"2025-07-24 17:31:36","0.29647258","13.186357","0.68433875","32.691723","37.582764",""
"2025-07-24 17:31:37","0.29646695","13.1865015","0.6843182","32.6919","37.582848",""
"2025-07-24 17:31:38","0.2964613","13.186647","0.68429756","32.692078","37.58293",""
"2025-07-24 17:31:39","0.29779172","13.188258","0.68735176","32.68258","37.570683",""
"2025-07-24 17:31:40","0.29788247","13.188381","0.68755525","32.681812","37.5697",""
"2025-07-24 17:31:41","0.29797325","13.188504","0.6877587","32.681046","37.568718",""
"2025-07-24 17:31:42","0.2978052","13.189913","0.68736875","32.686893","37.574284",""
"2025-07-24 17:31:43","0.297831","13.190034","0.68742824","32.68699","37.57429",""
"2025-07-24 17:31:44","0.2964384","13.191161","0.6842141","32.705017","37.59408",""
"2025-07-24 17:31:45","0.29634488","13.191266","0.6839983","32.70631","37.59548",""
"2025-07-24 17:31:46","0.2962514","13.19137","0.6837825","32.707603","37.596886",""
"2025-07-24 17:31:47","0.24290086","13.196467","0.56064284","35.868504","41.225624",""
"2025-07-24 17:31:48","0.23949057","13.196819","0.55277145","36.06883","41.45557",""
"2025-07-24 17:31:49","0.23903129","13.222731","0.55171347","34.82312","40.001167",""
"2025-07-24 17:31:50","0.23763068","13.224477","0.54848087","34.82676","40.00383",""
"2025-07-24 17:31:51","0.23623008","13.226224","0.54524827","34.830402","40.006493",""
"2025-07-24 17:31:52","0.2847131","13.238329","0.65715414","34.751526","39.90525",""
"2025-07-24 17:31:53","0.28764474","13.239721","0.66392094","34.716484","39.863758",""
"2025-07-24 17:31:54","0.29057643","13.241114","0.67068774","34.681442","39.822266",""
"2025-07-24 17:31:55","0.29280895","13.242297","0.67584074","34.693256","39.83482",""
"2025-07-24 17:31:56","0.2941516","13.242682","0.6789398","34.692802","39.83396",""
"2025-07-24 17:31:57","0.29549426","13.243069","0.68203884","34.69235","39.833103",""
"2025-07-24 17:31:58","0.29437077","13.244543","0.67944586","34.68281","39.820866",""
"2025-07-24 17:31:59","0.29441124","13.244681","0.67953926","34.682045","39.819866",""
"2025-07-24 17:32:00","0.2948649","13.246153","0.68058646","34.70093","39.840267",""
"2025-07-24 17:32:01","0.2948922","13.246282","0.68064946","34.701824","39.84118",""
"2025-07-24 17:32:02","0.29491946","13.24641","0.68071246","34.702713","39.842087",""
"2025-07-24 17:32:03","0.29493585","13.249052","0.68075055","34.694942","39.830856",""
"2025-07-24 17:32:04","0.29494753","13.249251","0.68077755","34.694893","39.830627",""
"2025-07-24 17:32:05","0.29495925","13.24945","0.68080455","34.694843","39.8304",""
"2025-07-24 17:32:06","0.2953468","13.250594","0.68169916","34.695507","39.83016",""
"2025-07-24 17:32:07","0.29537004","13.250733","0.6817528","34.69533","39.829834",""
"2025-07-24 17:32:08","0.29426137","13.253036","0.67919403","34.709908","39.84456",""
"2025-07-24 17:32:09","0.2942026","13.253206","0.67905843","34.71082","39.845455",""
"2025-07-24 17:32:10","0.29414386","13.253377","0.67892283","34.71173","39.84635",""
"2025-07-24 17:32:11","0.29487357","13.2561865","0.6806074","34.716194","39.849022",""
"2025-07-24 17:32:12","0.29488903","13.256413","0.68064314","34.71683","39.849552",""
"2025-07-24 17:32:13","0.29458052","13.258401","0.67993116","34.71594","39.846794",""
"2025-07-24 17:32:14","0.29457915","13.258587","0.679928","34.715977","39.846672",""
"2025-07-24 17:32:15","0.29430205","13.260128","0.67990446","34.87202","40.023617",""
"2025-07-24 17:32:16","0.29427254","13.260279","0.679884","34.884075","40.03726",""
"2025-07-24 17:32:17","0.29600808","13.262411","0.68328106","34.5428","39.728554",""
"2025-07-24 17:32:18","0.29614925","13.262626","0.6835726","34.518173","39.707314",""
"2025-07-24 17:32:19","0.2957136","13.263465","0.6825546","34.698647","39.82896",""
"2025-07-24 17:32:20","0.29573908","13.263605","0.68258995","34.70143","39.827957",""
"2025-07-24 17:32:21","0.29576457","13.263745","0.6826253","34.704212","39.82695",""
"2025-07-24 17:32:22","0.29480827","13.265106","0.6804575","34.721836","39.84594",""
"2025-07-24 17:32:23","0.29473814","13.265229","0.6802956","34.728996","39.850952",""
"2025-07-24 17:32:24","0.29466802","13.265351","0.68013376","34.73616","39.85597",""
"2025-07-24 17:32:25","0.29343715","13.267277","0.6772929","34.69341","39.810978",""
"2025-07-24 17:32:26","0.2933394","13.267434","0.6770672","34.691837","39.809013",""
"2025-07-24 17:32:27","0.2941375","13.269685","0.67890966","34.72525","39.841488",""
"2025-07-24 17:32:28","0.29415798","13.26987","0.6789569","34.72663","39.842663",""
"2025-07-24 17:32:29","0.29417846","13.270056","0.67900425","34.728012","39.843838",""
"2025-07-24 17:32:30","0.23042","13.276864","0.5318414","34.773914","39.88179",""
"2025-07-24 17:32:31","0.2265522","13.277335","0.52291405","34.777565","39.884937",""
"2025-07-24 17:32:32","0.22268441","13.277806","0.5139867","34.78122","39.888084",""
"2025-07-24 17:32:33","0.23007657","13.294877","0.53104997","34.78117","39.879093",""
"2025-07-24 17:32:34","0.22890365","13.296072","0.5283428","34.782333","39.87952",""
"2025-07-24 17:32:35","0.22773072","13.297267","0.5256356","34.7835","39.879948",""
"2025-07-24 17:32:36","0.20999566","13.307438","0.48470113","34.767063","39.855236",""
"2025-07-24 17:32:37","0.20907676","13.308478","0.48258024","34.76616","39.853607",""
"2025-07-24 17:32:38","0.276937","13.315281","0.63921225","34.755356","39.841347",""
"2025-07-24 17:32:39","0.2804757","13.315935","0.64738023","34.754353","39.840054",""
"2025-07-24 17:32:40","0.28401443","13.316588","0.65554816","34.753345","39.838757",""
"2025-07-24 17:32:41","0.2929862","13.316456","0.6762564","34.758736","39.844",""
"2025-07-24 17:32:42","0.29511315","13.316612","0.68116564","34.758804","39.844025",""
"2025-07-24 17:32:43","0.29724005","13.316768","0.6860749","34.758877","39.84405",""
"2025-07-24 17:32:44","0.29730523","13.317854","0.6862254","34.748417","39.83087",""
"2025-07-24 17:32:45","0.29753137","13.317918","0.68674743","34.747932","39.83022",""
"2025-07-24 17:32:46","0.29667535","13.319246","0.6847718","34.7725","39.857094",""
"2025-07-24 17:32:47","0.29664525","13.319355","0.68470234","34.773754","39.85842",""
"2025-07-24 17:32:48","0.29661518","13.319465","0.6846329","34.775005","39.859753",""
"2025-07-24 17:32:49","0.2971006","13.320929","0.6857535","34.780285","39.86465",""
"2025-07-24 17:32:50","0.29710817","13.321049","0.685771","34.78121","39.865612",""
"2025-07-24 17:32:51","0.29711574","13.321169","0.68578845","34.782143","39.866577",""
"2025-07-24 17:32:52","0.2985995","13.322531","0.6892132","34.780174","39.86218",""
"2025-07-24 17:32:53","0.29870084","13.32265","0.68944716","34.780193","39.86204",""
"2025-07-24 17:32:54","0.29854012","13.325038","0.6890764","34.77779","39.85811",""
"2025-07-24 17:32:55","0.29856542","13.325218","0.68913484","34.7776","39.85777",""
"2025-07-24 17:32:56","0.29859075","13.325398","0.6891933","34.77741","39.857426",""
"2025-07-24 17:32:57","0.2978396","13.326732","0.6874597","34.78173","39.86042",""
"2025-07-24 17:32:58","0.2977903","13.326873","0.6873459","34.78193","39.860504",""
"2025-07-24 17:32:59","0.297741","13.327013","0.68723214","34.782127","39.860584",""
"2025-07-24 17:33:00","0.2993251","13.32929","0.6908887","34.774452","39.850266",""
"2025-07-24 17:33:01","0.29940185","13.329462","0.69106585","34.774097","39.849716",""
"2025-07-24 17:33:02","0.29858044","13.331193","0.68917006","34.782276","39.857594",""
"2025-07-24 17:33:03","0.29856756","13.331355","0.6891404","34.7826","39.85783",""
"2025-07-24 17:33:04","0.2985547","13.331517","0.68911064","34.78292","39.85807",""
"2025-07-24 17:33:05","0.29989466","13.333215","0.69220364","34.77219","39.843964",""
"2025-07-24 17:33:06","0.2999538","13.33336","0.6923402","34.771755","39.84332",""
"2025-07-24 17:33:07","0.30001295","13.333505","0.6924767","34.77132","39.842674",""
"2025-07-24 17:33:08","0.2982588","13.335551","0.6884281","34.78359","39.85513",""
"2025-07-24 17:33:09","0.2981926","13.3357115","0.6882753","34.78402","39.855484",""
"2025-07-24 17:33:10","0.29935682","13.337627","0.6909627","34.78829","39.859173",""
"2025-07-24 17:33:11","0.29939175","13.337789","0.69104326","34.788822","39.859676",""
"2025-07-24 17:33:12","0.29942665","13.337951","0.6911239","34.789356","39.860184",""
"2025-07-24 17:33:13","0.29921445","13.339387","0.6906342","34.793705","39.863934",""
"2025-07-24 17:33:14","0.2992311","13.339525","0.69067264","34.79408","39.86425",""
"2025-07-24 17:33:15","0.298711","13.340953","0.68979985","34.633835","39.679775",""
"2025-07-24 17:33:16","0.29866531","13.341091","0.6897184","34.622185","39.666332",""
"2025-07-24 17:33:17","0.29967567","13.344115","0.69173455","34.57433","39.609707",""
"2025-07-24 17:33:18","0.29973418","13.3443775","0.69185615","34.566006","39.600014",""
"2025-07-24 17:33:19","0.30127344","13.344742","0.69539326","34.961254","40.052532",""
"2025-07-24 17:33:20","0.30142862","13.344857","0.69574136","34.992447","40.088196",""
"2025-07-24 17:33:21","0.30158383","13.344973","0.69608945","35.02364","40.123856",""
"2025-07-24 17:33:22","0.30129415","13.346114","0.69543535","34.31635","39.312553",""
"2025-07-24 17:33:23","0.30133802","13.346206","0.69553655","34.286957","39.2788",""
"2025-07-24 17:33:24","0.30138186","13.346296","0.69563776","34.25756","39.245045",""
"2025-07-24 17:33:25","0.23661818","13.367082","0.54615366","36.539204","41.839714",""
"2025-07-24 17:33:26","0.23286474","13.368326","0.5374901","36.653957","41.970028",""
"2025-07-24 17:33:27","0.22911128","13.369571","0.52882665","36.76871","42.100346",""
"2025-07-24 17:33:28","0.2925464","13.380079","0.6752463","36.75873","42.07758",""
"2025-07-24 17:33:29","0.29416722","13.381178","0.67898756","36.816628","42.142803",""
"2025-07-24 17:33:30","0.2956647","13.383119","0.6824441","36.785587","42.10586",""
"2025-07-24 17:33:31","0.29696056","13.383463","0.6854352","36.78537","42.10528",""
"2025-07-24 17:33:32","0.29825643","13.383807","0.6884263","36.78515","42.104702",""
"2025-07-24 17:33:33","0.29800665","13.385298","0.68784994","36.79246","42.111427",""
"2025-07-24 17:33:34","0.2979331","13.385428","0.6876802","36.79275","42.111633",""
"2025-07-24 17:33:35","0.29868543","13.386958","0.68941677","36.75331","42.065155",""
"2025-07-24 17:33:36","0.2987173","13.387091","0.6894904","36.751102","42.062496",""
"2025-07-24 17:33:37","0.29874918","13.387223","0.689564","36.74889","42.05984",""
"2025-07-24 17:33:38","0.298914","13.388682","0.6899445","36.752964","42.063385",""
"2025-07-24 17:33:39","0.29894242","13.388812","0.69001013","36.752216","42.062424",""
"2025-07-24 17:33:40","0.29897085","13.388942","0.6900758","36.75147","42.061462",""
"2025-07-24 17:33:41","0.2981762","13.3901825","0.6882417","36.782574","42.094624",""
"2025-07-24 17:33:42","0.29813415","13.390295","0.6881446","36.78447","42.09662",""
"2025-07-24 17:33:43","0.29885834","13.392912","0.6898165","36.78113","42.091324",""
"2025-07-24 17:33:44","0.2988849","13.393103","0.6898778","36.781628","42.091743",""
"2025-07-24 17:33:45","0.29891145","13.393293","0.6899391","36.78212","42.092163",""
"2025-07-24 17:33:46","0.29790062","13.394879","0.68760604","36.786324","42.09404",""
"2025-07-24 17:33:47","0.29785815","13.3950405","0.68750805","36.786488","42.094013",""
"2025-07-24 17:33:48","0.29781568","13.395203","0.68741","36.78665","42.093987",""
"2025-07-24 17:33:49","0.29900524","13.398414","0.690156","36.782856","42.087833",""
"2025-07-24 17:33:50","0.29905024","13.398646","0.6902599","36.782745","42.08752",""
"2025-07-24 17:33:51","0.29880384","13.400586","0.68969136","36.78425","42.087",""
"2025-07-24 17:33:52","0.29881793","13.40078","0.6897239","36.784245","42.086823",""
"2025-07-24 17:33:53","0.29883206","13.400972","0.6897565","36.784245","42.086643",""
"2025-07-24 17:33:54","0.29700953","13.403538","0.68555003","36.78346","42.083576",""
"2025-07-24 17:33:55","0.29688847","13.403744","0.68527067","36.783443","42.083374",""
"2025-07-24 17:33:56","0.29676744","13.40395","0.68499124","36.78343","42.083168",""
"2025-07-24 17:33:57","0.29873765","13.406209","0.689539","36.78907","42.088215",""
"2025-07-24 17:33:58","0.2988045","13.406413","0.68969333","36.78938","42.08843",""
"2025-07-24 17:33:59","0.2978686","13.407963","0.6875334","36.757614","42.050316",""
"2025-07-24 17:34:00","0.29785594","13.4081135","0.6875041","36.75579","42.048084",""
"2025-07-24 17:34:01","0.29784325","13.408265","0.68747485","36.753967","42.045853",""
"2025-07-24 17:34:02","0.29842705","13.410216","0.68882245","36.753906","42.04384",""
"2025-07-24 17:34:03","0.29843804","13.410374","0.6888479","36.753098","42.04275",""
"2025-07-24 17:34:04","0.29844907","13.410531","0.68887335","36.752293","42.041668",""
"2025-07-24 17:34:05","0.3012263","13.41265","0.6952839","36.755882","42.04441",""
"2025-07-24 17:34:06","0.3014053","13.412827","0.6956972","36.75607","42.0445",""
"2025-07-24 17:34:07","0.2986177","13.414326","0.6892629","36.790844","42.08236",""
"2025-07-24 17:34:08","0.298512","13.414469","0.689019","36.79304","42.08472",""
"2025-07-24 17:34:09","0.29840636","13.414611","0.6887752","36.795242","42.087086",""
"2025-07-24 17:34:10","0.29937568","13.41672","0.6910126","36.75424","42.038593",""
"2025-07-24 17:34:11","0.29936534","13.416886","0.69098884","36.7526","42.036575",""
"2025-07-24 17:34:12","0.29935503","13.417052","0.690965","36.750965","42.034557",""
"2025-07-24 17:34:13","0.29756027","13.418763","0.6868226","36.760773","42.044647",""
"2025-07-24 17:34:14","0.2987634","13.420092","0.690387","36.916252","42.22143",""
"2025-07-24 17:34:15","0.29880565","13.420214","0.6905381","36.927113","42.23376",""
"2025-07-24 17:34:16","0.30128166","13.4222555","0.6954981","36.917107","42.220524",""
"2025-07-24 17:34:17","0.30153313","13.422453","0.696027","36.91922","42.22277",""
"2025-07-24 17:34:18","0.30178463","13.42265","0.69655585","36.921333","42.225014",""
"2025-07-24 17:34:19","0.30011633","13.425181","0.6927149","38.179966","43.66309",""
"2025-07-24 17:34:20","0.30007493","13.425455","0.6925874","38.28002","43.777344",""
"2025-07-24 17:34:21","0.30003354","13.42573","0.6924598","38.380077","43.891598",""
"2025-07-24 17:34:22","0.29970723","13.428535","0.69177884","37.569828","42.96226",""
"2025-07-24 17:34:23","0.29963434","13.428813","0.6916106","37.571613","42.96408",""
"2025-07-24 17:34:24","0.29959896","13.431512","0.6915294","37.039593","42.353146",""
"2025-07-24 17:34:25","0.29958478","13.431763","0.6914967","36.994465","42.301308",""
"2025-07-24 17:34:26","0.29957056","13.4320135","0.69146395","36.949337","42.24947",""
"2025-07-24 17:34:27","0.2993261","13.434494","0.6908999","36.919167","42.212685",""
"2025-07-24 17:34:28","0.29930815","13.434716","0.6908585","36.905434","42.196777",""
"2025-07-24 17:34:29","0.2992902","13.4349375","0.69081706","36.8917","42.18087",""
"2025-07-24 17:34:30","0.29755452","13.436482","0.686811","36.814278","42.090935",""
"2025-07-24 17:34:31","0.29744592","13.43664","0.68656033","36.80827","42.083916",""
"2025-07-24 17:34:32","0.29957753","13.43827","0.6914807","36.85608","42.137077",""
"2025-07-24 17:34:33","0.2996671","13.438408","0.6916874","36.856937","42.13793",""
"2025-07-24 17:34:34","0.29975665","13.438546","0.6918941","36.857796","42.138783",""
"2025-07-24 17:34:35","0.29992843","13.440036","0.69229066","36.962837","42.257504",""
"2025-07-24 17:34:36","0.2999925","13.440167","0.69243854","36.97034","42.26596",""
"2025-07-24 17:34:37","0.30005655","13.440298","0.69258636","36.97784","42.274418",""
"2025-07-24 17:34:38","0.3000081","13.441291","0.6924745","37.19788","42.52505",""
"2025-07-24 17:34:39","0.30001104","13.441388","0.69248134","37.21336","42.542656",""
"2025-07-24 17:34:40","0.29883656","13.443109","0.6897705","37.439537","42.799614",""
"2025-07-24 17:34:41","0.29876328","13.44324","0.68960136","37.458694","42.821392",""
"2025-07-24 17:34:42","0.29869","13.443371","0.68943226","37.477848","42.84317",""
"2025-07-24 17:34:43","0.29854167","13.444924","0.68909","37.591026","42.97109",""
"2025-07-24 17:34:44","0.29850215","13.445063","0.6889988","37.603672","42.985413",""
"2025-07-24 17:34:45","0.29846263","13.445201","0.6889076","37.616314","42.999737",""
"2025-07-24 17:34:46","0.29906774","13.447229","0.6903044","37.849598","43.264492",""
"2025-07-24 17:34:47","0.29909822","13.447391","0.6903748","37.86655","43.28372",""
"2025-07-24 17:34:48","0.2982103","13.4486","0.68832517","38.2332","43.70166",""
"2025-07-24 17:34:49","0.29816937","13.448724","0.6882307","38.26135","43.733723",""
"2025-07-24 17:34:50","0.29812846","13.448847","0.6881363","38.2895","43.76578",""
"2025-07-24 17:34:51","0.2968181","13.449698","0.6851118","38.5094","44.016315",""
"2025-07-24 17:34:52","0.2967169","13.44978","0.68487823","38.531933","44.04199",""
"2025-07-24 17:34:53","0.2966157","13.4498625","0.6846446","38.554462","44.06766",""
"2025-07-24 17:34:54","0.24633113","13.470718","0.56858","38.306274","43.764072",""
"2025-07-24 17:34:55","0.24333273","13.4719715","0.5616592","38.297638","43.753002",""
"2025-07-24 17:34:56","0.2732946","13.486181","0.6308181","38.664757","44.158695",""
"2025-07-24 17:34:57","0.27394757","13.487547","0.6323255","38.68166","44.17669",""
"2025-07-24 17:34:58","0.27460054","13.488912","0.63383275","38.698563","44.194687",""
"2025-07-24 17:34:59","0.27726626","13.496747","0.63998646","38.767773","44.26616",""
"2025-07-24 17:35:00","0.27818194","13.497579","0.64210004","38.781235","44.280735",""
"2025-07-24 17:35:01","0.2790976","13.498411","0.6442137","38.794697","44.29531",""
"2025-07-24 17:35:02","0.2912792","13.500144","0.67233145","38.779873","44.276707",""
"2025-07-24 17:35:03","0.2920766","13.500464","0.674172","38.781006","44.277687",""
"2025-07-24 17:35:04","0.29282263","13.501934","0.6758941","38.757645","44.2496",""
"2025-07-24 17:35:05","0.293172","13.502073","0.6767006","38.756058","44.247654",""
"2025-07-24 17:35:06","0.2935214","13.502213","0.6775071","38.75447","44.24571",""
"2025-07-24 17:35:07","0.29257214","13.504147","0.6753161","38.7579","44.247753",""
"2025-07-24 17:35:08","0.2925345","13.504301","0.67522925","38.757523","44.247173",""
"2025-07-24 17:35:09","0.29249686","13.504456","0.6751424","38.75714","44.24659",""
"2025-07-24 17:35:10","0.29288542","13.506266","0.67603946","38.755856","44.243374",""
"2025-07-24 17:35:11","0.29288852","13.506423","0.6760466","38.755844","44.24321",""
"2025-07-24 17:35:12","0.2931696","13.508212","0.6766955","38.790085","44.280575",""
"2025-07-24 17:35:13","0.29319617","13.508366","0.67675686","38.79215","44.28278",""
"2025-07-24 17:35:14","0.29258993","13.51119","0.6753578","38.797478","44.286137",""
"2025-07-24 17:35:15","0.29255688","13.51141","0.6752815","38.79861","44.287216",""
"2025-07-24 17:35:16","0.2927761","13.514036","0.67578787","38.66001","44.126488",""
"2025-07-24 17:35:17","0.2927813","13.5143","0.6757999","38.648605","44.113213",""
"2025-07-24 17:35:18","0.2927865","13.514564","0.67581195","38.6372","44.099937",""
"2025-07-24 17:35:19","0.29208818","13.517037","0.67420036","38.555687","44.00453",""
"2025-07-24 17:35:20","0.29204357","13.51731","0.67409736","38.544407","43.991394",""
"2025-07-24 17:35:21","0.29218814","13.518628","0.6744311","38.796265","44.27757",""
"2025-07-24 17:35:22","0.2921729","13.518805","0.6743959","38.808804","44.291706",""
"2025-07-24 17:35:23","0.29215765","13.518981","0.67436075","38.82134","44.305847",""
"2025-07-24 17:35:24","0.29348472","13.520948","0.6774241","38.75298","44.225933",""
"2025-07-24 17:35:25","0.29356596","13.521114","0.67761165","38.754818","44.22787",""
"2025-07-24 17:35:26","0.2936472","13.521279","0.67779917","38.756653","44.22981",""
"2025-07-24 17:35:27","0.29209012","13.52324","0.6742052","38.772095","44.245537",""
"2025-07-24 17:35:28","0.29202923","13.52341","0.67406476","38.771324","44.244495",""
"2025-07-24 17:35:29","0.29161718","13.525751","0.6731139","38.756165","44.224937",""
"2025-07-24 17:35:30","0.2915543","13.525944","0.67296875","38.755714","44.224243",""
"2025-07-24 17:35:31","0.29149142","13.526135","0.6728236","38.75527","44.223545",""
"2025-07-24 17:35:32","0.26518685","13.543838","0.61210847","38.811413","44.27053",""
"2025-07-24 17:35:33","0.2635743","13.544974","0.6083865","38.81444","44.27289",""
"2025-07-24 17:35:34","0.26196176","13.546112","0.60466456","38.817474","44.27525",""
"2025-07-24 17:35:35","0.28298697","13.551774","0.6531958","38.842514","44.298344",""
"2025-07-24 17:35:36","0.28357586","13.552563","0.65455514","38.84543","44.300907",""
"2025-07-24 17:35:37","0.28223708","13.553765","0.65146506","38.809994","44.259342",""
"2025-07-24 17:35:38","0.28265655","13.553967","0.6524333","38.80835","44.257267",""
"2025-07-24 17:35:39","0.28307602","13.554169","0.65340155","38.8067","44.255196",""
"2025-07-24 17:35:40","0.28496397","13.555224","0.6577594","38.842106","44.29455",""
"2025-07-24 17:35:41","0.2850367","13.555316","0.65792733","38.84336","44.295895",""
"2025-07-24 17:35:42","0.2851095","13.555408","0.6580953","38.844616","44.297237",""
"2025-07-24 17:35:43","0.28674558","13.556737","0.66187185","38.85326","44.305813",""
"2025-07-24 17:35:44","0.28689435","13.556845","0.6622153","38.854668","44.307316",""
"2025-07-24 17:35:45","0.28630695","13.558327","0.6608596","38.8546","44.30581",""
"2025-07-24 17:35:46","0.286307","13.558451","0.66085976","38.85477","44.30588",""
"2025-07-24 17:35:47","0.2863071","13.558574","0.6608599","38.85494","44.305954",""
"2025-07-24 17:35:48","0.28505078","13.560128","0.65796024","38.863724","44.314472",""
"2025-07-24 17:35:49","0.2849585","13.56026","0.65774727","38.86425","44.31495",""
"2025-07-24 17:35:50","0.28486624","13.560391","0.65753424","38.86478","44.315422",""
"2025-07-24 17:35:51","0.2866895","13.562423","0.6617429","38.828667","44.272285",""
"2025-07-24 17:35:52","0.28676677","13.562584","0.6619213","38.82673","44.269924",""
"2025-07-24 17:35:53","0.2853252","13.565128","0.658594","38.84464","44.287888",""
"2025-07-24 17:35:54","0.28527912","13.565333","0.6584877","38.8449","44.287983",""
"2025-07-24 17:35:55","0.28523305","13.565538","0.65838134","38.845154","44.28808",""
"2025-07-24 17:35:56","0.28608224","13.567966","0.66034174","38.859516","44.302113",""
"2025-07-24 17:35:57","0.28609765","13.568176","0.6603773","38.860855","44.303436",""
"2025-07-24 17:35:58","0.28611305","13.568387","0.6604129","38.862194","44.30476",""
"2025-07-24 17:35:59","0.28703386","13.570344","0.66253847","38.862484","44.3032",""
"2025-07-24 17:36:00","0.28711075","13.570523","0.662716","38.862858","44.30346",""
"2025-07-24 17:36:01","0.28718764","13.570703","0.6628934","38.863235","44.303715",""
"2025-07-24 17:36:02","0.28666764","13.572799","0.66169345","38.81757","44.249638",""
"2025-07-24 17:36:03","0.28666094","13.572974","0.66167796","38.814915","44.246437",""
"2025-07-24 17:36:04","0.28576827","13.574849","0.65961766","38.81848","44.248703",""
"2025-07-24 17:36:05","0.28570208","13.575015","0.6594649","38.81763","44.24757",""
"2025-07-24 17:36:06","0.2856359","13.575181","0.6593121","38.816776","44.246437",""
"2025-07-24 17:36:07","0.28687155","13.57714","0.66216445","38.855152","44.28829",""
"2025-07-24 17:36:08","0.2869231","13.577306","0.6622835","38.857536","44.290848",""
"2025-07-24 17:36:09","0.28697467","13.577471","0.6624025","38.859924","44.293407",""
"2025-07-24 17:36:10","0.28611064","13.579578","0.66040826","38.82483","44.251373",""
"2025-07-24 17:36:11","0.2860903","13.579755","0.66036135","38.82373","44.249954",""
"2025-07-24 17:36:12","0.2863091","13.581859","0.66086656","38.86241","44.29201",""
"2025-07-24 17:36:13","0.2863019","13.582039","0.66085","38.86396","44.293606",""
"2025-07-24 17:36:14","0.2858239","13.584081","0.6597469","38.862404","44.289864",""
"2025-07-24 17:36:15","0.28579953","13.584257","0.6596907","38.863247","44.290653",""
"2025-07-24 17:36:16","0.28576016","13.586184","0.65959996","38.71953","44.12501",""
"2025-07-24 17:36:17","0.28574693","13.586381","0.65956944","38.70704","44.11059",""
"2025-07-24 17:36:18","0.2854777","13.587904","0.658948","38.97041","44.409256",""
"2025-07-24 17:36:19","0.28545615","13.588086","0.6588983","38.987396","44.42844",""
"2025-07-24 17:36:20","0.28480613","13.589211","0.65739805","38.818996","44.235455",""
"2025-07-24 17:36:21","0.2847435","13.589357","0.6572535","38.814","44.229618",""
"2025-07-24 17:36:22","0.2861574","13.590595","0.6605173","38.842693","44.261124",""
"2025-07-24 17:36:23","0.28624445","13.5907345","0.6607182","38.839275","44.257095",""
"2025-07-24 17:36:24","0.2863315","13.590874","0.6609192","38.835857","44.253063",""
"2025-07-24 17:36:25","0.2864448","13.59229","0.6611808","38.872585","44.293552",""
"2025-07-24 17:36:26","0.2865003","13.592425","0.6613089","38.87549","44.29673",""
"2025-07-24 17:36:27","0.28655583","13.592562","0.66143703","38.878387","44.299904",""
"2025-07-24 17:36:28","0.28695148","13.594214","0.6623505","38.834377","44.248165",""
"2025-07-24 17:36:29","0.28698313","13.594355","0.6624235","38.832626","44.246033",""
"2025-07-24 17:36:30","0.28590882","13.596254","0.65994394","38.841454","44.25426",""
"2025-07-24 17:36:31","0.28585166","13.596414","0.659812","38.84106","44.25366",""
"2025-07-24 17:36:32","0.28579447","13.596572","0.65968","38.840664","44.253056",""
"2025-07-24 17:36:33","0.24069381","13.605044","0.5555773","41.02955","46.738266",""
"2025-07-24 17:36:34","0.23792522","13.605607","0.54918677","41.162804","46.889515",""
"2025-07-24 17:36:35","0.23515663","13.60617","0.5427962","41.29606","47.040764",""
"2025-07-24 17:36:36","0.23786613","13.624909","0.5490518","40.833233","46.494606",""
"2025-07-24 17:36:37","0.23688279","13.626243","0.54678214","40.86118","46.525105",""
"2025-07-24 17:36:38","0.23843415","13.637347","0.5503639","40.848103","46.49898",""
"2025-07-24 17:36:39","0.23860702","13.6384735","0.5507631","40.83579","46.483818",""
"2025-07-24 17:36:40","0.2387799","13.639601","0.5511622","40.823475","46.46865",""
"2025-07-24 17:36:41","0.2894453","13.641395","0.66811043","40.831734","46.476246",""
"2025-07-24 17:36:42","0.29256505","13.641776","0.67531157","40.832058","46.476223",""
"2025-07-24 17:36:43","0.2956848","13.642158","0.68251276","40.83238","46.476204",""
"2025-07-24 17:36:44","0.29576206","13.641844","0.68269104","40.83916","46.48424",""
"2025-07-24 17:36:45","0.29705343","13.641879","0.68567187","40.839676","46.484795",""
"2025-07-24 17:36:46","0.29670122","13.64375","0.68485904","40.836452","46.479237",""
"2025-07-24 17:36:47","0.2966655","13.643862","0.68477654","40.83641","46.479076",""
"2025-07-24 17:36:48","0.29662976","13.643974","0.68469405","40.83637","46.478916",""
