log_name,file_path,cond_type,slug_mass,correction_factor,bck_cond,discharge_Ls,discharge_cfs,discharge_cfs_low,discharge_cfs_high,error
EC02_01_200,data/park/MORA/salt_slugs/MORA_Slugs_Sep1//EC02_01_200.csv,specific_conductivity,200,0.41526863666890523,124.79098295555559,25.262949255103393,0.8921534740591998,0.8496699752944761,0.9391089200623156,NA
EC02_02_100,data/park/MORA/salt_slugs/MORA_Slugs_Sep1//EC02_02_100.csv,specific_conductivity,100,0.41526863666890523,118.72305026190476,25.616491780491994,0.9046387222805405,0.8615606878862292,0.9522512866110954,NA
EC02_03_100,data/park/MORA/salt_slugs/MORA_Slugs_Sep1//EC02_03_100.csv,specific_conductivity,100,0.41526863666890523,125.04409025423723,31.87246582205387,1.1255665687660856,1.0719681607296052,1.1848069144906164,NA
EC02_04_100,data/park/MORA/salt_slugs/MORA_Slugs_Sep1//EC02_04_100.csv,specific_conductivity,100,0.41526863666890523,124.96980820161293,28.261618580927035,0.9980505816998639,0.9505243635236799,1.0505795596840672,NA
EC02_05_100,data/park/MORA/salt_slugs/MORA_Slugs_Sep1//EC02_05_100.csv,specific_conductivity,100,0.47538177855528047,114.75676955844156,28.822323207197094,1.0178516973652032,0.9693825689192411,1.0714228393317928,NA
EC02_06_100,data/park/MORA/salt_slugs/MORA_Slugs_Sep1//EC02_06_100.csv,specific_conductivity,100,0.47538177855528047,115.63437294117647,29.043544397642982,1.0256640573394427,0.9768229117518501,1.0796463761467816,NA
PR02_01_600,data/park/MORA/salt_slugs/MORA_Slugs_Sep1//PR02_01_600.csv,specific_conductivity,600,0.4586086286594761,233.30016566985648,119.03212225206883,4.203583687695135,4.003413035900129,4.424824934415932,NA
PR02_02_600,data/park/MORA/salt_slugs/MORA_Slugs_Sep1//PR02_02_600.csv,specific_conductivity,600,0.4586086286594761,236.09658696428562,95.73291593640513,3.380779206419366,3.2197897203993966,3.558714954125649,NA
PR02_03_600,data/park/MORA/salt_slugs/MORA_Slugs_Sep1//PR02_03_600.csv,specific_conductivity,600,0.4586086286594761,241.3585701612901,88.96967316447355,3.141937316901434,2.992321254191841,3.307302438843615,NA
PR03_01_600,data/park/MORA/salt_slugs/MORA_Slugs_Sep1//PR03_01_600.csv,specific_conductivity,600,0.4437367677116913,243.34225813953483,100.4506574531033,3.547384832759107,3.3784617454848638,3.7340892976411655,NA
PR03_02_600,data/park/MORA/salt_slugs/MORA_Slugs_Sep1//PR03_02_600.csv,specific_conductivity,600,0.4437367677116913,247.32161747572812,106.05283308232028,3.7452239844522155,3.566879985192586,3.94234103626549,NA
PR03_03_600,data/park/MORA/salt_slugs/MORA_Slugs_Sep1//PR03_03_600.csv,specific_conductivity,600,0.4437367677116913,249.94334048000002,98.48583040580141,3.4779975550317546,3.3123786238397663,3.6610500579281635,NA
PR03_WQ_Log,data/park/MORA/salt_slugs/MORA_Slugs_Sep1//PR03_WQ_Log.csv,specific_conductivity,NA,NA,NA,NA,NA,NA,NA,No correction factor found for PR03_WQ_Log.csv in device_summary.
PR03.5_01_600,data/park/MORA/salt_slugs/MORA_Slugs_Sep1//PR03.5_01_600.csv,specific_conductivity,600,0.4736899853239219,269.94526945355193,107.80256953838226,3.8070154024771075,3.625728954740102,4.00738463418643,NA
PR03.5_02_600,data/park/MORA/salt_slugs/MORA_Slugs_Sep1//PR03.5_02_600.csv,specific_conductivity,600,0.4736899853239219,268.68167072992696,126.20196696316222,4.456784602713984,4.244556764489508,4.691352213383141,NA
PR03.5_03_600,data/park/MORA/salt_slugs/MORA_Slugs_Sep1//PR03.5_03_600.csv,specific_conductivity,600,0.4736899853239219,268.0167104519776,124.10343170095841,4.382675459489835,4.1739766280855575,4.613342588936669,NA
PR04_01_600,data/park/MORA/salt_slugs/MORA_Slugs_Sep1//PR04_01_600.csv,specific_conductivity,600,0.46379687499999994,315.9313888095239,82.13925949669584,2.9007233073479646,2.762593626045681,3.0533929551031203,NA
PR04_02_600,data/park/MORA/salt_slugs/MORA_Slugs_Sep1//PR04_02_600.csv,specific_conductivity,600,0.46379687499999994,316.79295946502066,81.91253978161947,2.892716768625957,2.75496835107234,3.0449650196062703,NA
PR04_03_600,data/park/MORA/salt_slugs/MORA_Slugs_Sep1//PR04_03_600.csv,specific_conductivity,600,0.46379687499999994,316.8325109569379,81.46886173137537,2.8770484113850014,2.7400461060809533,3.028472011984212,NA
PR04_WQ,data/park/MORA/salt_slugs/MORA_Slugs_Sep1//PR04_WQ.csv,specific_conductivity,NA,NA,NA,NA,NA,NA,NA,No correction factor found for PR04_WQ.csv in device_summary.
PR05_01_600,data/park/MORA/salt_slugs/MORA_Slugs_Sep1//PR05_01_600.csv,specific_conductivity,600,0.44502946131676335,331.17798880733955,78.00825658682321,2.7548381788866854,2.62365540846351,2.8998296619859847,NA
PR05_02_400,data/park/MORA/salt_slugs/MORA_Slugs_Sep1//PR05_02_400.csv,specific_conductivity,400,0.44502946131676335,332.01516949999996,77.57581382968715,2.7395665926512525,2.609111040620241,2.8837543080539505,NA
PR05_03_200,data/park/MORA/salt_slugs/MORA_Slugs_Sep1//PR05_03_200.csv,specific_conductivity,200,0.44502946131676335,331.94427967741933,76.36078596028362,2.696658247951628,2.5682459504301214,2.8385876294227663,NA
PR05_WQ,data/park/MORA/salt_slugs/MORA_Slugs_Sep1//PR05_WQ.csv,specific_conductivity,NA,NA,NA,NA,NA,NA,NA,No correction factor found for PR05_WQ.csv in device_summary.
PR06_01_500,data/park/MORA/salt_slugs/MORA_Slugs_Sep1//PR06_01_500.csv,specific_conductivity,500,0.4362158504793278,604.9645731249997,33.68679303017322,1.189638989822658,1.1329895141168171,1.2522515682343769,NA
PR06_02_500,data/park/MORA/salt_slugs/MORA_Slugs_Sep1//PR06_02_500.csv,specific_conductivity,500,0.4362158504793278,603.6104688976375,34.24360531337556,1.2093026485602638,1.1517168081526323,1.2729501563792252,NA
PR06_03_400,data/park/MORA/salt_slugs/MORA_Slugs_Sep1//PR06_03_400.csv,specific_conductivity,400,0.4362158504793278,602.6209056521742,31.471727175605672,1.1114146036883616,1.0584900987508206,1.1699101091456436,NA
PR06_WQ,data/park/MORA/salt_slugs/MORA_Slugs_Sep1//PR06_WQ.csv,specific_conductivity,NA,NA,NA,NA,NA,NA,NA,No correction factor found for PR06_WQ.csv in device_summary.
slug_summary_results,data/park/MORA/salt_slugs/MORA_Slugs_Sep1//slug_summary_results.csv,specific_conductivity,NA,NA,NA,NA,NA,NA,NA,No correction factor found for slug_summary_results.csv in device_summary.
