Date Time,Pressure (psi) (790478),Temperature (°C) (790478),Depth (ft) (790478),Actual Conductivity (µS/cm) (790478),Specific Conductivity (µS/cm) (790478),Salinity (PSU) (790478),Total Dissolved Solids (ppt) (790478),Resistivity (Ω⋅cm) (790478),Density (g/cm³) (790478)
2025-07-09 15:03:09.830,1.078392,10.208572,2.4882548,15.466946,21.557207,0.008681831,0.014012185,64654.008,0.99969023
2025-07-09 15:04:09.830,1.0789948,10.21096,2.4896457,15.467523,21.55664,0.008681594,0.014011817,64651.594,0.99969006
2025-07-09 15:05:09.830,1.0789948,10.212891,2.4896462,15.4213,21.491117,0.008650674,0.013969227,64845.375,0.9996899
2025-07-09 15:06:09.830,1.0641098,10.213074,2.4553013,15.476231,21.567564,0.008686783,0.0140189165,64615.22,0.9996898
2025-07-09 15:07:09.830,1.0785446,10.211876,2.4886076,15.466746,21.555035,0.0086808475,0.014010772,64654.84,0.99968994
2025-07-09 15:08:09.830,1.0792618,10.21122,2.490262,15.499504,21.601063,0.00870258,0.014040691,64518.19,0.99969006
2025-07-09 15:09:09.830,1.0794296,10.207649,2.4906487,15.480349,21.576418,0.008690889,0.014024672,64598.027,0.9996903
2025-07-09 15:10:09.830,1.078392,10.206444,2.488254,15.4842415,21.582535,0.008693765,0.014028648,64581.79,0.9996905
2025-07-09 15:11:09.830,1.0781555,10.205437,2.487708,15.49295,21.595255,0.008699756,0.014036915,64545.484,0.9996906
2025-07-09 15:12:09.830,1.0789948,10.203873,2.4896443,15.468783,21.562466,0.0086842505,0.014015603,64646.324,0.99969065
2025-07-09 15:13:09.830,1.0781555,10.204887,2.487708,15.44705,21.53159,0.00866968,0.013995534,64737.28,0.9996906
2025-07-09 15:14:09.830,1.0789948,10.205711,2.4896448,15.426356,21.502274,0.008655844,0.013976478,64824.12,0.9996905
2025-07-09 15:15:09.830,1.0789948,10.202301,2.489644,15.474653,21.57155,0.008688517,0.014021507,64621.805,0.9996908
2025-07-09 15:16:09.830,1.0785446,10.198074,2.4886003,18.555109,25.868593,0.010726777,0.016814586,53893.51,0.99969286
2025-07-09 15:17:09.830,1.0791473,10.19651,2.4899874,20.927494,29.17727,0.012305376,0.018965226,47784.03,0.9996942
2025-07-09 15:18:09.830,1.0787201,10.192551,2.489005,17.563108,24.489199,0.010070659,0.01591798,56937.527,0.9996928
2025-07-09 15:19:09.830,1.0787201,10.188873,2.489006,16.259552,22.6738,0.009209586,0.01473797,61502.31,0.99969244
2025-07-09 15:20:09.830,1.0791473,10.182518,2.4899912,15.721659,21.927423,0.0088564,0.014252826,63606.52,0.9996928
2025-07-09 15:21:09.830,1.0781555,10.176163,2.4877014,15.593802,21.752783,0.008773774,0.014139309,64128.04,0.9996933
2025-07-09 15:22:09.830,1.078392,10.16761,2.4882452,15.527247,21.664877,0.008732122,0.01408217,64402.914,0.99969405
2025-07-09 15:23:09.834,1.0788498,10.157478,2.489299,15.518758,21.65888,0.008729148,0.0140782725,64438.15,0.99969494
2025-07-09 15:24:09.830,1.078392,10.147362,2.4882407,15.519438,21.665672,0.0087322155,0.014082687,64435.324,0.99969584
2025-07-09 15:25:09.830,1.0935974,10.136765,2.5233226,15.483014,21.620932,0.008710935,0.0140536055,64586.906,0.9996968
2025-07-09 15:26:09.830,1.0926971,10.126915,2.521243,15.503183,21.654787,0.008726787,0.014075612,64502.883,0.9996977
2025-07-09 15:27:09.830,1.0928421,10.119278,2.521576,15.480186,21.627071,0.008713589,0.014057597,64598.707,0.99969834
2025-07-09 15:28:09.830,1.0925446,10.12664,2.5209084,0.23925248,0.3341894,0,0.0002172231,4179685,0.9996908
2025-07-09 15:29:09.830,0.7767868,12.167274,1.7927147,0,0,0,0,10000000,0.99948037
