Date Time,Pressure (psi) (790481),Temperature (°C) (790481),Depth (ft) (790481),Actual Conductivity (µS/cm) (790481),Specific Conductivity (µS/cm) (790481),Salinity (PSU) (790481),Total Dissolved Solids (ppt) (790481),Resistivity (Ω⋅cm) (790481),Density (g/cm³) (790481)
2025-07-09 14:00:47.895,0.20987415,11.572639,0.48432466,14.706451,19.779034,0.007858195,0.012856373,67997.37,0.9995534
2025-07-09 14:01:47.896,0.20226765,10.785706,0.46673313,14.258518,19.572247,0.0077530537,0.01272196,70133.516,0.99963486
2025-07-09 14:02:47.896,-0.0048294067,10.938797,-0.011144106,0,0,2.3283064E-10,0,10000000,0.9996135
2025-07-09 14:03:47.896,-0.0028476715,11.698311,-0.0065716757,0,0,0,0,10000000,0.99953353
2025-07-09 14:04:47.896,0.30803394,10.595367,0.71077496,17.044872,23.514336,0.00961403,0.0152843185,58668.67,0.9996548
2025-07-09 14:05:47.896,0.30318642,10.336075,0.6995723,16.99328,23.604433,0.009652896,0.015342882,58846.79,0.9996794
2025-07-09 14:06:47.896,0.31400204,10.239868,0.7245219,17.030495,23.716661,0.009704648,0.015415831,58718.2,0.9996882
2025-07-09 14:07:47.896,0.28340816,10.196518,0.6539276,16.94301,23.622066,0.009659092,0.015354343,59021.39,0.99969214
2025-07-09 14:08:47.896,0.2986536,10.179367,0.68910336,16.940754,23.629713,0.0096624475,0.015359314,59029.25,0.99969375
2025-07-09 14:09:47.896,0.2891817,10.1764145,0.6672481,16.887224,23.5569,0.009627866,0.015311984,59216.363,0.999694
2025-07-09 14:10:47.896,0.28901863,10.170235,0.6668715,16.849941,23.508764,0.009604941,0.015280697,59347.387,0.99969447
2025-07-09 14:11:47.896,0.29216957,10.165344,0.6741415,16.912106,23.598568,0.009647454,0.015339069,59129.242,0.99969494
2025-07-09 14:12:47.896,0.28268528,10.161652,0.65225756,16.891264,23.571808,0.009634702,0.015321675,59202.2,0.9996953
2025-07-09 14:13:47.896,0.30469418,10.155006,0.70303965,16.918095,23.613432,0.0096543385,0.015348731,59108.312,0.9996959
2025-07-09 14:14:47.896,0.31549263,10.1528015,0.72795546,16.87543,23.555267,0.009626716,0.0153109245,59257.754,0.99969614
2025-07-09 14:15:47.896,0.30299377,10.151878,0.699116,16.918392,23.615818,0.009655422,0.015350281,59107.273,0.9996962
2025-07-09 14:16:47.896,0.29428673,10.155106,0.67902595,16.945223,23.651236,0.009672268,0.015373304,59013.684,0.99969584
2025-07-09 14:17:47.896,0.3036127,10.157501,0.70054454,16.828684,23.487076,0.009594457,0.015266599,59422.35,0.9996956
2025-07-09 14:18:47.896,0.29684162,10.162109,0.68492144,16.8996,23.58315,0.009640089,0.015329048,59173,0.99969524
2025-07-09 14:19:47.896,0.29112625,10.165245,0.6717342,16.916594,23.604893,0.009650452,0.015343181,59113.555,0.99969494
2025-07-09 14:20:47.896,0.30166435,10.165436,0.69604945,16.9127,23.599342,0.009647822,0.015339573,59127.164,0.99969494
2025-07-09 14:21:47.896,0.2855358,10.165245,0.65883505,16.957155,23.661491,0.0096773,0.015379969,58972.156,0.99969494
2025-07-09 14:22:47.896,0.2981968,10.168564,0.6880487,16.985542,23.699007,0.009695144,0.015404355,58873.598,0.9996947
2025-07-09 14:23:47.896,0.30285645,10.171616,0.69880044,16.922096,23.608564,0.009652291,0.015345568,59094.332,0.9996944
2025-07-09 14:24:47.896,0.30043983,10.174477,0.6932246,16.930702,23.61877,0.00965718,0.015352202,59064.297,0.99969417
2025-07-09 14:25:47.896,0.3079853,10.176872,0.7106349,16.989517,23.699305,0.009695418,0.0154045485,58859.824,0.99969393
2025-07-09 14:26:47.896,0.30166435,10.177986,0.6960502,16.950214,23.64378,0.009669098,0.015368457,58996.305,0.9996939
2025-07-09 14:27:47.896,0.30076027,10.179825,0.69396424,17.002508,23.71556,0.009703177,0.015415115,58814.85,0.99969375
2025-07-09 14:28:47.896,0.29582024,10.179733,0.6825658,16.963509,23.661222,0.009677401,0.015379795,58950.07,0.9996937
2025-07-09 14:29:47.896,0.28223896,10.179367,0.6512288,16.919523,23.6001,0.009648401,0.015340065,59103.32,0.99969375
2025-07-09 14:30:47.896,0.28223896,10.180939,0.65122896,16.962887,23.659595,0.009676647,0.015378737,58952.23,0.9996935
2025-07-09 14:31:47.896,0.2879591,10.184998,0.66442764,16.97573,23.674948,0.0096839955,0.015388716,58907.625,0.99969316
2025-07-09 14:32:47.896,0.2997265,10.184349,0.6915793,16.981503,23.683407,0.009687996,0.015394215,58887.605,0.9996932
2025-07-09 14:33:47.896,0.2855358,10.184349,0.6588362,16.94375,23.630754,0.009663021,0.015359991,59018.812,0.9996932
2025-07-09 14:34:47.896,0.2919054,10.183693,0.6735331,17.034689,23.757998,0.009723374,0.015442698,58703.742,0.99969333
2025-07-09 14:35:47.896,0.2973299,10.183334,0.68604934,16.97513,23.675161,0.009684068,0.015388855,58909.71,0.99969333
2025-07-09 14:36:47.896,0.30469418,10.18306,0.70304143,17.006596,23.71922,0.009704963,0.015417493,58800.715,0.9996934
2025-07-09 14:37:47.896,0.3064661,10.184998,0.70713013,16.985945,23.689192,0.009690752,0.015397974,58872.203,0.99969316
2025-07-09 14:38:47.896,0.29882717,10.185638,0.6895043,16.998112,23.70576,0.009698619,0.015408743,58830.062,0.99969316
2025-07-09 14:39:47.896,0.2884016,10.183434,0.66544855,16.913803,23.589565,0.009643468,0.015333218,59123.31,0.9996933
2025-07-09 14:40:47.896,0.2919054,10.186012,0.6735332,16.925854,23.604752,0.009650711,0.015343089,59081.215,0.9996931
2025-07-09 14:41:47.896,0.31037903,10.188782,0.71615887,16.955355,23.644148,0.009669444,0.015368696,58978.418,0.99969286
2025-07-09 14:42:47.896,0.2872858,10.195045,0.6628747,16.95038,23.633268,0.009664379,0.015361625,58995.727,0.99969226
2025-07-09 14:43:47.896,0.29684162,10.204651,0.68492407,16.954498,23.632965,0.009664387,0.015361427,58981.4,0.9996914
2025-07-09 14:44:47.896,0.29039764,10.212105,0.67005587,17.004387,23.697802,0.009695266,0.015403571,58808.355,0.9996907
2025-07-09 14:45:47.896,0.28390408,10.218849,0.65507317,16.952715,23.62155,0.009659197,0.0153540075,58987.6,0.9996901
2025-07-09 14:46:47.896,0.3146019,10.220314,0.72590464,16.93954,23.602274,0.009650078,0.015341478,59033.477,0.99969
2025-07-09 14:47:47.896,0.28044224,10.22364,0.6470857,16.980106,23.6567,0.009675948,0.015376856,58892.445,0.9996897
2025-07-09 14:48:47.896,0.2855358,10.228889,0.6588388,16.946877,23.607107,0.009652504,0.01534462,59007.926,0.9996892
2025-07-09 14:49:47.896,0.3066349,10.234245,0.70752275,16.955978,23.616423,0.009657005,0.015350675,58976.25,0.99968874
2025-07-09 14:50:47.896,0.30068398,10.240143,0.6937921,16.933558,23.581493,0.00964053,0.015327971,59054.336,0.99968815
2025-07-09 14:51:47.896,0.2992878,10.24411,0.69057083,16.960487,23.616503,0.009657198,0.015350726,58960.57,0.9996878
2025-07-09 14:52:47.896,0.29810715,10.245857,0.6878455,20.195436,28.119677,0.011801086,0.018277789,49516.137,0.99968934
2025-07-09 14:53:47.896,0.30803394,10.245026,0.7107495,22.395521,31.183716,0.013266569,0.020269416,44651.785,0.9996906
2025-07-09 14:54:47.896,0.29117393,10.2482605,0.67184806,20.47396,28.505665,0.011985499,0.018528681,48842.527,0.9996893
2025-07-09 14:55:47.896,0.30623245,10.250015,0.7065945,18.552122,25.828707,0.010708716,0.01678866,53902.188,0.9996881
2025-07-09 14:56:47.896,0.31147766,10.250847,0.7186976,17.690016,24.627918,0.010137538,0.016008148,56529.062,0.99968755
2025-07-09 14:57:47.896,0.298419,10.253792,0.6885666,17.246851,24.009066,0.009843644,0.015605893,57981.598,0.9996871
2025-07-09 14:58:47.896,0.2925434,10.256645,0.6750097,17.059004,23.745766,0.009718722,0.015434748,58620.07,0.9996867
2025-07-09 14:59:47.896,0.31933594,10.257019,0.7368303,17.033428,23.70993,0.009701724,0.015411455,58708.09,0.9996867
2025-07-09 15:00:47.896,0.2872858,10.257751,0.6628784,16.929947,23.565428,0.009633183,0.0153175285,59066.93,0.9996866
2025-07-09 15:01:47.896,0.28939438,10.261345,0.667744,17.006466,23.669678,0.0096826935,0.015385291,58801.164,0.99968624
2025-07-09 15:02:47.896,0.2975092,10.26503,0.68646824,16.995226,23.651714,0.009674232,0.015373614,58840.055,0.9996859
2025-07-09 15:03:47.896,0.31845856,10.267799,0.7348066,16.992048,23.645554,0.009671351,0.01536961,58851.06,0.99968565
2025-07-09 15:04:47.896,0.3044529,10.269737,0.7024903,16.956272,23.594551,0.009647184,0.015336458,58975.227,0.99968547
2025-07-09 15:05:47.896,0.31605053,10.269089,0.7292505,17.032303,23.700758,0.009697562,0.015405493,58711.97,0.9996855
2025-07-09 15:06:47.896,0.3140564,10.267799,0.7246492,16.982643,23.632465,0.00966514,0.015361103,58883.65,0.99968565
2025-07-09 15:07:47.896,0.31392097,10.268631,0.72433674,16.978813,23.626614,0.009662376,0.015357299,58896.934,0.9996855
2025-07-09 15:08:47.896,0.2922058,10.269455,0.67423147,17.065722,23.747026,0.009719523,0.015435568,58596.996,0.9996855
2025-07-09 15:09:47.896,0.2951126,10.270462,0.68093866,17.070696,23.753315,0.0097225215,0.015439655,58579.92,0.99968547
2025-07-09 15:10:47.896,0.2907238,10.269638,0.670812,16.98282,23.631556,0.009664738,0.015360512,58883.035,0.99968547
2025-07-09 15:11:47.896,0.29193115,10.272408,0.67359793,16.991327,23.641653,0.009669569,0.015367075,58853.555,0.9996852
2025-07-09 15:12:47.896,0.29764557,10.275818,0.6867835,17.070805,23.750086,0.009721074,0.015437556,58579.547,0.999685
2025-07-09 15:13:47.896,0.31078625,10.273689,0.717104,17.040573,23.709366,0.0097017195,0.015411087,58683.473,0.99968517
2025-07-09 15:14:47.896,0.2824049,10.270195,0.65161705,17.047117,23.720675,0.009707029,0.015418438,58660.945,0.99968547
2025-07-09 15:15:47.896,0.3134985,10.268631,0.72336197,16.998203,23.653595,0.00967518,0.0153748365,58829.746,0.9996855
2025-07-09 15:16:47.896,0.3181305,10.266785,0.73404956,16.966162,23.610167,0.009654547,0.015346609,58940.85,0.9996857
2025-07-09 15:17:47.896,0.29734802,10.264946,0.68609613,17.393448,24.205963,0.0099373115,0.015733875,57492.914,0.9996862
2025-07-09 15:18:47.896,0.29961777,10.258766,0.69133127,22.133509,30.80763,0.013086772,0.02002496,45180.363,0.99968916
2025-07-09 15:19:47.896,0.30276394,10.2532425,0.69859046,21.675844,30.175037,0.012783833,0.019613774,46134.305,0.9996894
2025-07-09 15:20:47.896,0.29039764,10.246323,0.670057,19.62599,27.326456,0.011422485,0.017762197,50952.844,0.99968904
2025-07-09 15:21:47.896,0.28998756,10.240242,0.6691109,18.343828,25.545355,0.010573665,0.016604481,54514.246,0.9996889
2025-07-09 15:22:47.896,0.29010487,10.233681,0.66938144,17.596544,24.508974,0.010080735,0.015930833,56829.34,0.9996891
2025-07-09 15:23:47.896,0.31973553,10.227226,0.73775023,17.315376,24.121496,0.009896593,0.015678974,57752.137,0.9996895
2025-07-09 15:24:47.896,0.29341125,10.218567,0.67700976,17.14245,23.886105,0.009784715,0.015525969,58334.72,0.99969023
2025-07-09 15:25:47.896,0.3147812,10.20723,0.72631747,17.023846,23.727999,0.009709513,0.015423199,58741.133,0.99969125
2025-07-09 15:26:47.896,0.2995491,10.196991,0.6911707,17.008715,23.713375,0.0097024115,0.015413694,58793.39,0.99969214
2025-07-09 15:27:47.896,0.29893208,10.187302,0.6897464,17.048946,23.775599,0.009731782,0.01545414,58654.652,0.99969304
2025-07-09 15:28:47.896,0.30951786,10.181313,0.71417123,17.00869,23.723244,0.009706845,0.015420109,58793.477,0.99969363
2025-07-09 15:29:47.896,0.31188774,10.172913,0.71963894,17.059973,23.800097,0.0097431755,0.015470063,58616.742,0.99969435
2025-07-09 15:30:47.896,0.29446602,10.165062,0.6794402,17.004854,23.728167,0.009708923,0.015423308,58806.74,0.99969506
2025-07-09 15:31:47.896,0.28448296,10.157127,0.6564052,17.031403,23.770239,0.009728756,0.0154506555,58715.07,0.9996957
2025-07-09 15:32:47.896,0.29802227,10.154457,0.6876452,17.044956,23.790848,0.009738491,0.015464051,58668.383,0.99969596
2025-07-09 15:33:47.896,0.31985378,10.150764,0.738018,17.106289,23.878803,0.009780165,0.015521222,58458.03,0.99969643
2025-07-09 15:34:47.896,0.29757214,10.145325,0.68660593,17.05755,23.814224,0.009749432,0.015479246,58625.066,0.99969685
2025-07-09 15:35:47.896,0.31236935,10.1386795,0.72074795,16.982992,23.714334,0.009701939,0.015414318,58882.438,0.99969745
2025-07-09 15:36:47.896,0.30392265,10.127594,0.70125777,16.988718,23.729347,0.009708884,0.015424076,58862.594,0.9996984
2025-07-09 15:37:47.896,0.29996967,10.119385,0.6921363,16.975708,23.716368,0.009702595,0.01541564,58907.703,0.9996992
2025-07-09 15:38:47.896,0.28913498,10.111168,0.6671363,17.084085,23.873014,0.009776774,0.015517459,58534.008,0.99969995
2025-07-09 15:39:47.896,0.295578,10.106819,0.6820024,17.038004,23.811382,0.009747464,0.015477398,58692.32,0.99970025
2025-07-09 15:40:47.896,0.29722023,10.099434,0.6857912,16.986168,23.743622,0.0097152,0.015433354,58871.43,0.9997009
2025-07-09 15:41:47.896,0.31697083,10.091866,0.73136216,17.082687,23.883364,0.009781373,0.015524187,58538.8,0.9997017
2025-07-09 15:42:47.896,0.2862568,10.085678,0.66049385,17.01568,23.793613,0.009738692,0.015465849,58769.324,0.99970216
2025-07-09 15:43:47.896,0.30475235,10.07811,0.7031691,17.046537,23.84158,0.009761326,0.015497027,58662.94,0.9997028
2025-07-09 15:44:47.896,0.29798985,10.06897,0.687565,16.954403,23.718512,0.009702798,0.015417033,58981.73,0.99970365
2025-07-09 15:45:47.896,0.3077736,10.059174,0.7101389,17.021614,23.818771,0.009750195,0.015482201,58748.836,0.99970454
2025-07-09 15:46:47.896,0.30039978,10.053818,0.69312465,17.047884,23.858946,0.009769168,0.015508315,58658.305,0.999705
2025-07-09 15:47:47.896,0.30536842,10.046799,0.7045886,17.01057,23.811193,0.009746399,0.0154772755,58786.977,0.9997056
2025-07-09 15:48:47.896,0.30131817,10.035698,0.6952425,17.046144,23.868073,0.009773198,0.015514248,58664.293,0.9997067
2025-07-09 15:49:47.896,0.29756355,10.031731,0.68657905,17.054024,23.88164,0.009779569,0.015523067,58637.188,0.99970704
2025-07-09 15:50:47.896,0.3044548,10.027771,0.70247924,17.112806,23.966494,0.009819761,0.0155782215,58435.77,0.9997074
2025-07-09 15:51:47.896,0.29481888,10.022316,0.6802457,17.103247,23.956602,0.009814978,0.015571792,58468.43,0.9997079
2025-07-09 15:52:47.896,0.29981136,10.018158,0.6917648,17.007896,23.825695,0.009752806,0.015486701,58796.22,0.9997082
2025-07-09 15:53:47.896,0.30494308,10.015099,0.7036052,17.112692,23.97446,0.009823333,0.0155834,58436.16,0.9997085
2025-07-09 15:54:47.896,0.31432247,10.011963,0.72524637,17.026123,23.85518,0.009766691,0.015505868,58733.277,0.9997087
2025-07-09 15:55:47.896,0.3135872,10.005875,0.72354937,17.034811,23.871244,0.00977421,0.015516309,58703.32,0.9997093
2025-07-09 15:56:47.896,0.2967577,10.001976,0.6847179,17.059963,23.908985,0.009792049,0.015540841,58616.773,0.99970967
2025-07-09 15:57:47.896,0.28964424,9.998283,0.6683047,17.082428,23.942835,0.009808049,0.0155628435,58539.688,0.99970996
2025-07-09 15:58:47.896,0.319973,9.993851,0.7382828,17.080248,23.94262,0.009807871,0.015562703,58547.16,0.9997104
2025-07-09 15:59:47.896,0.3048315,9.987656,0.703346,17.101597,23.976524,0.009823853,0.015584742,58474.07,0.9997109
2025-07-09 16:00:47.896,0.329381,9.98571,0.75998956,17.169876,24.073507,0.009869836,0.01564778,58241.54,0.9997111
2025-07-09 16:01:47.896,0.3112259,9.98201,0.71809953,17.129128,24.018753,0.009843793,0.01561219,58380.09,0.99971145
2025-07-09 16:02:47.896,0.31837177,9.978683,0.7345872,17.095968,23.974392,0.009822692,0.015583355,58493.324,0.99971175
2025-07-09 16:03:47.896,0.3041029,9.975731,0.70166403,17.136473,24.033094,0.009850493,0.015621511,58355.066,0.99971205
2025-07-09 16:04:47.896,0.30825138,9.971565,0.71123576,17.09414,23.976398,0.009823524,0.01558466,58499.582,0.99971235
2025-07-09 16:05:47.896,0.30389214,9.96833,0.7011773,17.138435,24.040611,0.009853939,0.015626397,58348.383,0.99971265
2025-07-09 16:06:47.896,0.30065632,9.962509,0.6937109,17.13522,24.03985,0.009853478,0.015625903,58359.332,0.9997132
2025-07-09 16:07:47.896,0.30367756,9.958427,0.7006816,17.139141,24.047983,0.009857265,0.01563119,58345.98,0.99971354
2025-07-09 16:08:47.896,0.31239414,9.954361,0.72079337,17.20485,24.142809,0.009902195,0.015692826,58123.15,0.99971384
2025-07-09 16:09:47.896,0.30857372,9.949554,0.71197814,17.197569,24.135702,0.00989874,0.015688207,58147.754,0.9997143
2025-07-09 16:10:47.896,0.31159878,9.944107,0.71895754,17.088232,23.985758,0.009827504,0.015590743,58519.805,0.99971473
2025-07-09 16:11:47.896,0.30348873,9.93708,0.70024467,17.071712,23.967083,0.009818528,0.015578604,58576.434,0.9997153
2025-07-09 16:12:47.896,0.30906677,9.931992,0.7131146,17.13318,24.056664,0.00986094,0.015636832,58366.277,0.9997158
2025-07-09 16:13:47.896,0.3060608,9.924767,0.7061784,17.157726,24.095795,0.009879384,0.015662266,58282.78,0.9997165
2025-07-09 16:14:47.896,0.31192493,9.91996,0.7197085,17.177393,24.126526,0.009893883,0.015682243,58216.05,0.99971694
2025-07-09 16:15:47.896,0.30803204,9.913216,0.710726,17.197187,24.1587,0.009909034,0.015703155,58149.043,0.9997175
2025-07-09 16:16:47.896,0.30203915,9.907379,0.69689816,17.163588,24.115274,0.0098883305,0.015674928,58262.88,0.999718
2025-07-09 16:17:47.896,0.29491234,9.902565,0.68045413,17.186764,24.150957,0.009905181,0.015698122,58184.31,0.99971837
2025-07-09 16:18:47.896,0.3082533,9.899597,0.71123564,17.159761,24.114935,0.009888036,0.015674708,58275.867,0.99971867
2025-07-09 16:19:47.896,0.31126595,9.898315,0.71818674,17.198114,24.169664,0.009913983,0.015710281,58145.91,0.9997187
2025-07-09 16:20:47.896,0.31927013,9.891365,0.7366543,17.226282,24.213768,0.009934791,0.01573895,58050.832,0.99971944
2025-07-09 16:21:47.896,0.2983122,9.891647,0.688298,17.17359,24.139519,0.009899564,0.015690686,58228.945,0.9997194
2025-07-09 16:22:47.896,0.30780125,9.88887,0.71019197,17.188715,24.16258,0.009910459,0.015705679,58177.707,0.9997196
2025-07-09 16:23:47.896,0.3230114,9.884613,0.7452861,17.213984,24.200869,0.009928551,0.015730565,58092.305,0.99972004
2025-07-09 16:24:47.896,0.29276943,9.879517,0.67550844,17.145943,24.10851,0.009884645,0.01567053,58322.836,0.9997204
2025-07-09 16:25:47.896,0.31112766,9.877213,0.7178663,17.25923,24.269302,0.009960901,0.015775047,57940.01,0.99972063
2025-07-09 16:26:47.896,0.3229103,9.87442,0.7450523,17.2519,24.260815,0.0099568255,0.01576953,57964.633,0.9997209
2025-07-09 16:27:47.896,0.3250847,9.8712845,0.750069,17.214277,24.209946,0.0099326335,0.015736464,58091.316,0.99972117
2025-07-09 16:28:47.896,0.33606339,9.867218,0.77539986,17.233202,24.23921,0.009946449,0.015755486,58027.523,0.9997216
2025-07-09 16:29:47.896,0.29951286,9.863228,0.69106656,17.166048,24.147343,0.00990279,0.015695773,58254.527,0.9997218
2025-07-09 16:30:47.896,0.33172607,9.85981,0.76539195,17.1427,24.116716,0.009888198,0.015675865,58333.867,0.9997221
2025-07-09 16:31:47.896,0.30947208,9.857864,0.71404517,17.135452,24.107779,0.009883926,0.015670056,58358.543,0.9997223
2025-07-09 16:32:47.896,0.30615425,9.852028,0.7063896,17.186361,24.183195,0.009919608,0.015719077,58185.67,0.99972284
2025-07-09 16:33:47.896,0.31184196,9.849991,0.71951276,17.139338,24.118347,0.009888804,0.015676925,58345.312,0.99972296
2025-07-09 16:34:47.896,0.0028858185,10.149101,0.0066586747,0,0,0,0,10000000,0.9996888
2025-07-09 16:35:47.896,0.0002527237,10.663315,0.0005831572,0,0,0,0,10000000,0.99964076
2025-07-09 16:36:47.896,-0.006937027,11.55307,-0.016008576,0,0,0,0,10000000,0.9995494
2025-07-09 16:37:47.896,-0.0086660385,12.262558,-0.020000221,0,0,0,0,10000000,0.9994692
2025-07-09 16:38:47.896,-0.008653641,12.742424,-0.019972762,0,0,0,0,10000000,0.99941146
2025-07-09 16:39:47.896,-0.009679794,13.066635,-0.022342052,0,0,2.3283064E-10,0,10000000,0.99937075
2025-07-09 16:40:47.896,-0.0014829636,13.400948,-0.0034229946,0,0,0,0,10000000,0.9993275
2025-07-09 16:41:47.896,0.0059547424,13.806015,0.0137455575,0,0,0,0,10000000,0.9992731
2025-07-09 16:42:47.896,0.010979652,14.183754,0.025346076,0,0,5.820766E-11,0,10000000,0.9992207
2025-07-09 16:43:47.896,0.014074326,14.536095,0.032491647,0,0,1.891749E-10,0,10000000,0.99917024
2025-07-09 16:44:47.896,0.014846802,14.745369,0.034276016,0,0,2.3283064E-10,0,10000000,0.9991396
2025-07-09 16:45:47.896,0.014977455,14.834419,0.034578104,0,0,0,0,10000000,0.9991264
2025-07-09 16:46:47.896,0.015307426,14.870987,0.0353401,0,0,4.0017767E-10,0,10000000,0.9991209
2025-07-09 16:47:47.896,0.014684677,14.892906,0.033902474,0,0,4.474714E-10,0,10000000,0.9991177
2025-07-09 16:48:47.896,0.014846802,14.913933,0.034276877,0,0,4.620233E-10,0,10000000,0.9991145
2025-07-09 16:49:47.896,0.014415741,14.933807,0.03328178,0,0,4.3655746E-11,0,10000000,0.99911153
2025-07-09 16:50:47.896,0.014684677,14.956337,0.033902798,0,0,1.8189894E-12,0,10000000,0.99910814
2025-07-09 16:51:47.896,0.015468597,14.978416,0.035712764,0,0,0,0,10000000,0.9991048
2025-07-09 16:52:47.896,0.014253616,15.00618,0.032907844,0,0,0,0,10000000,0.9991006
2025-07-09 16:53:47.896,0.016059875,15.040138,0.03707821,0,0,0,0,10000000,0.9990955
2025-07-09 16:54:47.896,0.015634537,15.069832,0.03609637,0,0,0,0,10000000,0.999091
2025-07-09 16:55:47.896,0.016393661,15.095085,0.037849158,0,0,6.184564E-11,0,10000000,0.99908715
2025-07-09 16:56:47.896,0.01521492,15.11512,0.03512782,0,0,4.620233E-10,0,10000000,0.9990841
2025-07-09 16:57:47.896,0.01653862,15.13665,0.03818407,0,0,0,0,10000000,0.9990809
2025-07-09 16:58:47.896,0.014572144,15.119904,0.033643816,0,0,5.4569682E-11,0,10000000,0.99908346
2025-07-09 16:59:47.896,0.017933846,15.189896,0.04140568,0,0,2.0372681E-10,0,10000000,0.99907273
2025-07-09 17:00:47.896,0.015209198,15.2827,0.03511551,0,0,0,0,10000000,0.9990585
2025-07-09 17:01:47.896,0.01598835,15.369553,0.036914945,0,0,0,0,10000000,0.999045
2025-07-09 17:02:47.896,0.016022682,15.457039,0.036994714,0,0,0,0,10000000,0.9990314
2025-07-09 17:03:47.896,0.015598297,15.561043,0.03601544,0,0,4.0745363E-10,0,10000000,0.99901515
2025-07-09 17:04:47.896,0.016271591,15.676117,0.037570715,0,0,1.7462298E-10,0,10000000,0.998997
