Group,Property,Label,Value
LocationProperties,GUID,Location ID,6e4f000f-d4dd-5d91-b59d-8c0c27772fd8
LocationProperties,Latitude,Latitude,46.74942753876294 °
LocationProperties,Longitude,Longitude,-121.8076592311121 °
ReportProperties,StartTime,Start Time,2025-07-08 15:29:01.064
ReportProperties,Duration,Duration,22:55:01
ReportProperties,Readings,Readings,1376
ReportProperties,TimeOffset,Time Offset,-07:00:00
InstrumentProperties,Model,Device Model,Aqua TROLL 200
InstrumentProperties,SerialNumber,Device SN,790478
InstrumentProperties,FirmwareVersion,Device Firmware,2.01
LogProperties,LogType,Log Type,Linear
LogProperties,FileNumber,Log File Number,1
LogProperties,GUID,Log ID,326bbfc2-35b7-5691-911c-23215fa93da6
LogProperties,Interval,Interval,00:01:00
