Date Time,Pressure (psi) (840058),Temperature (°C) (840058),Depth (ft) (840058),Actual Conductivity (µS/cm) (840058),Specific Conductivity (µS/cm) (840058),Salinity (PSU) (840058),Total Dissolved Solids (ppt) (840058),Resistivity (Ω⋅cm) (840058),Density (g/cm³) (840058)
2025-07-09 13:59:24.641,0.4485283,10.3025055,1.0349314,16.196815,22.518162,0.009137566,0.014636805,61740.53,0.999682
2025-07-09 14:00:24.641,-0.003414154,10.765213,-0.007878201,0,0,0,0,10000000,0.9996308
2025-07-09 14:01:24.641,0.000500679,11.20726,0.0011553746,0,0,0,0,10000000,0.9995861
2025-07-09 14:02:24.641,-0.009257317,11.898209,-0.021363925,0,0,1.1641532E-10,0,10000000,0.9995112
2025-07-09 14:03:24.641,-0.010738373,12.591034,-0.024783902,0,0,0,0,10000000,0.99943
2025-07-09 14:04:24.641,-0.008586884,13.216545,-0.019819874,0,0,0,0,10000000,0.9993515
2025-07-09 14:05:24.641,0.0030994415,13.700577,0.007154456,0,0,1.7462298E-10,0,10000000,0.9992875
2025-07-09 14:06:24.641,0.0033950806,14.076561,0.007837287,0,0,2.0372681E-10,0,10000000,0.9992357
2025-07-09 14:07:24.641,-0.0002155304,14.414848,-0.0004975595,0,0,0,0,10000000,0.99918777
2025-07-09 14:08:24.641,-0.0033187866,14.681053,-0.0076618325,0,0,0,0,10000000,0.999149
2025-07-09 14:09:24.641,0.39967155,12.275307,0.9223909,16.712988,22.079138,0.008952867,0.014351441,59833.707,0.9994747
2025-07-09 14:10:24.641,0.36119747,10.796219,0.8334641,16.221886,22.261168,0.009022629,0.014469759,61645.113,0.99963486
2025-07-09 14:11:24.641,0.33625984,10.351242,0.77588737,16.16711,22.447811,0.00910496,0.014591077,61853.973,0.99967754
2025-07-09 14:12:24.641,0.34272766,10.202164,0.7908004,16.175516,22.548632,0.00915053,0.014656611,61821.83,0.99969125
2025-07-09 14:13:24.641,0.33880806,10.138458,0.78175193,16.102728,22.485304,0.009119615,0.014615448,62101.277,0.99969697
2025-07-09 14:14:24.641,0.33234978,10.1113205,0.76684844,16.131414,22.541676,0.00914589,0.014652089,61990.844,0.9996994
2025-07-09 14:15:24.641,0.3346672,10.094414,0.7721944,16.12508,22.542997,0.009146265,0.014652948,62015.195,0.9997009
2025-07-09 14:16:24.641,0.3388157,10.082031,0.7817655,16.165836,22.607449,0.009176579,0.0146948425,61858.848,0.9997021
2025-07-09 14:17:24.641,0.33684063,10.074738,0.7772079,16.10884,22.532133,0.009140828,0.014645888,62077.71,0.99970263
2025-07-09 14:18:24.641,0.35218906,10.068733,0.81262165,16.149313,22.592367,0.009169241,0.014685039,61922.14,0.9997032
2025-07-09 14:19:24.641,0.33981514,10.067062,0.7840706,16.094212,22.516285,0.009133212,0.014635585,62134.14,0.99970335
2025-07-09 14:20:24.641,0.30794144,10.066246,0.71052694,16.123096,22.55719,0.009152558,0.014662174,62022.824,0.99970347
2025-07-09 14:21:24.641,0.32806587,10.0698395,0.7569612,16.117487,22.547174,0.009147872,0.014655664,62044.41,0.9997031
2025-07-09 14:22:24.641,0.33704853,10.072418,0.7776875,16.016184,22.403917,0.009080128,0.014562546,62436.848,0.9997029
2025-07-09 14:23:24.641,0.3355751,10.074181,0.7742879,16.092102,22.509054,0.009129899,0.014630886,62142.285,0.9997027
2025-07-09 14:24:24.641,0.33913803,10.077324,0.78250897,16.157822,22.599081,0.009172548,0.014689404,61889.53,0.9997025
2025-07-09 14:25:24.641,0.35053635,10.080841,0.80880916,16.099762,22.515762,0.009133173,0.014635246,62112.72,0.9997021
2025-07-09 14:26:24.641,0.3374939,10.082687,0.7787158,15.988418,22.358944,0.009059005,0.014533314,62545.277,0.9997019
2025-07-09 14:27:24.641,0.34395504,10.0870285,0.7936242,16.103334,22.517036,0.009133868,0.014636074,62098.94,0.99970156
2025-07-09 14:28:24.641,0.33807182,10.091827,0.7800499,16.11258,22.527075,0.00913869,0.014642599,62063.31,0.9997011
2025-07-09 14:29:24.641,0.33958912,10.094322,0.7835511,16.004683,22.374735,0.009066648,0.014543578,62481.715,0.99970084
2025-07-09 14:30:24.641,0.33149529,10.096634,0.76487595,16.000671,22.367744,0.009063377,0.014539033,62497.38,0.9997006
2025-07-09 14:31:24.641,0.34700775,10.097458,0.80066866,16.087923,22.489222,0.009120863,0.014617994,62158.426,0.9997006
2025-07-09 14:32:24.641,0.3317461,10.098946,0.76545477,16.066563,22.458471,0.0091063315,0.014598007,62241.066,0.9997005
2025-07-09 14:33:24.641,0.33667278,10.100784,0.77682245,16.084509,22.482452,0.009117709,0.014613594,62171.62,0.9997003
2025-07-09 14:34:24.641,0.32756805,10.101334,0.75581473,15.960813,22.309227,0.009035764,0.014500997,62653.453,0.99970025
2025-07-09 14:35:24.641,0.33368587,10.102364,0.7699308,15.976786,22.330938,0.009046051,0.014515109,62590.812,0.9997001
2025-07-09 14:36:24.641,0.33684063,10.104393,0.77720994,16.065367,22.453533,0.009104079,0.014594797,62245.7,0.9997
2025-07-09 14:37:24.641,0.32735634,10.106041,0.75532645,16.093365,22.491674,0.009122147,0.014619589,62137.41,0.9996999
2025-07-09 14:38:24.641,0.3337469,10.106415,0.7700718,16.052216,22.433943,0.009094838,0.014582063,62296.695,0.99969983
2025-07-09 14:39:24.641,0.33773422,10.106514,0.779272,15.971009,22.320393,0.009041119,0.014508256,62613.45,0.9996998
2025-07-09 14:40:24.641,0.34592056,10.106613,0.7981608,15.997059,22.356737,0.009058313,0.014531879,62511.492,0.9996998
2025-07-09 14:41:24.641,0.36011314,10.105133,0.83090794,16.04396,22.423172,0.009089723,0.014575061,62328.75,0.99969995
2025-07-09 14:42:24.641,0.34700775,10.104294,0.8006692,16.01348,22.381073,0.009069795,0.014547698,62447.39,0.99969995
2025-07-09 14:43:24.641,0.34142113,10.104477,0.7877788,16.08265,22.477638,0.0091154855,0.014610465,62178.812,0.9997
2025-07-09 14:44:24.641,0.34423065,10.103096,0.7942613,16.038177,22.41631,0.009086445,0.014570601,62351.223,0.9997001
2025-07-09 14:45:24.641,0.34142113,10.102364,0.7877786,16.04657,22.428476,0.009092193,0.01457851,62318.613,0.9997002
2025-07-09 14:46:24.641,0.34464264,10.103828,0.795212,16.06553,22.454102,0.009104339,0.014595166,62245.066,0.99970007
2025-07-09 14:47:24.641,0.34597397,10.108643,0.7982841,16.07883,22.4698,0.009111839,0.014605371,62193.58,0.99969965
2025-07-09 14:48:24.641,0.33176327,10.114456,0.76549536,16.137877,22.54882,0.009149317,0.014656733,61966.02,0.9996991
2025-07-09 14:49:24.641,0.34512615,10.118065,0.79632854,16.089752,22.479412,0.009116527,0.014611618,62151.36,0.9996988
2025-07-09 14:50:24.641,0.3291912,10.120552,0.75956124,16.050755,22.423439,0.009090077,0.014575236,62302.367,0.9996985
2025-07-09 14:51:24.641,0.3449192,10.124893,0.7958516,16.143538,22.550447,0.009150245,0.014657791,61944.293,0.99969816
2025-07-09 14:52:24.641,0.3410797,10.129974,0.7869929,16.13798,22.539627,0.0091452,0.014650757,61965.625,0.9996977
2025-07-09 14:53:24.641,0.33875847,10.135147,0.78163725,16.078493,22.453445,0.009104493,0.014594739,62194.883,0.99969727
2025-07-09 14:54:24.641,0.35031986,10.138931,0.80831385,16.073153,22.443722,0.009099946,0.014588419,62215.547,0.9996969
2025-07-09 14:55:24.641,0.34855938,10.144379,0.8042521,16.208902,22.62999,0.009188183,0.014709493,61694.492,0.9996965
2025-07-09 14:56:24.641,0.33875847,10.148254,0.7816363,20.581884,28.73234,0.012091726,0.01867602,48586.418,0.99969846
2025-07-09 14:57:24.641,0.32376862,10.150932,0.74705034,18.642538,26.02315,0.010799512,0.016915048,53640.766,0.9996972
2025-07-09 14:58:24.641,0.34818268,10.153053,0.80338323,17.063976,23.818287,0.009751487,0.015481886,58602.99,0.99969614
2025-07-09 14:59:24.641,0.36733627,10.155273,0.8475779,16.350035,22.8204,0.0092785,0.01483326,61161.95,0.99969554
2025-07-09 15:00:24.641,0.33809185,10.158318,0.78010076,16.094667,22.46215,0.009108952,0.014600398,62132.38,0.9996952
2025-07-09 15:01:24.641,0.34027672,10.161171,0.78514236,16.014154,22.348085,0.009055022,0.014526255,62444.758,0.9996948
2025-07-09 15:02:24.641,0.34575558,10.163124,0.79778415,16.01807,22.352386,0.009057086,0.014529051,62429.492,0.9996947
2025-07-09 15:03:24.641,0.3359337,10.166542,0.77512175,16.04163,22.383223,0.009071726,0.014549095,62337.805,0.99969435
2025-07-09 15:04:24.641,0.34015846,10.16893,0.78486997,15.957765,22.264788,0.009015731,0.014472112,62665.418,0.99969417
2025-07-09 15:05:24.641,0.33125973,10.171341,0.76433754,15.926611,22.219893,0.008994529,0.01444293,62787.996,0.9996939
2025-07-09 15:06:24.641,0.36151028,10.172905,0.8341367,15.98658,22.30263,0.009033691,0.014496709,62552.465,0.9996938
2025-07-09 15:07:24.641,0.33774567,10.1738205,0.7793032,15.889015,22.165976,0.008969064,0.014407884,62936.562,0.9996937
2025-07-09 15:08:24.641,0.34512615,10.174744,0.79633266,15.96974,22.278044,0.009022087,0.014480729,62618.426,0.99969363
2025-07-09 15:09:24.641,0.33809185,10.174744,0.780102,16.00594,22.328543,0.009045977,0.014513553,62476.81,0.99969363
2025-07-09 15:10:24.641,0.33626175,10.173454,0.77587914,16.01692,22.34463,0.009053567,0.014524009,62433.977,0.99969375
2025-07-09 15:11:24.641,0.3353548,10.171516,0.77378637,16.03063,22.364908,0.009063135,0.01453719,62380.58,0.99969393
2025-07-09 15:12:24.641,0.33623314,10.169769,0.77581286,16.020187,22.351381,0.009056708,0.014528398,62421.242,0.9996941
2025-07-09 15:13:24.641,0.32673454,10.169395,0.7538961,16.1201,22.491003,0.00912277,0.014619152,62034.355,0.99969417
2025-07-09 15:14:24.641,0.33369255,10.16597,0.76995057,16.025911,22.361631,0.009061502,0.014535061,62398.95,0.9996944
2025-07-09 15:15:24.641,0.36141396,10.164505,0.83391374,16.08215,22.44098,0.009099025,0.014586638,62180.742,0.99969465
2025-07-09 15:16:24.641,0.34761047,10.163208,0.8020641,16.091911,22.455378,0.00910582,0.014595996,62143.023,0.9996947
2025-07-09 15:17:24.641,0.35422325,10.163582,0.8173221,16.167122,22.560104,0.00915539,0.014664068,61853.93,0.99969476
2025-07-09 15:18:24.641,0.3565979,10.163124,0.82280135,16.139662,22.52206,0.009137377,0.014639339,61959.168,0.99969476
2025-07-09 15:19:24.641,0.33336544,10.161545,0.76919544,16.161999,22.55418,0.009152556,0.014660217,61873.535,0.9996949
2025-07-09 15:20:24.641,0.34371948,10.159058,0.7930858,16.124454,22.503279,0.009128427,0.014627132,62017.6,0.9996951
2025-07-09 15:21:24.641,0.34329224,10.155647,0.7920989,18.047049,25.18874,0.01040253,0.01637268,55410.723,0.9996965
2025-07-09 15:22:24.641,0.34043598,10.151848,0.7855075,19.910273,27.792107,0.0116428295,0.01806487,50225.33,0.99969774
2025-07-09 15:23:24.641,0.3360176,10.147331,0.7753133,17.69146,24.697908,0.010169062,0.016053641,56524.45,0.999697
2025-07-09 15:24:24.641,0.35150337,10.142258,0.8110446,16.636812,23.228725,0.009471745,0.015098671,60107.668,0.9996969
2025-07-09 15:25:24.641,0.33602333,10.136353,0.7753263,16.322714,22.793764,0.009265602,0.014815947,61264.32,0.99969727
2025-07-09 15:26:24.641,0.32850742,10.131355,0.75798416,16.09196,22.474525,0.009114411,0.014608442,62142.832,0.99969757
2025-07-09 15:27:24.641,0.33277702,10.124802,0.76783526,16.045288,22.41326,0.009085325,0.0145686185,62323.594,0.99969816
2025-07-09 15:28:24.641,0.35220814,10.1163025,0.8126691,16.04828,22.422525,0.009089583,0.014574642,62311.973,0.999699
2025-07-09 15:29:24.641,0.337965,10.108551,0.7798046,16.107645,22.510126,0.009130918,0.014631582,62082.32,0.99969965
2025-07-09 15:30:24.641,0.33807182,10.100136,0.7800506,16.018919,22.391161,0.009074505,0.014554256,62426.184,0.9997003
2025-07-09 15:31:24.641,0.34316254,10.093292,0.7917961,16.10502,22.515627,0.009133294,0.014635158,62092.438,0.99970096
2025-07-09 15:32:24.641,0.34117317,10.085739,0.7872054,16.127926,22.5522,0.009150486,0.014658931,62004.254,0.9997017
2025-07-09 15:33:24.641,0.33913803,10.079178,0.7825091,16.099384,22.516233,0.00913337,0.014635552,62114.176,0.9997023
2025-07-09 15:34:24.641,0.33625984,10.072617,0.77586776,16.144426,22.583185,0.0091649555,0.014679071,61940.883,0.9997029
2025-07-09 15:35:24.641,0.34143448,10.065399,0.7878068,16.188778,22.649595,0.009196275,0.014722237,61771.184,0.9997035
2025-07-09 15:36:24.641,0.34423065,10.058296,0.7942581,16.048899,22.458155,0.009105577,0.014597801,62309.57,0.9997041
2025-07-09 15:37:24.641,0.32985497,10.050163,0.7610879,16.01337,22.41331,0.009084239,0.014568651,62447.816,0.99970484
2025-07-09 15:38:24.641,0.34700775,10.044609,0.80066484,16.068941,22.49443,0.009122533,0.01462138,62231.855,0.9997053
2025-07-09 15:39:24.641,0.33533,10.037315,0.77371985,16.094658,22.534822,0.009141538,0.014647636,62132.418,0.999706
2025-07-09 15:40:24.641,0.34523106,10.029816,0.7965643,16.032137,22.451788,0.009102138,0.014593662,62374.72,0.9997067
2025-07-09 15:41:24.641,0.33947182,10.019463,0.7832751,16.032663,22.458746,0.009105272,0.014598185,62372.668,0.9997076
2025-07-09 15:42:24.641,0.33813286,10.010216,0.78018504,16.117376,22.582998,0.009163921,0.0146789495,62044.836,0.9997084
2025-07-09 15:43:24.641,0.341609,10.00209,0.78820515,16.02315,22.455854,0.009103642,0.014596306,62409.703,0.9997091
2025-07-09 15:44:24.641,0.35185623,9.994408,0.8118483,16.09695,22.563925,0.009154657,0.014666552,62123.566,0.99970984
2025-07-09 15:45:24.641,0.3408146,9.987938,0.7863712,16.134197,22.620054,0.009181116,0.014703035,61980.152,0.9997104
2025-07-09 15:46:24.641,0.33624458,9.982208,0.7758263,16.099472,22.574833,0.00915963,0.014673642,62113.84,0.99971086
2025-07-09 15:47:24.641,0.3489399,9.9748,0.80511796,16.175787,22.686344,0.009212283,0.014746124,61820.793,0.9997116
2025-07-09 15:48:24.641,0.34752655,9.965553,0.8018563,16.161194,22.671492,0.009205112,0.01473647,61876.617,0.99971235
2025-07-09 15:49:24.641,0.3446989,9.957039,0.7953314,16.026031,22.487013,0.009117696,0.014616558,62398.48,0.99971306
2025-07-09 15:50:24.641,0.32458878,9.949829,0.74893045,16.064178,22.544893,0.009144969,0.014654181,62250.305,0.99971366
2025-07-09 15:51:24.641,0.36029053,9.943718,0.83130527,15.975375,22.42394,0.009087661,0.0145755615,62596.34,0.99971426
2025-07-09 15:52:24.641,0.331666,9.938538,0.76525897,16.070187,22.560156,0.009152013,0.014664101,62227.03,0.99971473
2025-07-09 15:53:24.641,0.3401289,9.932243,0.7847852,16.111258,22.62163,0.009181002,0.01470406,62068.402,0.99971527
2025-07-09 15:54:24.641,0.34191513,9.92807,0.78890634,16.109179,22.621243,0.009180754,0.014703807,62076.41,0.9997156
2025-07-09 15:55:24.641,0.35611057,9.922806,0.8216593,16.116009,22.63403,0.009186722,0.014712119,62050.1,0.9997161
2025-07-09 15:56:24.641,0.34703636,9.917709,0.8007218,16.219053,22.781864,0.009256601,0.014808212,61655.88,0.99971664
2025-07-09 15:57:24.641,0.3497181,9.915306,0.8069093,16.138172,22.669718,0.009203492,0.014735317,61964.887,0.99971676
2025-07-09 15:58:24.641,0.3518572,9.912071,0.81184465,16.1051,22.625223,0.009182393,0.014706395,62092.13,0.99971706
2025-07-09 15:59:24.641,0.3498478,9.907539,0.807208,16.18703,22.743088,0.009238091,0.014783007,61777.85,0.9997175
2025-07-09 16:00:24.641,0.33489037,9.903465,0.7726963,16.166336,22.716497,0.009225445,0.014765724,61856.934,0.99971783
2025-07-09 16:01:24.641,0.3391304,9.89846,0.78247905,16.24154,22.82524,0.009276828,0.014836405,61570.51,0.99971825
2025-07-09 16:02:24.641,0.33910942,9.893097,0.78243023,16.23072,22.813316,0.009271103,0.014828656,61611.56,0.9997187
2025-07-09 16:03:24.641,0.33232403,9.887909,0.7667739,16.230452,22.816116,0.009272344,0.014830476,61612.582,0.9997192
2025-07-09 16:04:24.641,0.34563255,9.883926,0.7974805,16.152725,22.709282,0.0092217205,0.0147610335,61909.06,0.9997195
2025-07-09 16:05:24.641,0.331666,9.879021,0.765255,16.203989,22.784355,0.009257172,0.014809831,61713.2,0.99972
2025-07-09 16:06:24.641,0.36142826,9.875778,0.8339254,16.194569,22.77309,0.009251793,0.014802509,61749.098,0.9997202
2025-07-09 16:07:24.641,0.34318733,9.87291,0.79183793,16.069803,22.599386,0.009169555,0.014689602,62228.516,0.9997204
2025-07-09 16:08:24.641,0.34204102,9.869301,0.78919274,16.085842,22.624134,0.009181208,0.014705687,62166.47,0.99972075
2025-07-09 16:09:24.641,0.3345623,9.865501,0.77193683,16.240364,22.843796,0.0092850905,0.014848468,61574.973,0.9997211
2025-07-09 16:10:24.641,0.34669495,9.862732,0.79993033,16.114971,22.669104,0.009202381,0.014734917,62054.098,0.9997213
2025-07-09 16:11:24.641,0.337677,9.858185,0.7791229,16.090122,22.636913,0.00918708,0.014713994,62149.934,0.9997217
2025-07-09 16:12:24.641,0.3409233,9.85273,0.78661263,16.224674,22.82956,0.009278148,0.014839214,61634.52,0.99972224
2025-07-09 16:13:24.641,0.3339672,9.846603,0.7705624,16.226278,22.835577,0.0092809,0.014843125,61628.426,0.9997228
2025-07-09 16:14:24.641,0.34467506,9.841965,0.79526836,16.237188,22.85378,0.009289442,0.014854957,61587.016,0.99972314
2025-07-09 16:15:24.641,0.3436165,9.83522,0.7928254,16.265724,22.898096,0.009310308,0.014883763,61478.973,0.9997238
2025-07-09 16:16:24.641,0.3531971,9.828545,0.81493026,16.194933,22.802532,0.009264973,0.014821647,61747.707,0.9997243
2025-07-09 16:17:24.641,0.36212063,9.823456,0.83551913,16.20128,22.814592,0.009270598,0.014829486,61723.516,0.99972475
2025-07-09 16:18:24.641,0.34667778,9.81752,0.7998876,16.219341,22.843672,0.009284268,0.014848387,61654.785,0.9997252
2025-07-09 16:19:24.641,0.33896637,9.812424,0.78209466,16.258408,22.901833,0.009311711,0.014886191,61506.637,0.99972576
2025-07-09 16:20:24.641,0.36073685,9.806862,0.8323252,16.226336,22.860077,0.009291859,0.0148590505,61628.21,0.9997261
2025-07-09 16:21:24.641,0.3462963,9.802338,0.79900634,16.1926,22.815327,0.00927061,0.0148299625,61756.605,0.99972653
2025-07-09 16:22:24.641,0.3577795,9.796761,0.82550097,16.210867,22.844494,0.009284325,0.014848921,61687.016,0.9997271
2025-07-09 16:23:24.641,0.3494358,9.792221,0.8062493,16.24243,22.89177,0.009306622,0.0148796495,61567.145,0.9997275
2025-07-09 16:24:24.641,0.36236858,9.788414,0.83608884,16.24722,22.900866,0.009310866,0.0148855625,61548.996,0.9997278
2025-07-09 16:25:24.641,0.34719276,9.784348,0.80107355,16.204172,22.842691,0.009283273,0.01484775,61712.5,0.9997281
2025-07-09 16:26:24.641,0.34165764,9.781837,0.7883023,16.202179,22.841425,0.009282631,0.014846927,61720.094,0.99972826
2025-07-09 16:27:24.641,0.3305416,9.778503,0.7626541,16.20556,22.848244,0.009285804,0.014851358,61707.215,0.99972856
2025-07-09 16:28:24.641,0.35704803,9.775818,0.8238119,16.187918,22.82502,0.0092747705,0.014836264,61774.47,0.9997288
2025-07-09 16:29:24.641,0.35310555,9.772301,0.8147151,16.243443,22.90548,0.00931279,0.014888562,61563.305,0.9997292
2025-07-09 16:30:24.641,0.35538197,9.769051,0.81996727,16.214186,22.866224,0.00929416,0.014863047,61674.39,0.9997294
2025-07-09 16:31:24.641,0.3400631,9.765984,0.7846221,16.16095,22.793032,0.009259478,0.01481547,61877.55,0.99972963
2025-07-09 16:32:24.641,0.34966087,9.762749,0.8067667,16.186747,22.831404,0.00927758,0.014840413,61778.938,0.99972993
2025-07-09 16:33:24.641,0.338336,9.760704,0.78063685,16.187853,22.834223,0.009278881,0.014842245,61774.715,0.9997301
2025-07-09 16:34:24.641,0.35012436,9.757271,0.80783564,16.294657,22.987005,0.0093511315,0.014941554,61369.812,0.99973047
2025-07-09 16:35:24.641,0.33037758,9.753197,0.76227397,16.25626,22.935354,0.009326617,0.01490798,61514.766,0.99973077
2025-07-09 16:36:24.641,0.3471222,9.750427,0.8009083,16.292734,22.98853,0.0093517415,0.014942544,61377.05,0.999731
2025-07-09 16:37:24.641,0.34078407,9.746613,0.7862843,16.276787,22.968391,0.009342146,0.014929455,61437.188,0.9997313
2025-07-09 16:38:24.641,0.3445673,9.743362,0.795013,16.347715,23.0705,0.009390426,0.014995825,61170.63,0.99973166
2025-07-09 16:39:24.641,0.3583851,9.739937,0.8268941,16.35903,23.088598,0.009398937,0.015007589,61128.32,0.999732
2025-07-09 16:40:24.641,0.34426022,9.735779,0.7943039,16.413366,23.167883,0.009436405,0.015059124,60925.953,0.9997323
2025-07-09 16:41:24.641,0.32944775,9.731224,0.7601272,16.361725,23.097828,0.009403162,0.015013589,61118.25,0.99973273
2025-07-09 16:42:24.641,0.34024048,9.727051,0.78502876,16.25069,22.943663,0.009330123,0.014913381,61535.848,0.999733
2025-07-09 16:43:24.641,0.0009021759,9.772667,0.0020815923,0,0,0,0,10000000,0.99972177
2025-07-09 16:44:24.641,-0.0019817352,10.974991,-0.004572973,0,0,0,0,10000000,0.99960995
2025-07-09 16:45:24.641,0.00047683716,11.978676,0.0011004492,0,0,0,0,10000000,0.99950206
2025-07-09 16:46:24.641,0.003616333,12.716087,0.008346536,0,0,0,0,10000000,0.9994147
2025-07-09 16:47:24.641,0.0059375763,13.255211,0.013704927,0,0,0,0,10000000,0.9993465
2025-07-09 16:48:24.641,-0.0025291443,13.678932,-0.005838019,0,0,5.820766E-11,0,10000000,0.9992904
2025-07-09 16:49:24.641,-0.0036878586,14.634666,-0.008513823,0,0,0,0,10000000,0.9991559
2025-07-09 16:50:24.641,-0.0058660507,15.156738,-0.0135434745,0,0,0,0,10000000,0.9990778
2025-07-09 16:51:24.641,0.0019693375,15.3999405,0.004546955,0,0,0,0,10000000,0.99904037
2025-07-09 16:52:24.641,0.008110046,15.534424,0.018725485,0,0,8.731149E-11,0,10000000,0.9990193
2025-07-09 16:53:24.641,0.01305294,15.607384,0.0301386,0,0,0,0,10000000,0.9990078
2025-07-09 16:54:24.641,0.018334389,15.698341,0.042333815,0,0,0,0,10000000,0.9989934
2025-07-09 16:55:24.641,0.020986557,15.796242,0.048458386,0,0,0,0,10000000,0.99897784
2025-07-09 16:56:24.641,0.019170761,16.211021,0.04426866,0,0,0,0,10000000,0.9989105
2025-07-09 16:57:24.641,0.020299911,16.217018,0.046876114,0,0,1.1641532E-10,0,10000000,0.9989095
2025-07-09 16:58:24.641,0.023014069,16.413017,0.05314532,0,0,0,0,10000000,0.99887687
2025-07-09 16:59:24.641,0.022335052,16.605705,0.051578972,0,0,1.7462298E-10,0,10000000,0.9988445
2025-07-09 17:00:24.641,0.021802902,16.760498,0.05035139,0,0,2.910383E-10,0,10000000,0.99881816
2025-07-09 17:01:24.641,0.02186966,16.903511,0.0505068,0,0,0,0,10000000,0.9987936
2025-07-09 17:02:24.641,0.023236275,17.01587,0.053663973,0,0,1.7462298E-10,0,10000000,0.9987741
2025-07-09 17:03:24.641,0.021554947,17.12687,0.049781926,0,0,2.3283064E-10,0,10000000,0.99875474
2025-07-09 17:04:24.641,0.023358345,17.216484,0.053947788,0,0,2.3283064E-10,0,10000000,0.998739
2025-07-09 17:05:24.641,0.02152443,17.309242,0.049713045,0,0,0,0,10000000,0.9987226
2025-07-09 17:06:24.641,0.021224976,17.392746,0.04902215,0,0,2.3283064E-10,0,10000000,0.9987078
2025-07-09 17:07:24.641,0.022031784,17.468597,0.050886285,0,0,0,0,10000000,0.99869424
2025-07-09 17:08:24.641,0.022211075,17.572426,0.05130134,0,0,1.1641532E-10,0,10000000,0.9986756
