Location Properties,,,,,,
Location Name = Device Location,,,,,,
,,,,,,
Report Properties,,,,,,
Start Time = 2025-08-05 08:33:43,,,,,,
Time Offset = -07:00:00,,,,,,
Duration = 00:36:41,,,,,,
Readings = 2202,,,,,,
,,,,,,
Instrument Properties,,,,,,
Device Model = Aqua TROLL 200,,,,,,
Device SN = 840058,,,,,,
,,,,,,
,,,,,,
Date Time,Pressure (psi) (840058),Temperature (Â°C) (840058),Depth (ft) (840058),Actual Conductivity (ÂµS/cm) (840058),Specific Conductivity (ÂµS/cm) (840058),Marked
8/5/2025 8:50,13.7401,6.4936037,31.69374,18.97139,29.3435,
8/5/2025 8:50,13.758338,6.493841,31.735807,18.970278,29.341574,
8/5/2025 8:50,13.759315,6.49385,31.738062,18.969988,29.341118,
8/5/2025 8:50,13.760291,6.493859,31.740314,18.969696,29.34066,
8/5/2025 8:50,13.742623,6.4939513,31.69956,18.967865,29.337746,
8/5/2025 8:50,13.742036,6.4939632,31.698204,18.967728,29.337523,
8/5/2025 8:50,13.741447,6.493975,31.696848,18.96759,29.337301,
8/5/2025 8:50,13.753798,6.494484,31.725338,18.960234,29.325481,
8/5/2025 8:50,13.754103,6.4945164,31.72604,18.95975,29.324703,
8/5/2025 8:50,13.736097,6.494851,31.684507,18.966991,29.335617,
8/5/2025 8:50,13.735282,6.494884,31.682625,18.96727,29.336018,
8/5/2025 8:50,13.734466,6.494917,31.680742,18.967546,29.336418,
8/5/2025 8:50,13.728728,6.494837,31.66751,18.971792,29.343054,
8/5/2025 8:50,13.727921,6.4948406,31.665648,18.972233,29.34373,
8/5/2025 8:50,13.727114,6.4948444,31.663786,18.972673,29.34441,
8/5/2025 8:50,13.740171,6.4955297,31.693903,18.978374,29.352633,
8/5/2025 8:50,13.740805,6.4955697,31.695364,18.978827,29.353298,
8/5/2025 8:50,13.743139,6.4956636,31.700748,18.979568,29.354364,
8/5/2025 8:50,13.743592,6.4956865,31.701796,18.979753,29.354631,
8/5/2025 8:50,13.744046,6.495709,31.702843,18.97994,29.3549,
8/5/2025 8:50,13.736497,6.496125,31.685429,18.974045,29.34542,
8/5/2025 8:50,13.7361,6.496153,31.684513,18.97371,29.344875,
8/5/2025 8:50,13.735703,6.4961805,31.6836,18.973372,29.34433,
8/5/2025 8:50,13.739147,6.4965115,31.691542,18.979353,29.353294,
8/5/2025 8:50,13.739162,6.4965415,31.691576,18.979557,29.353582,
8/5/2025 8:50,13.739785,6.4970527,31.693012,18.971786,29.341125,
8/5/2025 8:50,13.739904,6.4970913,31.693289,18.971453,29.340574,
8/5/2025 8:50,13.740025,6.4971304,31.693565,18.971119,29.340025,
8/5/2025 8:50,13.746067,6.497051,31.707506,18.968777,29.336468,
8/5/2025 8:50,13.746444,6.497058,31.708374,18.968443,29.335945,
8/5/2025 8:50,13.7468195,6.4970655,31.709242,18.96811,29.335423,
8/5/2025 8:50,13.739564,6.4977393,31.692505,18.987387,29.364656,
8/5/2025 8:50,13.739279,6.4977775,31.691847,18.988483,29.36632,
8/5/2025 8:50,13.738994,6.497816,31.691189,18.98958,29.367985,
8/5/2025 8:50,13.75106,6.4979877,31.71902,18.980541,29.353851,
8/5/2025 8:50,13.751577,6.498015,31.720215,18.980507,29.353775,
8/5/2025 8:50,13.741224,6.498333,31.696333,18.969093,29.335848,
8/5/2025 8:50,13.740882,6.498356,31.695543,18.968203,29.33445,
8/5/2025 8:50,13.74054,6.498379,31.694754,18.967312,29.333054,
8/5/2025 8:50,13.734012,6.4985595,31.679695,18.970097,29.337204,
8/5/2025 8:50,13.733362,6.498578,31.678196,18.969995,29.337032,
8/5/2025 8:50,13.732712,6.4985967,31.676697,18.969894,29.33686,
8/5/2025 8:50,13.745689,6.49868,31.706635,18.967424,29.332966,
8/5/2025 8:50,13.746288,6.49869,31.708015,18.967344,29.332836,
8/5/2025 8:50,13.737551,6.498782,31.687859,18.969316,29.335806,
8/5/2025 8:50,13.737316,6.4987903,31.68732,18.969376,29.33589,
8/5/2025 8:50,13.7370825,6.498798,31.68678,18.969433,29.335974,
8/5/2025 8:50,13.757875,6.499209,31.734741,18.980076,29.352076,
8/5/2025 8:50,13.758913,6.499236,31.737135,18.980768,29.353125,
8/5/2025 8:50,13.759951,6.4992633,31.739529,18.98146,29.354172,
8/5/2025 8:50,13.745007,6.4997735,31.705057,18.976187,29.345572,
8/5/2025 8:50,13.744638,6.4998145,31.70421,18.976143,29.345467,
8/5/2025 8:50,13.752761,6.4999113,31.722946,18.97872,29.349367,
8/5/2025 8:50,13.752894,6.4999294,31.723253,18.97875,29.3494,
8/5/2025 8:50,13.753027,6.4999475,31.72356,18.97878,29.349432,
8/5/2025 8:50,13.738955,6.50036,31.691097,18.976027,29.344814,
8/5/2025 8:50,13.738305,6.500387,31.6896,18.975924,29.344631,
8/5/2025 8:50,13.737657,6.500415,31.688103,18.975822,29.34445,
8/5/2025 8:50,13.745924,6.5005054,31.707174,18.983976,29.356981,
8/5/2025 8:50,13.74606,6.500521,31.70749,18.984394,29.357613,
8/5/2025 8:51,13.743352,6.50003,31.70124,18.977062,29.3467,
8/5/2025 8:51,13.743387,6.500002,31.701323,18.976807,29.346329,
8/5/2025 8:51,13.7434225,6.499974,31.701403,18.97655,29.345957,
8/5/2025 8:51,13.753477,6.5002213,31.724598,18.979435,29.350206,
8/5/2025 8:51,13.754016,6.5002236,31.72584,18.979424,29.350187,
8/5/2025 8:51,13.754555,6.500226,31.727083,18.979412,29.350168,
8/5/2025 8:51,13.748239,6.5004873,31.712513,18.975775,29.344315,
8/5/2025 8:51,13.74812,6.5005093,31.71224,18.97563,29.344072,
8/5/2025 8:51,13.75162,6.500607,31.720312,18.969242,29.334108,
8/5/2025 8:51,13.751685,6.500619,31.720463,18.96876,29.333351,
8/5/2025 8:51,13.75175,6.500631,31.720613,18.968275,29.332592,
8/5/2025 8:51,13.743637,6.5005374,31.701902,18.974344,29.34206,
8/5/2025 8:51,13.743237,6.5005345,31.700977,18.974552,29.342382,
8/5/2025 8:51,13.742835,6.500531,31.700052,18.974758,29.342705,
8/5/2025 8:51,13.747496,6.500623,31.7108,18.971413,29.33745,
8/5/2025 8:51,13.747566,6.500626,31.710962,18.971363,29.337372,
8/5/2025 8:51,13.742042,6.5012703,31.698221,18.968489,29.332369,
8/5/2025 8:51,13.741813,6.5013123,31.697691,18.96823,29.33193,
8/5/2025 8:51,13.741583,6.5013547,31.697163,18.96797,29.331491,
8/5/2025 8:51,13.741366,6.5015306,31.69666,18.973692,29.340189,
8/5/2025 8:51,13.741212,6.501558,31.696304,18.973965,29.340588,
8/5/2025 8:51,13.741058,6.5015845,31.695948,18.974236,29.340984,
8/5/2025 8:51,13.742495,6.5016627,31.69926,18.9828,29.354158,
8/5/2025 8:51,13.742573,6.5016723,31.699442,18.983454,29.35516,
8/5/2025 8:51,13.743742,6.502005,31.70214,18.975786,29.343016,
8/5/2025 8:51,13.743847,6.5020275,31.702381,18.975513,29.342575,
8/5/2025 8:51,13.743951,6.5020504,31.702621,18.97524,29.342133,
8/5/2025 8:51,13.730977,6.502479,31.672697,18.972113,29.336927,
8/5/2025 8:51,13.730221,6.5025134,31.670952,18.97173,29.336304,
8/5/2025 8:51,13.729465,6.5025477,31.669207,18.971346,29.335682,
8/5/2025 8:51,13.750769,6.5027127,31.71835,18.968079,29.330486,
8/5/2025 8:51,13.751696,6.5027337,31.72049,18.967804,29.330044,
8/5/2025 8:51,13.74533,6.5027394,31.705803,18.968252,29.33073,
8/5/2025 8:51,13.745426,6.5027437,31.706024,18.9682,29.33065,
8/5/2025 8:51,13.7455225,6.502748,31.706245,18.968151,29.330568,
8/5/2025 8:51,13.7346525,6.503499,31.681175,18.97431,29.33944,
8/5/2025 8:51,13.733822,6.5035443,31.679258,18.974697,29.339998,
8/5/2025 8:51,13.73299,6.50359,31.677341,18.975082,29.340555,
8/5/2025 8:51,13.747323,6.50386,31.7104,18.978872,29.346182,
8/5/2025 8:51,13.747898,6.503895,31.711725,18.979254,29.34674,
8/5/2025 8:51,13.726476,6.504058,31.662312,18.969538,29.331575,
8/5/2025 8:51,13.725484,6.504074,31.660027,18.969025,29.330767,
8/5/2025 8:51,13.724493,6.504091,31.65774,18.96851,29.329958,
8/5/2025 8:51,13.745873,6.5045004,31.707058,18.970448,29.3326,
8/5/2025 8:51,13.746626,6.5045295,31.708796,18.97032,29.332375,
8/5/2025 8:51,13.747379,6.5045586,31.710531,18.97019,29.332151,
8/5/2025 8:51,13.730755,6.50474,31.672186,18.971308,29.333721,
8/5/2025 8:51,13.7303095,6.5047617,31.671158,18.971418,29.333874,
8/5/2025 8:51,13.745101,6.50493,31.705276,18.96792,29.328321,
8/5/2025 8:51,13.745628,6.504945,31.706491,18.967722,29.328003,
8/5/2025 8:51,13.746155,6.5049596,31.707708,18.967525,29.327684,
8/5/2025 8:51,13.751455,6.5053763,31.719933,18.964874,29.323223,
8/5/2025 8:51,13.752163,6.505406,31.721565,18.964622,29.322811,
8/5/2025 8:51,13.752871,6.5054355,31.723198,18.964373,29.322397,
8/5/2025 8:51,13.737954,6.5052686,31.688787,18.96292,29.320295,
8/5/2025 8:51,13.737207,6.5052695,31.687067,18.962765,29.320053,
8/5/2025 8:51,13.73955,6.5057545,31.692469,18.964586,29.322453,
8/5/2025 8:51,13.73935,6.5057807,31.692009,18.964664,29.32255,
8/5/2025 8:51,13.739151,6.505807,31.691551,18.964743,29.322647,
8/5/2025 8:51,13.728417,6.5058193,31.666792,18.961407,29.317482,
8/5/2025 8:52,13.727829,6.505832,31.665436,18.961252,29.317228,
8/5/2025 8:52,13.7272415,6.505845,31.664078,18.961096,29.316977,
8/5/2025 8:52,13.752381,6.5068445,31.722069,18.963285,29.319496,
8/5/2025 8:52,13.753604,6.5069046,31.724888,18.963331,29.319515,
8/5/2025 8:52,13.738846,6.506867,31.690847,18.968512,29.327559,
8/5/2025 8:52,13.738524,6.5068884,31.690105,18.968887,29.32812,
8/5/2025 8:52,13.738202,6.5069094,31.689362,18.969261,29.328678,
8/5/2025 8:52,13.734963,6.5071363,31.68189,18.98113,29.346834,
8/5/2025 8:52,13.734386,6.507149,31.68056,18.981981,29.348139,
8/5/2025 8:52,13.7338085,6.5071616,31.67923,18.982832,29.349443,
8/5/2025 8:52,13.743218,6.507678,31.700935,18.958385,29.311197,
8/5/2025 8:52,13.743687,6.5077143,31.702015,18.957254,29.309418,
8/5/2025 8:52,13.726077,6.5079727,31.661392,18.967491,29.32502,
8/5/2025 8:52,13.725188,6.5080004,31.659342,18.967573,29.325123,
8/5/2025 8:52,13.724299,6.5080285,31.657291,18.967655,29.325226,
8/5/2025 8:52,13.730467,6.5083666,31.671518,18.979786,29.343689,
8/5/2025 8:52,13.730393,6.508394,31.67135,18.980803,29.345238,
8/5/2025 8:52,13.730321,6.5084205,31.671183,18.981817,29.346786,
8/5/2025 8:52,13.728327,6.508515,31.666582,18.9831,29.348688,
8/5/2025 8:52,13.728359,6.508529,31.666658,18.983486,29.34927,
8/5/2025 8:52,13.747812,6.509342,31.71153,18.98119,29.345016,
8/5/2025 8:52,13.748968,6.5093946,31.714197,18.981075,29.344795,
8/5/2025 8:52,13.750125,6.5094476,31.716864,18.98096,29.344572,
8/5/2025 8:52,13.74338,6.5092254,31.701305,18.984228,29.349815,
8/5/2025 8:52,13.743458,6.509232,31.701487,18.98437,29.350027,
8/5/2025 8:52,13.743536,6.509239,31.701666,18.98451,29.350237,
8/5/2025 8:52,13.757742,6.5095487,31.734434,18.980576,29.343887,
8/5/2025 8:52,13.758413,6.5095615,31.735983,18.980427,29.343645,
8/5/2025 8:52,13.744074,6.5100555,31.702908,18.981256,29.344498,
8/5/2025 8:52,13.743502,6.510094,31.701586,18.981218,29.344404,
8/5/2025 8:52,13.7429285,6.510133,31.700266,18.981178,29.34431,
8/5/2025 8:52,13.735656,6.5104856,31.683489,18.988035,29.354607,
8/5/2025 8:52,13.73483,6.5105195,31.681583,18.988482,29.355268,
8/5/2025 8:52,13.734004,6.510554,31.67968,18.98893,29.35593,
8/5/2025 8:52,13.745279,6.5103827,31.705688,18.975996,29.33608,
8/5/2025 8:52,13.745764,6.5103817,31.706804,18.975397,29.335157,
8/5/2025 8:52,13.738563,6.510203,31.690193,18.994698,29.365149,
8/5/2025 8:52,13.738374,6.5101876,31.689756,18.995596,29.366552,
8/5/2025 8:52,13.738184,6.510173,31.689322,18.996496,29.367956,
8/5/2025 8:52,13.752522,6.5107646,31.722393,19.002623,29.376915,
8/5/2025 8:52,13.753212,6.510796,31.723986,19.003489,29.378227,
8/5/2025 8:52,13.753902,6.510828,31.725576,19.004354,29.37954,
8/5/2025 8:52,13.742009,6.5115,31.698143,18.998987,29.370657,
8/5/2025 8:52,13.741659,6.511555,31.697336,18.998823,29.370354,
8/5/2025 8:52,13.741309,6.5116105,31.69653,18.99866,29.370052,
8/5/2025 8:52,13.746519,6.5115986,31.708544,18.997005,29.36751,
8/5/2025 8:52,13.746532,6.5116153,31.708576,18.996784,29.367153,
8/5/2025 8:52,13.748472,6.511952,31.71305,19.000725,29.372952,
8/5/2025 8:52,13.748718,6.511973,31.71362,19.000929,29.37325,
8/5/2025 8:52,13.748964,6.511994,31.714186,19.001133,29.373547,
8/5/2025 8:52,13.731319,6.512426,31.673487,19.002222,29.374855,
8/5/2025 8:52,13.7303095,6.51246,31.671158,19.002388,29.37508,
8/5/2025 8:52,13.7293,6.5124946,31.668829,19.002552,29.375303,
8/5/2025 8:52,13.745015,6.512563,31.705078,19.001225,29.373196,
8/5/2025 8:52,13.745493,6.5125785,31.706179,19.001177,29.37311,
8/5/2025 8:52,13.746301,6.512988,31.708042,18.99425,29.362043,
8/5/2025 8:52,13.746718,6.5130153,31.709005,18.9938,29.361326,
8/5/2025 8:52,13.747136,6.513042,31.709969,18.99335,29.360607,
8/5/2025 8:52,13.745967,6.5137277,31.707273,18.991585,29.35728,
8/5/2025 8:52,13.745916,6.513779,31.707157,18.991304,29.356806,
8/5/2025 8:53,13.745866,6.5138307,31.70704,18.991026,29.356329,
8/5/2025 8:53,13.741014,6.513826,31.695848,18.989048,29.353277,
8/5/2025 8:53,13.740702,6.513843,31.695127,18.98888,29.353003,
8/5/2025 8:53,13.748547,6.5139117,31.713224,18.99402,29.36089,
8/5/2025 8:53,13.748911,6.513916,31.714066,18.994284,29.361294,
8/5/2025 8:53,13.749276,6.5139203,31.714905,18.994549,29.361698,
8/5/2025 8:53,13.749268,6.5143447,31.714886,19.00544,29.378166,
8/5/2025 8:53,13.749465,6.5143714,31.715342,19.006216,29.379341,
8/5/2025 8:53,13.749663,6.5143986,31.7158,19.00699,29.380514,
8/5/2025 8:53,13.746767,6.5138917,31.70912,18.999456,29.369308,
8/5/2025 8:53,13.7466,6.513872,31.708735,18.99928,29.369055,
8/5/2025 8:53,13.748696,6.5148363,31.713568,19.000284,29.369772,
8/5/2025 8:53,13.74876,6.5148835,31.713715,19.000166,29.369549,
8/5/2025 8:53,13.748823,6.5149302,31.713861,19.00005,29.369326,
8/5/2025 8:53,13.737686,6.515213,31.688173,19.007126,29.380016,
8/5/2025 8:53,13.737069,6.5152545,31.686749,19.007576,29.380676,
8/5/2025 8:53,13.736451,6.5152955,31.685326,19.008026,29.381336,
8/5/2025 8:53,13.724526,6.5159607,31.657816,19.005575,29.376972,
8/5/2025 8:53,13.723539,6.516008,31.65554,19.00561,29.376984,
8/5/2025 8:53,13.732613,6.516026,31.676468,19.010979,29.385267,
8/5/2025 8:53,13.732888,6.516043,31.677105,19.011253,29.385675,
8/5/2025 8:53,13.733165,6.5160604,31.677742,19.011526,29.386084,
8/5/2025 8:53,13.734916,6.5159793,31.681782,19.014536,29.390808,
8/5/2025 8:53,13.7352495,6.515975,31.68255,19.014854,29.391302,
8/5/2025 8:53,13.735582,6.51597,31.683321,19.015171,29.391798,
8/5/2025 8:53,13.726962,6.5165596,31.663435,19.012016,29.386412,
8/5/2025 8:53,13.726501,6.5165925,31.662373,19.011911,29.386219,
8/5/2025 8:53,13.734632,6.5170193,31.681124,19.012613,29.386934,
8/5/2025 8:53,13.734933,6.5170593,31.68182,19.012585,29.386856,
8/5/2025 8:53,13.735234,6.5170994,31.682516,19.012556,29.386778,
8/5/2025 8:53,13.739468,6.5174384,31.69228,19.00859,29.380352,
8/5/2025 8:53,13.739928,6.5174694,31.693342,19.00837,29.379982,
8/5/2025 8:53,13.740389,6.517501,31.694405,19.00815,29.379614,
8/5/2025 8:53,13.737672,6.5173187,31.688139,19.013233,29.387632,
8/5/2025 8:53,13.737624,6.517317,31.68803,19.013432,29.387938,
8/5/2025 8:53,13.7508745,6.517962,31.718592,19.005688,29.375412,
8/5/2025 8:53,13.751638,6.517998,31.720354,19.005325,29.374819,
8/5/2025 8:53,13.752403,6.5180345,31.722118,19.004963,29.374228,
8/5/2025 8:53,13.740289,6.517887,31.694176,19.014088,29.388458,
8/5/2025 8:53,13.7399,6.5178947,31.693277,19.014439,29.388992,
8/5/2025 8:53,13.739511,6.5179024,31.69238,19.014788,29.389526,
8/5/2025 8:53,13.730111,6.518577,31.670698,19.012531,29.385454,
8/5/2025 8:53,13.729259,6.518614,31.668732,19.012625,29.385567,
8/5/2025 8:53,13.761035,6.5188746,31.74203,19.010784,29.382494,
8/5/2025 8:53,13.762777,6.518907,31.746048,19.010614,29.382202,
8/5/2025 8:53,13.764519,6.5189395,31.750065,19.010443,29.381912,
8/5/2025 8:53,13.754633,6.5189357,31.727262,19.000925,29.367203,
8/5/2025 8:53,13.754846,6.5189424,31.727755,19.000309,29.366245,
8/5/2025 8:53,13.755058,6.5189486,31.728245,18.999693,29.365288,
8/5/2025 8:53,13.753184,6.5187755,31.72392,19.00813,29.378477,
8/5/2025 8:53,13.752847,6.518766,31.723143,19.008385,29.378881,
8/5/2025 8:53,13.746655,6.5192556,31.70886,19.02044,29.397087,
8/5/2025 8:53,13.746241,6.5192823,31.707903,19.02139,29.398537,
8/5/2025 8:53,13.745826,6.5193095,31.706945,19.022345,29.399984,
8/5/2025 8:53,13.741226,6.5201426,31.696337,19.005192,29.372753,
8/5/2025 8:53,13.740788,6.5202055,31.695328,19.004477,29.371593,
8/5/2025 8:53,13.740352,6.520268,31.69432,19.003761,29.370434,
8/5/2025 8:53,13.748574,6.520185,31.713287,19.00471,29.371971,
8/5/2025 8:53,13.748944,6.520201,31.71414,19.00435,29.371405,
8/5/2025 8:53,13.738063,6.521023,31.689041,19.004148,29.370378,
8/5/2025 8:54,13.737586,6.5210714,31.687943,19.00417,29.370367,
8/5/2025 8:54,13.73711,6.52112,31.686842,19.004189,29.370356,
8/5/2025 8:54,13.758315,6.521554,31.735756,19.008333,29.376383,
8/5/2025 8:54,13.759321,6.521601,31.738077,19.008577,29.37672,
8/5/2025 8:54,13.760327,6.521648,31.740396,19.008821,29.377058,
8/5/2025 8:54,13.730793,6.5221415,31.672272,19.002966,29.367582,
8/5/2025 8:54,13.729579,6.522182,31.669472,19.002726,29.367174,
8/5/2025 8:54,13.744056,6.5221252,31.702864,19.002308,29.366575,
8/5/2025 8:54,13.744248,6.5221334,31.703308,19.002144,29.366314,
8/5/2025 8:54,13.744441,6.522142,31.703753,19.00198,29.366055,
8/5/2025 8:54,13.740479,6.5224595,31.694616,19.003693,29.368427,
8/5/2025 8:54,13.740611,6.522477,31.69492,19.003786,29.368557,
8/5/2025 8:54,13.740743,6.522495,31.695223,19.00388,29.368687,
8/5/2025 8:54,13.74459,6.5226746,31.704096,19.006899,29.373198,
8/5/2025 8:54,13.7447195,6.522693,31.704393,19.007118,29.373522,
8/5/2025 8:54,13.738753,6.5227823,31.690634,18.995783,29.355925,
8/5/2025 8:54,13.738482,6.522792,31.690008,18.995153,29.354944,
8/5/2025 8:54,13.738212,6.5228014,31.689383,18.994522,29.353962,
8/5/2025 8:54,13.732672,6.523218,31.676605,19.00627,29.371754,
8/5/2025 8:54,13.732184,6.523246,31.675482,19.006693,29.372383,
8/5/2025 8:54,13.731698,6.523273,31.67436,19.007116,29.373014,
8/5/2025 8:54,13.753068,6.5235176,31.723652,19.004639,29.368973,
8/5/2025 8:54,13.754191,6.523543,31.726244,19.004784,29.369175,
8/5/2025 8:54,13.755093,6.524049,31.728323,19.005913,29.370481,
8/5/2025 8:54,13.755649,6.5240855,31.729605,19.005917,29.370457,
8/5/2025 8:54,13.756205,6.5241227,31.730886,19.005922,29.370432,
8/5/2025 8:54,13.768657,6.5245533,31.759611,19.014053,29.382626,
8/5/2025 8:54,13.769429,6.524592,31.761393,19.014576,29.383398,
8/5/2025 8:54,13.770202,6.524631,31.763174,19.015097,29.384169,
8/5/2025 8:54,13.747329,6.5247054,31.710413,19.007004,29.371597,
8/5/2025 8:54,13.746304,6.524721,31.70805,19.006733,29.371166,
8/5/2025 8:54,13.750331,6.5253787,31.71734,19.002707,29.364374,
8/5/2025 8:54,13.750052,6.5254216,31.716698,19.00227,29.363659,
8/5/2025 8:54,13.749774,6.5254645,31.716057,19.001831,29.362944,
8/5/2025 8:54,13.724417,6.5253105,31.657566,19.009827,29.375437,
8/5/2025 8:54,13.722995,6.525318,31.654285,19.010212,29.376024,
8/5/2025 8:54,13.721572,6.525326,31.651003,19.010595,29.37661,
8/5/2025 8:54,13.74117,6.5252166,31.696207,19.01234,29.3794,
8/5/2025 8:54,13.741688,6.5252066,31.697403,19.012642,29.379877,
8/5/2025 8:54,13.737642,6.5259547,31.68807,19.01534,29.383398,
8/5/2025 8:54,13.737859,6.5259986,31.688568,19.015547,29.383677,
8/5/2025 8:54,13.738075,6.5260425,31.689068,19.01575,29.383955,
8/5/2025 8:54,13.744147,6.5265546,31.703075,19.00971,29.374178,
8/5/2025 8:54,13.744409,6.526604,31.703678,19.009413,29.373674,
8/5/2025 8:54,13.744669,6.5266542,31.704279,19.009115,29.37317,
8/5/2025 8:54,13.752137,6.526557,31.721504,18.99934,29.358149,
8/5/2025 8:54,13.752731,6.526565,31.722876,18.998615,29.357021,
8/5/2025 8:54,13.753325,6.5265727,31.724247,18.99789,29.355896,
8/5/2025 8:54,13.733688,6.526903,31.678951,19.010515,29.375118,
8/5/2025 8:54,13.732763,6.526921,31.676819,19.010983,29.375826,
8/5/2025 8:54,13.7443495,6.5276017,31.703543,19.011936,29.376709,
8/5/2025 8:54,13.744634,6.5276513,31.704199,19.012272,29.377182,
8/5/2025 8:54,13.744918,6.527701,31.704855,19.012606,29.377657,
8/5/2025 8:54,13.75471,6.5275393,31.72744,19.007996,29.370674,
8/5/2025 8:54,13.755604,6.527547,31.729502,19.007738,29.37027,
8/5/2025 8:54,13.756497,6.527555,31.731562,19.00748,29.369864,
8/5/2025 8:54,13.749409,6.5283,31.715212,19.005589,29.366295,
8/5/2025 8:54,13.74925,6.5283403,31.714848,19.005363,29.365911,
8/5/2025 8:54,13.739481,6.528687,31.692312,19.005726,29.366173,
8/5/2025 8:54,13.73874,6.5287256,31.690603,19.005701,29.3661,
8/5/2025 8:55,13.737999,6.5287642,31.688894,19.005676,29.36603,
8/5/2025 8:55,13.742139,6.5285172,31.698444,19.010147,29.37315,
8/5/2025 8:55,13.742148,6.528511,31.698467,19.010418,29.373573,
8/5/2025 8:55,13.742159,6.528505,31.69849,19.010687,29.373995,
8/5/2025 8:55,13.752401,6.529175,31.722113,19.010647,29.373354,
8/5/2025 8:55,13.753101,6.529208,31.723728,19.010752,29.373486,
8/5/2025 8:55,13.735062,6.5295486,31.682117,19.014975,29.379717,
8/5/2025 8:55,13.734161,6.5295854,31.680042,19.015234,29.380085,
8/5/2025 8:55,13.733262,6.529622,31.677965,19.015493,29.380453,
8/5/2025 8:55,13.735347,6.529216,31.682775,19.008764,29.370409,
8/5/2025 8:55,13.735012,6.529199,31.682003,19.00846,29.369951,
8/5/2025 8:55,13.734676,6.5291824,31.68123,19.008154,29.369493,
8/5/2025 8:55,13.755818,6.529265,31.729996,19.018967,29.38613,
8/5/2025 8:55,13.757134,6.5292597,31.733032,19.019445,29.386873,
8/5/2025 8:55,13.758451,6.5292544,31.736069,19.019924,29.387617,
8/5/2025 8:55,13.7347145,6.5292645,31.681316,19.020685,29.388786,
8/5/2025 8:55,13.733854,6.529267,31.679333,19.021,29.38927,
8/5/2025 8:55,13.743302,6.529587,31.701128,19.021093,29.389137,
8/5/2025 8:55,13.743327,6.5296063,31.701185,19.021116,29.389154,
8/5/2025 8:55,13.743352,6.529626,31.701242,19.02114,29.389174,
8/5/2025 8:55,13.76316,6.5302176,31.746931,19.0259,29.396017,
8/5/2025 8:55,13.7645855,6.5302615,31.75022,19.02619,29.396425,
8/5/2025 8:55,13.766011,6.530305,31.753508,19.02648,29.396835,
8/5/2025 8:55,13.732589,6.530735,31.676414,19.029873,29.401705,
8/5/2025 8:55,13.73113,6.5307755,31.673048,19.030193,29.402166,
8/5/2025 8:55,13.743253,6.531777,31.701012,19.021292,29.387543,
8/5/2025 8:55,13.743215,6.531849,31.700924,19.020828,29.386765,
8/5/2025 8:55,13.743177,6.5319204,31.700838,19.020365,29.385986,
8/5/2025 8:55,13.741149,6.53143,31.696161,19.023764,29.391663,
8/5/2025 8:55,13.741332,6.531426,31.69658,19.023743,29.391634,
8/5/2025 8:55,13.741514,6.531422,31.697002,19.023722,29.391607,
8/5/2025 8:55,13.7357645,6.531819,31.683739,19.034071,29.407251,
8/5/2025 8:55,13.735375,6.531831,31.68284,19.034758,29.408304,
8/5/2025 8:55,13.76313,6.5326743,31.746862,19.0281,29.397282,
8/5/2025 8:55,13.764705,6.532736,31.750492,19.02793,29.396967,
8/5/2025 8:55,13.766278,6.5327973,31.754122,19.027761,29.396652,
8/5/2025 8:55,13.733719,6.53297,31.67902,19.017204,29.380196,
8/5/2025 8:55,13.732483,6.5330014,31.67617,19.016407,29.378935,
8/5/2025 8:55,13.731247,6.5330334,31.673319,19.01561,29.377676,
8/5/2025 8:55,13.746844,6.532928,31.709295,19.016253,29.378761,
8/5/2025 8:55,13.746979,6.532927,31.709606,19.016024,29.378408,
8/5/2025 8:55,13.745136,6.5335836,31.705359,19.022774,29.388268,
8/5/2025 8:55,13.745411,6.533622,31.705992,19.0232,29.388893,
8/5/2025 8:55,13.745686,6.53366,31.706627,19.023624,29.389517,
8/5/2025 8:55,13.756385,6.5341773,31.731304,19.028046,29.395895,
8/5/2025 8:55,13.756982,6.534225,31.732681,19.02848,29.396528,
8/5/2025 8:55,13.757579,6.5342727,31.734058,19.028917,29.39716,
8/5/2025 8:55,13.724247,6.535123,31.657171,19.025785,29.391582,
8/5/2025 8:55,13.72256,6.535187,31.65328,19.02572,29.391426,
8/5/2025 8:55,13.737244,6.535619,31.687151,19.019909,29.382074,
8/5/2025 8:55,13.737359,6.5356655,31.687416,19.019482,29.381376,
8/5/2025 8:55,13.7374735,6.5357127,31.687681,19.019056,29.380676,
8/5/2025 8:55,13.743688,6.5361342,31.702013,19.024431,29.388613,
8/5/2025 8:55,13.744431,6.5361705,31.70373,19.024607,29.388853,
8/5/2025 8:55,13.745174,6.5362067,31.705444,19.024782,29.389093,
8/5/2025 8:55,13.745971,6.5365324,31.707281,19.024826,29.388878,
8/5/2025 8:55,13.746179,6.536563,31.707762,19.02496,29.389057,
8/5/2025 8:55,13.74585,6.53657,31.707003,19.02757,29.393085,
8/5/2025 8:55,13.745857,6.5365787,31.70702,19.027729,29.393324,
8/5/2025 8:55,13.745864,6.536587,31.707037,19.02789,29.393562,
8/5/2025 8:56,13.758034,6.5373344,31.735107,19.017612,29.37704,
8/5/2025 8:56,13.758758,6.5373797,31.736778,19.017061,29.37615,
8/5/2025 8:56,13.759482,6.537425,31.73845,19.01651,29.37526,
8/5/2025 8:56,13.751094,6.5375237,31.719099,19.02673,29.390963,
8/5/2025 8:56,13.750909,6.5375485,31.718674,19.027073,29.39147,
8/5/2025 8:56,13.749322,6.537802,31.715012,19.02374,29.386103,
8/5/2025 8:56,13.749027,6.5378203,31.714333,19.023777,29.386143,
8/5/2025 8:56,13.7487335,6.5378385,31.713655,19.023813,29.386183,
8/5/2025 8:56,13.729384,6.5378413,31.669024,19.030455,29.396437,
8/5/2025 8:56,13.728181,6.537848,31.666246,19.030767,29.396917,
8/5/2025 8:56,13.726977,6.5378547,31.66347,19.031082,29.397398,
8/5/2025 8:56,13.736636,6.538351,31.685751,19.024687,29.387089,
8/5/2025 8:56,13.73671,6.5383806,31.68592,19.024479,29.386742,
8/5/2025 8:56,13.745861,6.5388093,31.707027,19.017183,29.3751,
8/5/2025 8:56,13.746645,6.5388474,31.708836,19.016586,29.374144,
8/5/2025 8:56,13.747428,6.5388856,31.710644,19.015987,29.373188,
8/5/2025 8:56,13.754593,6.5387955,31.72717,19.019508,29.378702,
8/5/2025 8:56,13.755251,6.5388007,31.72869,19.019539,29.378746,
8/5/2025 8:56,13.755909,6.538806,31.730206,19.019571,29.37879,
8/5/2025 8:56,13.742734,6.5387163,31.699816,19.027477,29.391079,
8/5/2025 8:56,13.742145,6.538709,31.698456,19.028028,29.391937,
8/5/2025 8:56,13.741065,6.539037,31.695967,19.017801,29.375858,
8/5/2025 8:56,13.740692,6.5390553,31.695105,19.017359,29.37516,
8/5/2025 8:56,13.740318,6.5390735,31.694244,19.016918,29.374462,
8/5/2025 8:56,13.754425,6.5393343,31.726784,19.01091,29.364954,
8/5/2025 8:56,13.7552595,6.539358,31.728706,19.01029,29.363976,
8/5/2025 8:56,13.756093,6.5393825,31.73063,19.009668,29.362997,
8/5/2025 8:56,13.75617,6.5400596,31.730808,19.00968,29.362427,
8/5/2025 8:56,13.756536,6.540107,31.73165,19.009523,29.362143,
8/5/2025 8:56,13.743439,6.540366,31.701443,19.018702,29.376097,
8/5/2025 8:56,13.742635,6.5403986,31.699587,19.019262,29.376934,
8/5/2025 8:56,13.741831,6.5404305,31.697733,19.019823,29.377773,
8/5/2025 8:56,13.749007,6.540766,31.714287,19.030594,29.39412,
8/5/2025 8:56,13.749111,6.5407925,31.714527,19.031477,29.395458,
8/5/2025 8:56,13.749216,6.540819,31.714767,19.032358,29.396797,
8/5/2025 8:56,13.755105,6.540648,31.728352,19.023361,29.383049,
8/5/2025 8:56,13.755628,6.5406466,31.729557,19.02311,29.38266,
8/5/2025 8:56,13.747638,6.5408874,31.71113,19.028225,29.390354,
8/5/2025 8:56,13.747277,6.5408983,31.710299,19.028334,29.390512,
8/5/2025 8:56,13.746917,6.5409093,31.709467,19.02844,29.390669,
8/5/2025 8:56,13.74459,6.541591,31.704098,19.030916,29.3939,
8/5/2025 8:56,13.744247,6.5416384,31.703306,19.031197,29.394293,
8/5/2025 8:56,13.743905,6.5416856,31.702517,19.031477,29.394684,
8/5/2025 8:56,13.740478,6.541848,31.69461,19.036827,29.40281,
8/5/2025 8:56,13.7402115,6.5418754,31.693996,19.037209,29.403374,
8/5/2025 8:56,13.749467,6.5417233,31.715345,19.021246,29.378849,
8/5/2025 8:56,13.749954,6.5417175,31.716469,19.020388,29.377531,
8/5/2025 8:56,13.750441,6.5417123,31.717594,19.019531,29.376211,
8/5/2025 8:56,13.731479,6.5425344,31.673855,19.030075,29.391783,
8/5/2025 8:56,13.730567,6.54258,31.671751,19.030308,29.392103,
8/5/2025 8:56,13.729655,6.542626,31.66965,19.03054,29.392424,
8/5/2025 8:56,13.7459345,6.542386,31.707197,19.025885,29.385439,
8/5/2025 8:56,13.746423,6.5423927,31.708324,19.025867,29.385406,
8/5/2025 8:56,13.743163,6.542791,31.700806,19.021866,29.37888,
8/5/2025 8:56,13.743353,6.5428095,31.701244,19.021502,29.378302,
8/5/2025 8:56,13.743544,6.542828,31.701683,19.02114,29.377724,
8/5/2025 8:56,13.741954,6.5434995,31.698015,19.021095,29.377075,
8/5/2025 8:56,13.741773,6.5435505,31.697598,19.020994,29.376875,
8/5/2025 8:56,13.741591,6.543601,31.69718,19.020893,29.376677,
8/5/2025 8:56,13.740018,6.544119,31.693552,19.031828,29.393118,
8/5/2025 8:57,13.739887,6.5441666,31.693249,19.032475,29.394073,
8/5/2025 8:57,13.742703,6.5439315,31.699745,19.034096,29.39678,
8/5/2025 8:57,13.742839,6.543929,31.700056,19.034452,29.397331,
8/5/2025 8:57,13.742973,6.543927,31.700369,19.034807,29.397882,
8/5/2025 8:57,13.742831,6.544339,31.70004,19.038048,29.40253,
8/5/2025 8:57,13.742893,6.5443583,31.700184,19.038284,29.402878,
8/5/2025 8:57,13.742954,6.5443773,31.700325,19.038519,29.403225,
8/5/2025 8:57,13.754037,6.5447283,31.725885,19.040789,29.406427,
8/5/2025 8:57,13.754693,6.5447598,31.7274,19.04101,29.406742,
8/5/2025 8:57,13.7400875,6.545171,31.69371,19.033014,29.394035,
8/5/2025 8:57,13.739444,6.545204,31.692226,19.032574,29.393324,
8/5/2025 8:57,13.7388,6.5452375,31.69074,19.032131,29.392612,
8/5/2025 8:57,13.73364,6.545816,31.678837,19.03571,29.39764,
8/5/2025 8:57,13.732959,6.545861,31.677267,19.035717,29.397615,
8/5/2025 8:57,13.732278,6.545905,31.675697,19.035727,29.39759,
8/5/2025 8:57,13.749374,6.546339,31.715132,19.037504,29.399958,
8/5/2025 8:57,13.750291,6.5463796,31.717245,19.037695,29.400217,
8/5/2025 8:57,13.7471,6.5458245,31.709887,19.04309,29.409033,
8/5/2025 8:57,13.747321,6.5458007,31.710398,19.043465,29.409628,
8/5/2025 8:57,13.747541,6.5457764,31.710907,19.043837,29.410223,
8/5/2025 8:57,13.76453,6.546516,31.750092,19.042116,29.406927,
8/5/2025 8:57,13.765484,6.5465465,31.75229,19.042147,29.40695,
8/5/2025 8:57,13.766438,6.5465775,31.75449,19.04218,29.406971,
8/5/2025 8:57,13.74749,6.5465956,31.710789,19.041847,29.406443,
8/5/2025 8:57,13.746798,6.5466156,31.70919,19.041786,29.406332,
8/5/2025 8:57,13.730333,6.5467706,31.671213,19.039606,29.402828,
8/5/2025 8:57,13.728862,6.54678,31.66782,19.039465,29.402603,
8/5/2025 8:57,13.72739,6.5467896,31.664425,19.039326,29.402376,
8/5/2025 8:57,13.746789,6.5471287,31.70917,19.04898,29.416996,
8/5/2025 8:57,13.747559,6.5471535,31.710943,19.049513,29.417795,
8/5/2025 8:57,13.748328,6.547178,31.712717,19.050045,29.418596,
8/5/2025 8:57,13.728974,6.547689,31.668076,19.049765,29.41772,
8/5/2025 8:57,13.728301,6.5477285,31.666523,19.049992,29.418037,
8/5/2025 8:57,13.765038,6.5476685,31.751265,19.06488,29.441082,
8/5/2025 8:57,13.766852,6.5476766,31.755451,19.065794,29.442486,
8/5/2025 8:57,13.768668,6.5476847,31.759638,19.066708,29.443892,
8/5/2025 8:57,13.756247,6.548258,31.730986,19.109854,29.510017,
8/5/2025 8:57,13.756425,6.5482907,31.731398,19.112852,29.514618,
8/5/2025 8:57,13.756602,6.548324,31.731808,19.115849,29.519218,
8/5/2025 8:57,13.742187,6.548077,31.698551,19.153877,29.578157,
8/5/2025 8:57,13.741025,6.548077,31.695871,19.157246,29.583359,
8/5/2025 8:57,13.749214,6.5481524,31.714764,19.229156,29.694344,
8/5/2025 8:57,13.749404,6.548151,31.715202,19.234507,29.702606,
8/5/2025 8:57,13.749594,6.5481496,31.715641,19.239857,29.710869,
8/5/2025 8:57,13.756958,6.548811,31.732624,19.214426,29.671017,
8/5/2025 8:57,13.757617,6.5488534,31.734146,19.214674,29.671364,
8/5/2025 8:57,13.758277,6.5488954,31.735668,19.214922,29.671711,
8/5/2025 8:57,13.749915,6.5493245,31.71638,19.488743,30.094162,
8/5/2025 8:57,13.749604,6.549367,31.715662,19.504467,30.118406,
8/5/2025 8:57,13.757576,6.5493045,31.734053,19.594324,30.257215,
8/5/2025 8:57,13.757876,6.5493107,31.734745,19.60636,30.275795,
8/5/2025 8:57,13.758177,6.549317,31.73544,19.618395,30.294376,
8/5/2025 8:57,13.751171,6.5498962,31.719278,19.92577,30.76849,
8/5/2025 8:57,13.750949,6.54993,31.718765,19.946632,30.800674,
8/5/2025 8:57,13.750726,6.5499635,31.71825,19.967495,30.832859,
8/5/2025 8:57,13.755507,6.5495496,31.729279,20.092623,31.026457,
8/5/2025 8:57,13.755616,6.5495396,31.72953,20.10797,31.050163,
8/5/2025 8:57,13.738391,6.55033,31.689798,20.499868,31.654585,
8/5/2025 8:57,13.737438,6.5503693,31.6876,20.527088,31.696579,
8/5/2025 8:57,13.736485,6.5504084,31.6854,20.554306,31.738573,
8/5/2025 8:58,13.7347355,6.550352,31.681364,20.962463,32.368874,
8/5/2025 8:58,13.734193,6.550369,31.680113,20.996965,32.422134,
8/5/2025 8:58,13.73365,6.5503855,31.678862,21.031467,32.475395,
8/5/2025 8:58,13.737046,6.551137,31.686697,21.88165,33.787437,
8/5/2025 8:58,13.737202,6.551181,31.687056,21.943205,33.882446,
8/5/2025 8:58,13.741627,6.551206,31.69726,22.340471,34.49584,
8/5/2025 8:58,13.741977,6.5512257,31.698069,22.38532,34.56507,
8/5/2025 8:58,13.742327,6.551245,31.698875,22.430172,34.634304,
8/5/2025 8:58,13.7539625,6.551974,31.725716,22.508677,34.754772,
8/5/2025 8:58,13.754782,6.5520186,31.727606,22.523157,34.777084,
8/5/2025 8:58,13.755601,6.5520635,31.729496,22.537638,34.799397,
8/5/2025 8:58,13.736711,6.552756,31.68592,23.101788,35.669746,
8/5/2025 8:58,13.735879,6.552816,31.684002,23.137796,35.72528,
8/5/2025 8:58,13.739487,6.5531693,31.692324,23.82531,36.786438,
8/5/2025 8:58,13.739266,6.553207,31.691816,23.881424,36.873035,
8/5/2025 8:58,13.739045,6.553245,31.691307,23.937536,36.959637,
8/5/2025 8:58,13.732017,6.553498,31.675095,25.348364,39.137665,
8/5/2025 8:58,13.731688,6.5535216,31.674335,25.451424,39.296764,
8/5/2025 8:58,13.731358,6.5535455,31.673574,25.554485,39.45586,
8/5/2025 8:58,13.740773,6.5540566,31.695292,26.0181,40.17107,
8/5/2025 8:58,13.741152,6.5540934,31.696165,26.081758,40.26931,
8/5/2025 8:58,13.741529,6.5542755,31.697037,26.632538,41.119476,
8/5/2025 8:58,13.741774,6.554299,31.697601,26.677399,41.188713,
8/5/2025 8:58,13.742019,6.554322,31.698166,26.722261,41.257954,
8/5/2025 8:58,13.750906,6.554572,31.718666,27.201649,41.997787,
8/5/2025 8:58,13.751452,6.5545917,31.719925,27.244553,42.064007,
8/5/2025 8:58,13.751998,6.554611,31.721186,27.287458,42.130226,
8/5/2025 8:58,13.755649,6.5546117,31.729605,27.642542,42.678455,
8/5/2025 8:58,13.756093,6.554618,31.730629,27.676115,42.73028,
8/5/2025 8:58,13.763978,6.555416,31.748817,28.678595,44.277008,
8/5/2025 8:58,13.764553,6.555466,31.750145,28.749737,44.38678,
8/5/2025 8:58,13.765129,6.5555162,31.751472,28.82088,44.496555,
8/5/2025 8:58,13.73998,6.555712,31.693462,29.021683,44.806316,
8/5/2025 8:58,13.738642,6.555744,31.690376,29.0592,44.864197,
8/5/2025 8:58,13.737303,6.5557766,31.68729,29.09672,44.92208,
8/5/2025 8:58,13.74633,6.5561066,31.708109,28.948257,44.692436,
8/5/2025 8:58,13.746237,6.556132,31.707893,28.944887,44.6872,
8/5/2025 8:58,13.746143,6.5561566,31.70768,28.941517,44.68196,
8/5/2025 8:58,13.745561,6.55554,31.706337,29.54228,45.610294,
8/5/2025 8:58,13.745734,6.555513,31.706738,29.574347,45.65984,
8/5/2025 8:58,13.729969,6.5562396,31.670372,29.857561,46.0961,
8/5/2025 8:58,13.728988,6.556269,31.668108,29.889036,46.144653,
8/5/2025 8:58,13.728005,6.5562987,31.665842,29.920511,46.193207,
8/5/2025 8:58,13.761471,6.5562406,31.743034,29.950785,46.24003,
8/5/2025 8:58,13.763101,6.556255,31.746798,29.959774,46.253887,
8/5/2025 8:58,13.7409525,6.5562553,31.695705,30.247757,46.698494,
8/5/2025 8:58,13.7403755,6.556253,31.694378,30.26644,46.72734,
8/5/2025 8:58,13.7397995,6.556251,31.693048,30.285124,46.756187,
8/5/2025 8:58,13.7428255,6.5566573,31.700026,29.697294,45.84811,
8/5/2025 8:58,13.742442,6.556682,31.699142,29.668484,45.803596,
8/5/2025 8:58,13.74206,6.556707,31.69826,29.639671,45.75908,
8/5/2025 8:58,13.740273,6.55722,31.69414,30.013622,46.3357,
8/5/2025 8:58,13.740245,6.557261,31.694073,30.021175,46.347305,
8/5/2025 8:58,13.740215,6.557302,31.694006,30.028728,46.35891,
8/5/2025 8:58,13.752868,6.5572944,31.72319,29.956848,46.24795,
8/5/2025 8:58,13.753561,6.5573072,31.72479,29.961668,46.255375,
8/5/2025 8:58,13.750344,6.5579715,31.717371,29.878471,46.126034,
8/5/2025 8:58,13.750447,6.558012,31.71761,29.871458,46.11515,
8/5/2025 8:58,13.750551,6.558053,31.71785,29.864443,46.104263,
8/5/2025 8:58,13.75823,6.557896,31.73556,29.732958,45.901493,
8/5/2025 8:59,13.758612,6.557904,31.736439,29.723005,45.886116,
8/5/2025 8:59,13.758992,6.557911,31.737318,29.713053,45.870743,
8/5/2025 8:59,13.746362,6.558147,31.708183,29.479929,45.510532,
8/5/2025 8:59,13.745816,6.5581574,31.706924,29.462757,45.48401,
8/5/2025 8:59,13.740689,6.5587463,31.6951,29.412458,45.40557,
8/5/2025 8:59,13.740077,6.5587883,31.693687,29.403797,45.392143,
8/5/2025 8:59,13.739465,6.5588303,31.692276,29.395136,45.378716,
8/5/2025 8:59,13.751217,6.558909,31.719383,29.21514,45.100742,
8/5/2025 8:59,13.751791,6.558929,31.720709,29.203012,45.081993,
8/5/2025 8:59,13.752366,6.5589485,31.722033,29.190884,45.063244,
8/5/2025 8:59,13.745182,6.559364,31.705462,28.98157,44.739567,
8/5/2025 8:59,13.745049,6.559391,31.705156,28.96454,44.71324,
8/5/2025 8:59,13.737528,6.5598245,31.687809,28.847237,44.53159,
8/5/2025 8:59,13.7369,6.5598607,31.686361,28.835085,44.51278,
8/5/2025 8:59,13.736273,6.5598974,31.684914,28.822931,44.49397,
8/5/2025 8:59,13.747214,6.560234,31.710152,28.637197,44.206818,
8/5/2025 8:59,13.74769,6.5602655,31.711248,28.622988,44.18484,
8/5/2025 8:59,13.748166,6.5602965,31.712347,28.608776,44.162865,
8/5/2025 8:59,13.752607,6.56037,31.72259,28.411928,43.858894,
8/5/2025 8:59,13.753144,6.5603833,31.723827,28.395388,43.833344,
8/5/2025 8:59,13.722008,6.560958,31.652008,28.224428,43.568707,
8/5/2025 8:59,13.720203,6.560995,31.647846,28.209185,43.545124,
8/5/2025 8:59,13.718399,6.5610323,31.643684,28.19394,43.521545,
8/5/2025 8:59,13.752129,6.5609674,31.721487,28.028807,43.266716,
8/5/2025 8:59,13.753369,6.560978,31.724348,28.014507,43.244633,
8/5/2025 8:59,13.754609,6.560989,31.72721,28.000208,43.222546,
8/5/2025 8:59,13.743845,6.5616546,31.70238,27.870628,43.02168,
8/5/2025 8:59,13.744044,6.5616927,31.702837,27.85857,43.003014,
8/5/2025 8:59,13.751725,6.5621223,31.720556,27.394085,42.285492,
8/5/2025 8:59,13.751931,6.562165,31.721033,27.362423,42.236565,
8/5/2025 8:59,13.752138,6.5622067,31.72151,27.330763,42.187637,
8/5/2025 8:59,13.748441,6.5622845,31.712976,27.218155,42.01372,
8/5/2025 8:59,13.748417,6.5622997,31.712923,27.199629,41.985107,
8/5/2025 8:59,13.748394,6.5623155,31.71287,27.181103,41.95649,
8/5/2025 8:59,13.729694,6.5623074,31.669737,26.876328,41.48605,
8/5/2025 8:59,13.7285,6.5623093,31.666985,26.855072,41.45324,
8/5/2025 8:59,13.73444,6.5627275,31.680685,27.056643,41.763866,
8/5/2025 8:59,13.734373,6.562753,31.68053,27.06175,41.77172,
8/5/2025 8:59,13.734306,6.5627794,31.680376,27.066858,41.77957,
8/5/2025 8:59,13.743522,6.56329,31.701632,26.577902,41.02422,
8/5/2025 8:59,13.744227,6.5633316,31.70326,26.553686,40.98679,
8/5/2025 8:59,13.744934,6.563373,31.70489,26.52947,40.949364,
8/5/2025 8:59,13.749521,6.5632915,31.715471,26.202177,40.444267,
8/5/2025 8:59,13.750027,6.5633,31.716639,26.170542,40.395424,
8/5/2025 8:59,13.759158,6.563531,31.7377,26.033365,40.183414,
8/5/2025 8:59,13.759831,6.5635433,31.739254,26.01728,40.158573,
8/5/2025 8:59,13.760505,6.5635557,31.740807,26.001196,40.13373,
8/5/2025 8:59,13.744048,6.563813,31.702847,25.784437,39.79885,
8/5/2025 8:59,13.74329,6.5638347,31.701097,25.767862,39.773243,
8/5/2025 8:59,13.742532,6.563856,31.699348,25.751287,39.747635,
8/5/2025 8:59,13.744553,6.564286,31.704014,25.8649,39.922497,
8/5/2025 8:59,13.744263,6.564318,31.703342,25.86588,39.92397,
8/5/2025 8:59,13.754467,6.565228,31.726883,25.406168,39.213356,
8/5/2025 8:59,13.755145,6.5652943,31.728445,25.380505,39.173668,
8/5/2025 8:59,13.755823,6.5653605,31.73001,25.354843,39.13398,
8/5/2025 8:59,13.73955,6.565298,31.69247,24.996943,38.58165,
8/5/2025 8:59,13.738826,6.565317,31.690802,24.963737,38.53038,
8/5/2025 8:59,13.738102,6.565336,31.689133,24.930534,38.479107,
8/5/2025 8:59,13.763176,6.565554,31.746967,24.778675,38.244476,
8/5/2025 8:59,13.764251,6.565566,31.749447,24.760248,38.216022,
8/5/2025 9:00,13.7522,6.5656633,31.72165,24.545557,37.88455,
8/5/2025 9:00,13.752068,6.565675,31.721344,24.52869,37.858505,
8/5/2025 9:00,13.751935,6.565686,31.721037,24.511826,37.832462,
8/5/2025 9:00,13.741542,6.566018,31.697065,24.48486,37.79047,
8/5/2025 9:00,13.740612,6.5660405,31.694921,24.477951,37.77978,
8/5/2025 9:00,13.739682,6.5660634,31.692778,24.471045,37.769096,
8/5/2025 9:00,13.73917,6.566413,31.691595,24.300657,37.50573,
8/5/2025 9:00,13.7388735,6.566442,31.690908,24.28983,37.488987,
8/5/2025 9:00,13.738754,6.567019,31.690638,24.308863,37.517727,
8/5/2025 9:00,13.7387295,6.567063,31.69058,24.306028,37.5133,
8/5/2025 9:00,13.738704,6.5671067,31.690521,24.303194,37.50888,
8/5/2025 9:00,13.7387085,6.5672865,31.690533,24.056667,37.128204,
8/5/2025 9:00,13.738706,6.567312,31.690525,24.04221,37.10586,
8/5/2025 9:00,13.738702,6.5673375,31.690517,24.027752,37.08352,
8/5/2025 9:00,13.74785,6.5673256,31.711618,23.767746,36.682247,
8/5/2025 9:00,13.748391,6.5673304,31.712866,23.745987,36.64866,
8/5/2025 9:00,13.755669,6.5674005,31.729652,24.02685,37.082058,
8/5/2025 9:00,13.75633,6.5674047,31.731176,24.037851,37.099033,
8/5/2025 9:00,13.75699,6.5674095,31.7327,24.048853,37.11601,
8/5/2025 9:00,13.75452,6.56767,31.727003,23.469404,36.22143,
8/5/2025 9:00,13.75455,6.5676875,31.727072,23.441097,36.177727,
8/5/2025 9:00,13.7545805,6.567705,31.72714,23.412792,36.13402,
8/5/2025 9:00,13.735869,6.5683002,31.68398,23.362228,36.05535,
8/5/2025 9:00,13.734705,6.568342,31.681295,23.344358,36.027725,
8/5/2025 9:00,13.76525,6.568937,31.751755,23.38961,36.096928,
8/5/2025 9:00,13.766695,6.5689874,31.755087,23.391256,36.099415,
8/5/2025 9:00,13.76814,6.569038,31.75842,23.3929,36.1019,
8/5/2025 9:00,13.748335,6.5687904,31.712736,22.98366,35.470585,
8/5/2025 9:00,13.747913,6.568791,31.711763,22.96005,35.43415,
8/5/2025 9:00,13.747491,6.568791,31.710789,22.93644,35.397713,
8/5/2025 9:00,13.746364,6.569115,31.708189,22.95003,35.418346,
8/5/2025 9:00,13.7458105,6.5691285,31.706913,22.940443,35.40354,
8/5/2025 9:00,13.741406,6.5700417,31.696754,22.689856,35.015873,
8/5/2025 9:00,13.741124,6.570106,31.6961,22.674747,34.99249,
8/5/2025 9:00,13.740841,6.5701704,31.695448,22.65964,34.96911,
8/5/2025 9:00,13.746782,6.570111,31.709154,22.674675,34.99237,
8/5/2025 9:00,13.747028,6.5701303,31.70972,22.669218,34.98393,
8/5/2025 9:00,13.747274,6.57015,31.710289,22.663761,34.975487,
8/5/2025 9:00,13.744464,6.5703735,31.703806,22.448547,34.64313,
8/5/2025 9:00,13.744447,6.5703855,31.703766,22.436104,34.623917,
8/5/2025 9:00,13.744158,6.5703225,31.7031,22.360918,34.507954,
8/5/2025 9:00,13.744073,6.5703244,31.702902,22.351194,34.492947,
8/5/2025 9:00,13.743987,6.5703263,31.702705,22.341469,34.47794,
8/5/2025 9:00,13.747962,6.5710707,31.711876,22.259344,34.350445,
8/5/2025 9:00,13.7481985,6.5711145,31.712421,22.25254,34.3399,
8/5/2025 9:00,13.748435,6.5711584,31.712969,22.245737,34.329357,
8/5/2025 9:00,13.750368,6.57151,31.717424,22.096725,34.09905,
8/5/2025 9:00,13.750586,6.5715504,31.717926,22.085632,34.08189,
8/5/2025 9:00,13.750856,6.5715575,31.718552,22.026834,33.991146,
8/5/2025 9:00,13.750919,6.571566,31.718697,22.019634,33.98003,
8/5/2025 9:00,13.750982,6.571575,31.718842,22.012436,33.96891,
8/5/2025 9:00,13.723687,6.5716577,31.65588,21.8522,33.721554,
8/5/2025 9:00,13.722028,6.571663,31.652054,21.840958,33.704205,
8/5/2025 9:00,13.720368,6.571668,31.648226,21.829716,33.68685,
8/5/2025 9:00,13.741934,6.571917,31.69797,21.667744,33.436657,
8/5/2025 9:00,13.742497,6.5719337,31.699268,21.654,33.41543,
8/5/2025 9:00,13.731961,6.572345,31.674967,21.641636,33.395943,
8/5/2025 9:00,13.7318,6.5723763,31.674597,21.637106,33.388924,
8/5/2025 9:00,13.73164,6.5724077,31.674225,21.632576,33.381905,
8/5/2025 9:00,13.726785,6.572505,31.663027,21.612595,33.350975,
8/5/2025 9:01,13.726211,6.5725217,31.661703,21.61112,33.348682,
8/5/2025 9:01,13.725637,6.572538,31.660381,21.609648,33.346394,
8/5/2025 9:01,13.75734,6.572955,31.73351,21.464617,33.12219,
8/5/2025 9:01,13.759094,6.572983,31.737555,21.455463,33.108032,
8/5/2025 9:01,13.755606,6.5727496,31.729506,21.403772,33.0285,
8/5/2025 9:01,13.75613,6.5727453,31.730717,21.397167,33.01831,
8/5/2025 9:01,13.756655,6.572741,31.731926,21.390562,33.00812,
8/5/2025 9:01,13.740155,6.573148,31.693867,21.284101,32.843445,
8/5/2025 9:01,13.739062,6.573167,31.691345,21.276379,32.831512,
8/5/2025 9:01,13.737969,6.5731854,31.688826,21.268658,32.819576,
8/5/2025 9:01,13.729138,6.5738745,31.668457,21.09626,32.55289,
8/5/2025 9:01,13.7282,6.5739255,31.666292,21.083258,32.532776,
8/5/2025 9:01,13.726916,6.573785,31.663332,21.152985,32.640507,
8/5/2025 9:01,13.72663,6.573792,31.662672,21.1532,32.64083,
8/5/2025 9:01,13.726344,6.5737996,31.66201,21.153414,32.641155,
8/5/2025 9:01,13.730647,6.5741997,31.671936,21.11516,32.58174,
8/5/2025 9:01,13.73088,6.5742207,31.672474,21.114586,32.580837,
8/5/2025 9:01,13.7311125,6.5742416,31.67301,21.11401,32.57993,
8/5/2025 9:01,13.735337,6.5747657,31.682755,20.97891,32.370964,
8/5/2025 9:01,13.735696,6.574807,31.683584,20.969887,32.357002,
8/5/2025 9:01,13.758457,6.574907,31.736084,20.84247,32.1603,
8/5/2025 9:01,13.759964,6.5749254,31.739561,20.831442,32.14327,
8/5/2025 9:01,13.761472,6.5749435,31.743038,20.820415,32.126236,
8/5/2025 9:01,13.740064,6.575185,31.693655,20.820656,32.126377,
8/5/2025 9:01,13.73934,6.575202,31.691986,20.817486,32.12147,
8/5/2025 9:01,13.738616,6.5752187,31.690317,20.814314,32.11656,
8/5/2025 9:01,13.732207,6.5759063,31.675533,20.774036,32.05376,
8/5/2025 9:01,13.731297,6.575953,31.673433,20.771547,32.049877,
8/5/2025 9:01,13.743763,6.5756392,31.702188,20.758196,32.02957,
8/5/2025 9:01,13.744398,6.575636,31.703653,20.75637,32.026756,
8/5/2025 9:01,13.745034,6.5756326,31.70512,20.754545,32.023945,
8/5/2025 9:01,13.756542,6.575962,31.731668,20.626364,31.825853,
8/5/2025 9:01,13.757556,6.575974,31.734007,20.618261,31.813343,
8/5/2025 9:01,13.75857,6.575986,31.736345,20.61016,31.800833,
8/5/2025 9:01,13.76332,6.5760827,31.747301,20.536236,31.686678,
8/5/2025 9:01,13.7639,6.5760965,31.74864,20.528568,31.674833,
8/5/2025 9:01,13.744779,6.5767455,31.704535,20.448135,31.550125,
8/5/2025 9:01,13.743709,6.5767875,31.702065,20.44144,31.539757,
8/5/2025 9:01,13.742638,6.57683,31.699596,20.434744,31.529387,
8/5/2025 9:01,13.751003,6.5771008,31.718891,20.429148,31.520498,
8/5/2025 9:01,13.751028,6.577133,31.718948,20.426802,31.516848,
8/5/2025 9:01,13.751053,6.577166,31.719006,20.424456,31.513197,
8/5/2025 9:01,13.740848,6.5769825,31.695467,20.364319,31.420582,
8/5/2025 9:01,13.740445,6.5769787,31.694536,20.360544,31.414762,
8/5/2025 9:01,13.740476,6.577534,31.694605,20.393253,31.464712,
8/5/2025 9:01,13.740228,6.5775647,31.694035,20.393839,31.46559,
8/5/2025 9:01,13.739981,6.577595,31.693464,20.394426,31.466465,
8/5/2025 9:01,13.740814,6.5774446,31.695385,20.349527,31.397331,
8/5/2025 9:01,13.740869,6.5774493,31.69551,20.347647,31.394423,
8/5/2025 9:01,13.740924,6.5774546,31.695637,20.345764,31.391516,
8/5/2025 9:01,13.745559,6.577958,31.706331,20.374514,31.435408,
8/5/2025 9:01,13.7458515,6.5779843,31.707008,20.375074,31.436249,
8/5/2025 9:01,13.726647,6.578165,31.662708,20.351885,31.400303,
8/5/2025 9:01,13.725552,6.578188,31.660181,20.351122,31.399103,
8/5/2025 9:01,13.724456,6.5782113,31.657652,20.350357,31.397903,
8/5/2025 9:01,13.75877,6.578303,31.736805,20.19466,31.157597,
8/5/2025 9:01,13.76036,6.578313,31.740473,20.184591,31.142054,
8/5/2025 9:01,13.7619505,6.578323,31.744143,20.174524,31.126513,
8/5/2025 9:01,13.742489,6.578983,31.699251,20.117697,31.038233,
8/5/2025 9:01,13.742199,6.5790243,31.698582,20.110369,31.026886,
8/5/2025 9:02,13.747581,6.578727,31.710995,20.067152,30.960484,
8/5/2025 9:02,13.747451,6.578723,31.710695,20.063177,30.954353,
8/5/2025 9:02,13.747321,6.5787196,31.710396,20.0592,30.948223,
8/5/2025 9:02,13.739566,6.578794,31.692509,20.134747,31.06471,
8/5/2025 9:02,13.739243,6.5787907,31.691763,20.13827,31.070148,
8/5/2025 9:02,13.738919,6.578787,31.691015,20.141792,31.075588,
8/5/2025 9:02,13.751825,6.5793843,31.720787,19.9473,30.774975,
8/5/2025 9:02,13.752398,6.5794215,31.722105,19.937601,30.759977,
8/5/2025 9:02,13.75297,6.579459,31.723425,19.927902,30.74498,
8/5/2025 9:02,13.742104,6.5793753,31.698362,19.963108,30.799372,
8/5/2025 9:02,13.74179,6.5793853,31.69764,19.96028,30.795,
8/5/2025 9:02,13.7302265,6.5796227,31.670965,19.910158,30.717455,
8/5/2025 9:02,13.729295,6.579635,31.668818,19.908066,30.714216,
8/5/2025 9:02,13.728364,6.579647,31.66667,19.905973,30.710978,
8/5/2025 9:02,13.757828,6.579896,31.734629,19.969152,30.808224,
8/5/2025 9:02,13.759278,6.579916,31.737976,19.971657,30.81207,
8/5/2025 9:02,13.742137,6.5801144,31.698439,19.858097,30.636694,
8/5/2025 9:02,13.741568,6.5801325,31.697126,19.851618,30.62668,
8/5/2025 9:02,13.740999,6.5801506,31.695814,19.845137,30.616665,
8/5/2025 9:02,13.730315,6.5803075,31.67117,19.86088,30.640812,
8/5/2025 9:02,13.729096,6.5803223,31.668358,19.858334,30.63687,
8/5/2025 9:02,13.727879,6.580337,31.665548,19.855787,30.632929,
8/5/2025 9:02,13.759968,6.580501,31.739569,19.826199,30.587132,
8/5/2025 9:02,13.761589,6.5805154,31.743309,19.824562,30.584595,
8/5/2025 9:02,13.758461,6.5805917,31.736092,19.789097,30.529812,
8/5/2025 9:02,13.759019,6.5806007,31.73738,19.786087,30.52516,
8/5/2025 9:02,13.759577,6.5806093,31.738667,19.783077,30.520508,
8/5/2025 9:02,13.743338,6.5805373,31.701206,19.714695,30.415075,
8/5/2025 9:02,13.74226,6.580535,31.698723,19.709646,30.40729,
8/5/2025 9:02,13.741183,6.5805326,31.69624,19.704597,30.399504,
8/5/2025 9:02,13.745973,6.581126,31.707287,19.726118,30.432167,
8/5/2025 9:02,13.745852,6.58116,31.70701,19.725647,30.431412,
8/5/2025 9:02,13.75345,6.581507,31.724535,19.72328,30.42745,
8/5/2025 9:02,13.754037,6.5815425,31.725887,19.723652,30.427992,
8/5/2025 9:02,13.754623,6.5815783,31.72724,19.724022,30.428532,
8/5/2025 9:02,13.746025,6.581905,31.707409,19.644867,30.306126,
8/5/2025 9:02,13.745687,6.581933,31.706627,19.639965,30.298538,
8/5/2025 9:02,13.745348,6.581961,31.705845,19.635063,30.29095,
8/5/2025 9:02,13.73651,6.5824685,31.68546,19.697666,30.387074,
8/5/2025 9:02,13.735765,6.5825076,31.68374,19.699406,30.389723,
8/5/2025 9:02,13.735021,6.582546,31.682022,19.701147,30.392372,
8/5/2025 9:02,13.738611,6.5822062,31.690308,19.591702,30.223837,
8/5/2025 9:02,13.738591,6.5821996,31.69026,19.586786,30.216263,
8/5/2025 9:02,13.7522,6.582832,31.721651,19.574394,30.19658,
8/5/2025 9:02,13.7530985,6.5828624,31.723722,19.57102,30.191349,
8/5/2025 9:02,13.753996,6.5828924,31.725792,19.567646,30.18612,
8/5/2025 9:02,13.744472,6.5825753,31.703823,19.569242,30.188864,
8/5/2025 9:02,13.744217,6.582571,31.703236,19.569023,30.18853,
8/5/2025 9:02,13.745718,6.583046,31.7067,19.544868,30.150845,
8/5/2025 9:02,13.745567,6.583067,31.70635,19.543377,30.148525,
8/5/2025 9:02,13.745418,6.583088,31.706003,19.541885,30.146204,
8/5/2025 9:02,13.747017,6.583445,31.709696,19.499844,30.081036,
8/5/2025 9:02,13.747152,6.5834785,31.710005,19.496672,30.07611,
8/5/2025 9:02,13.747287,6.5835123,31.710316,19.493498,30.071184,
8/5/2025 9:02,13.74112,6.5832486,31.696093,19.510693,30.097942,
8/5/2025 9:02,13.74079,6.583242,31.695332,19.510647,30.097878,
8/5/2025 9:02,13.734192,6.5839624,31.680113,19.494265,30.071968,
8/5/2025 9:02,13.733639,6.5840006,31.678839,19.493664,30.071007,
8/5/2025 9:02,13.733086,6.584039,31.677563,19.493063,30.070045,
8/5/2025 9:02,13.747339,6.583977,31.710438,19.453695,30.009375,
8/5/2025 9:03,13.748058,6.5839915,31.712097,19.45086,30.004984,
8/5/2025 9:03,13.748777,6.5840054,31.713755,19.44802,30.000595,
8/5/2025 9:03,13.754802,6.584502,31.72765,19.440098,29.987932,
8/5/2025 9:03,13.7555275,6.5845304,31.729324,19.438612,29.985615,
8/5/2025 9:03,13.756254,6.5845585,31.731,19.437126,29.983297,
8/5/2025 9:03,13.745714,6.584732,31.70669,19.425476,29.965178,
8/5/2025 9:03,13.745264,6.5847554,31.70565,19.424538,29.96371,
8/5/2025 9:03,13.738265,6.5850105,31.689507,19.435574,29.980507,
8/5/2025 9:03,13.7376,6.5850306,31.687975,19.435942,29.981056,
8/5/2025 9:03,13.736937,6.58505,31.686443,19.43631,29.981606,
8/5/2025 9:03,13.74168,6.5853066,31.697384,19.408518,29.938509,
8/5/2025 9:03,13.741792,6.5853286,31.697641,19.407108,29.936316,
8/5/2025 9:03,13.747707,6.5855694,31.711288,19.391928,29.912687,
8/5/2025 9:03,13.74819,6.5855904,31.712402,19.390308,29.910172,
8/5/2025 9:03,13.748673,6.5856113,31.713518,19.38869,29.907656,
8/5/2025 9:03,13.74233,6.5862045,31.698883,19.379662,29.893206,
8/5/2025 9:03,13.742089,6.586247,31.698328,19.378738,29.891747,
8/5/2025 9:03,13.741848,6.586289,31.697773,19.377817,29.890287,
8/5/2025 9:03,13.748434,6.5866346,31.712965,19.379873,29.893154,
8/5/2025 9:03,13.748671,6.5866704,31.713509,19.37976,29.892948,
8/5/2025 9:03,13.748906,6.586706,31.714054,19.379648,29.892742,
8/5/2025 9:03,13.755018,6.5864334,31.728151,19.371862,29.880976,
8/5/2025 9:03,13.755527,6.5864277,31.729324,19.371468,29.88037,
8/5/2025 9:03,13.750533,6.5865,31.717806,19.351976,29.85024,
8/5/2025 9:03,13.75033,6.5864997,31.717337,19.350538,29.848024,
8/5/2025 9:03,13.750127,6.586499,31.716867,19.3491,29.845806,
8/5/2025 9:03,13.747404,6.587427,31.710588,19.334686,29.822758,
8/5/2025 9:03,13.747092,6.5874853,31.709871,19.333282,29.820541,
8/5/2025 9:03,13.746781,6.5875435,31.709152,19.331879,29.818323,
8/5/2025 9:03,13.754861,6.5875435,31.727789,19.342665,29.83496,
8/5/2025 9:03,13.755256,6.5875673,31.7287,19.34289,29.835289,
8/5/2025 9:03,13.739473,6.5881376,31.692293,19.321272,29.801443,
8/5/2025 9:03,13.738693,6.588173,31.690495,19.320185,29.799736,
8/5/2025 9:03,13.737913,6.588208,31.688694,19.319098,29.798027,
8/5/2025 9:03,13.745557,6.587798,31.706326,19.312235,29.787804,
8/5/2025 9:03,13.745613,6.587788,31.706455,19.311277,29.786335,
8/5/2025 9:03,13.745668,6.5877786,31.706585,19.31032,29.784866,
8/5/2025 9:03,13.751547,6.587422,31.720142,19.290981,29.75535,
8/5/2025 9:03,13.752075,6.587391,31.721361,19.289644,29.753315,
8/5/2025 9:03,13.734103,6.587874,31.679907,19.288595,29.751274,
8/5/2025 9:03,13.733135,6.5878954,31.677673,19.288055,29.750423,
8/5/2025 9:03,13.732166,6.587917,31.67544,19.287516,29.74957,
8/5/2025 9:03,13.749948,6.5888553,31.716454,19.281849,29.74001,
8/5/2025 9:03,13.750562,6.588924,31.71787,19.281477,29.739374,
8/5/2025 9:03,13.751176,6.588992,31.71929,19.281103,29.738739,
8/5/2025 9:03,13.746508,6.588204,31.70852,19.288586,29.750967,
8/5/2025 9:03,13.746672,6.5881815,31.708899,19.288874,29.751432,
8/5/2025 9:03,13.756264,6.58907,31.731026,19.25629,29.700397,
8/5/2025 9:03,13.756736,6.5891066,31.732113,19.254467,29.697556,
8/5/2025 9:03,13.757207,6.589143,31.7332,19.252645,29.694714,
8/5/2025 9:03,13.732734,6.5890803,31.676746,19.244755,29.682594,
8/5/2025 9:03,13.731518,6.5890994,31.673943,19.243458,29.680578,
8/5/2025 9:03,13.730303,6.5891185,31.671139,19.24216,29.678562,
8/5/2025 9:03,13.739949,6.5890164,31.693392,19.239084,29.673908,
8/5/2025 9:03,13.739917,6.5890093,31.693316,19.238678,29.673286,
8/5/2025 9:03,13.734388,6.5895815,31.680565,19.235846,29.668417,
8/5/2025 9:03,13.734285,6.589615,31.680328,19.23558,29.66798,
8/5/2025 9:03,13.734183,6.589648,31.68009,19.235315,29.667543,
8/5/2025 9:03,13.745766,6.5899177,31.706808,19.230045,29.65918,
8/5/2025 9:03,13.746323,6.5899487,31.708092,19.229656,29.65855,
8/5/2025 9:04,13.746879,6.589979,31.709375,19.229265,29.657923,
8/5/2025 9:04,13.73741,6.58988,31.687534,19.230751,29.660301,
8/5/2025 9:04,13.737154,6.5898814,31.686945,19.2307,29.660221,
8/5/2025 9:04,13.74857,6.590205,31.71328,19.216877,29.638617,
8/5/2025 9:04,13.749067,6.5902233,31.714426,19.216043,29.637316,
8/5/2025 9:04,13.749564,6.5902414,31.715574,19.215212,29.636017,
8/5/2025 9:04,13.748589,6.5905056,31.71332,19.204836,29.619783,
8/5/2025 9:04,13.748832,6.59053,31.71388,19.20385,29.61824,
8/5/2025 9:04,13.749075,6.590554,31.714441,19.202864,29.6167,
8/5/2025 9:04,13.736083,6.590966,31.684473,19.21346,29.632685,
8/5/2025 9:04,13.735308,6.5909977,31.682686,19.213802,29.63318,
8/5/2025 9:04,13.740604,6.591258,31.694902,19.21204,29.630236,
8/5/2025 9:04,13.740638,6.591284,31.69498,19.212166,29.63041,
8/5/2025 9:04,13.740672,6.5913095,31.695059,19.212294,29.630583,
8/5/2025 9:04,13.745377,6.5913944,31.705912,19.203371,29.616749,
8/5/2025 9:04,13.745795,6.5914063,31.706879,19.20279,29.615843,
8/5/2025 9:04,13.746215,6.591418,31.707846,19.20221,29.614937,
8/5/2025 9:04,13.725542,6.59176,31.66016,19.200682,29.612282,
8/5/2025 9:04,13.72443,6.5917826,31.657597,19.200369,29.611778,
8/5/2025 9:04,13.731849,6.592284,31.67471,19.1871,29.59088,
8/5/2025 9:04,13.731808,6.5923233,31.674614,19.186255,29.58954,
8/5/2025 9:04,13.731767,6.592362,31.67452,19.185408,29.588202,
8/5/2025 9:04,13.753222,6.5921955,31.72401,19.202871,29.61528,
8/5/2025 9:04,13.754699,6.592198,31.727415,19.203594,29.616392,
8/5/2025 9:04,13.756175,6.5922008,31.73082,19.204317,29.617504,
8/5/2025 9:04,13.735199,6.5927715,31.682434,19.180641,29.580494,
8/5/2025 9:04,13.734502,6.5928016,31.680826,19.179678,29.57898,
8/5/2025 9:04,13.742525,6.5927477,31.699333,19.176943,29.574808,
8/5/2025 9:04,13.742529,6.5927577,31.699345,19.17621,29.573671,
8/5/2025 9:04,13.742534,6.592768,31.699354,19.175478,29.572533,
8/5/2025 9:04,13.752259,6.593348,31.721786,19.175844,29.572596,
8/5/2025 9:04,13.753049,6.5933814,31.723608,19.1758,29.572498,
8/5/2025 9:04,13.753838,6.5934143,31.725428,19.175756,29.572401,
8/5/2025 9:04,13.751671,6.5935907,31.720428,19.167267,29.559155,
8/5/2025 9:04,13.751786,6.593616,31.720694,19.166765,29.558357,
8/5/2025 9:04,13.744566,6.5933876,31.704042,19.166183,29.55766,
8/5/2025 9:04,13.744071,6.5933776,31.7029,19.165947,29.557304,
8/5/2025 9:04,13.743576,6.5933676,31.701757,19.16571,29.556948,
8/5/2025 9:04,13.764509,6.593934,31.750046,19.17239,29.566755,
8/5/2025 9:04,13.765585,6.5939627,31.752525,19.172777,29.56733,
8/5/2025 9:04,13.76666,6.593991,31.755007,19.173166,29.567904,
8/5/2025 9:04,13.741111,6.5941634,31.696072,19.16422,29.553959,
8/5/2025 9:04,13.740111,6.5941877,31.693768,19.163855,29.553371,
8/5/2025 9:04,13.737185,6.5946846,31.687016,19.16546,29.555418,
8/5/2025 9:04,13.736394,6.594719,31.685192,19.165348,29.555216,
8/5/2025 9:04,13.735603,6.5947537,31.683369,19.165236,29.555012,
8/5/2025 9:04,13.748182,6.5946836,31.712383,19.1737,29.568123,
8/5/2025 9:04,13.748883,6.5946918,31.714,19.174261,29.568977,
8/5/2025 9:04,13.749585,6.5947003,31.715618,19.17482,29.569834,
8/5/2025 9:04,13.739785,6.5952024,31.693014,19.18173,29.580053,
8/5/2025 9:04,13.739521,6.5952306,31.692404,19.182358,29.580997,
8/5/2025 9:04,13.745967,6.5950084,31.707272,19.185762,29.586443,
8/5/2025 9:04,13.74613,6.5950065,31.70765,19.186134,29.587019,
8/5/2025 9:04,13.746294,6.595005,31.708027,19.186506,29.587595,
8/5/2025 9:04,13.752548,6.5958214,31.722456,19.179657,29.57632,
8/5/2025 9:04,13.753093,6.5958657,31.723713,19.179321,29.575766,
8/5/2025 9:04,13.753638,6.59591,31.72497,19.178988,29.575209,
8/5/2025 9:04,13.744309,6.596088,31.70345,19.183428,29.5819,
8/5/2025 9:04,13.7439165,6.59612,31.702543,19.183517,29.58201,
8/5/2025 9:04,13.754067,6.5969415,31.72596,19.168835,29.558655,
8/5/2025 9:05,13.754474,6.596996,31.726896,19.16804,29.55738,
8/5/2025 9:05,13.754881,6.5970507,31.727835,19.167244,29.556107,
8/5/2025 9:05,13.740265,6.5973988,31.69412,19.17408,29.566343,
8/5/2025 9:05,13.739633,6.5974402,31.692661,19.174128,29.566383,
8/5/2025 9:05,13.738999,6.5974817,31.691202,19.174177,29.566423,
8/5/2025 9:05,13.757928,6.59756,31.734861,19.170044,29.55998,
8/5/2025 9:05,13.758694,6.5975738,31.73663,19.169964,29.559845,
8/5/2025 9:05,13.735251,6.5973325,31.682556,19.17374,29.565878,
8/5/2025 9:05,13.734282,6.5973196,31.680319,19.173864,29.56608,
8/5/2025 9:05,13.733313,6.597307,31.678082,19.173988,29.566282,
8/5/2025 9:05,13.759515,6.5972996,31.738523,19.164745,29.552036,
8/5/2025 9:05,13.760534,6.597293,31.740875,19.164274,29.551317,
8/5/2025 9:05,13.761554,6.5972867,31.743227,19.163805,29.550598,
8/5/2025 9:05,13.753806,6.598054,31.725355,19.181475,29.577175,
8/5/2025 9:05,13.754001,6.5981,31.725803,19.182312,29.578424,
8/5/2025 9:05,13.749002,6.5984554,31.714275,19.175299,29.567303,
8/5/2025 9:05,13.74849,6.5984955,31.713095,19.1753,29.567272,
8/5/2025 9:05,13.747978,6.598536,31.711912,19.175303,29.56724,
8/5/2025 9:05,13.747824,6.598451,31.711554,19.172813,29.563478,
8/5/2025 9:05,13.74769,6.5984545,31.711248,19.172487,29.562971,
8/5/2025 9:05,13.747558,6.598458,31.710941,19.172161,29.562466,
8/5/2025 9:05,13.75414,6.598949,31.726122,19.164255,29.549845,
8/5/2025 9:05,13.754523,6.598976,31.727007,19.163723,29.549002,
8/5/2025 9:05,13.740622,6.599321,31.694942,19.176287,29.568073,
8/5/2025 9:05,13.739918,6.599354,31.69332,19.176872,29.568947,
8/5/2025 9:05,13.739214,6.5993867,31.691696,19.177458,29.569822,
8/5/2025 9:05,13.756652,6.5995545,31.731918,19.159595,29.542133,
8/5/2025 9:05,13.757357,6.599573,31.733545,19.158833,29.54094,
8/5/2025 9:05,13.758061,6.5995917,31.73517,19.15807,29.539747,
8/5/2025 9:05,13.740744,6.600105,31.695225,19.162312,29.545843,
8/5/2025 9:05,13.740142,6.6001396,31.693836,19.16212,29.545519,
8/5/2025 9:05,13.74759,6.6003194,31.711018,19.162066,29.545275,
8/5/2025 9:05,13.747635,6.6003428,31.71112,19.162174,29.545424,
8/5/2025 9:05,13.74768,6.6003656,31.711224,19.162285,29.545574,
8/5/2025 9:05,13.750102,6.60053,31.716812,19.156248,29.536125,
8/5/2025 9:05,13.750444,6.6005445,31.717602,19.155878,29.535542,
8/5/2025 9:05,13.750787,6.6005588,31.718393,19.155508,29.534958,
8/5/2025 9:05,13.74497,6.6008997,31.704971,19.158033,29.538557,
8/5/2025 9:05,13.744683,6.6009245,31.70431,19.158031,29.538534,
8/5/2025 9:05,13.744396,6.600949,31.703648,19.158031,29.538511,
8/5/2025 9:05,13.730022,6.6008506,31.670494,19.158934,29.539988,
8/5/2025 9:05,13.729048,6.6008534,31.668245,19.159044,29.540155,
8/5/2025 9:05,13.736902,6.6014237,31.686363,19.159678,29.540634,
8/5/2025 9:05,13.737054,6.6014566,31.686714,19.159735,29.540693,
8/5/2025 9:05,13.7372055,6.6014895,31.687063,19.159792,29.540752,
8/5/2025 9:05,13.75228,6.6014996,31.721834,19.162071,29.544256,
8/5/2025 9:05,13.753386,6.6015143,31.724384,19.162224,29.54448,
8/5/2025 9:05,13.754491,6.6015296,31.726933,19.162376,29.544703,
8/5/2025 9:05,13.747604,6.602128,31.711052,19.153803,29.530964,
8/5/2025 9:05,13.747587,6.6021643,31.711012,19.153357,29.530245,
8/5/2025 9:05,13.754968,6.6025066,31.728033,19.154623,29.5319,
8/5/2025 9:05,13.755264,6.6025424,31.728718,19.1545,29.531677,
8/5/2025 9:05,13.755562,6.6025777,31.729404,19.154375,29.531456,
8/5/2025 9:05,13.745538,6.602913,31.706284,19.148205,29.521652,
8/5/2025 9:05,13.745128,6.6029415,31.70534,19.14787,29.521109,
8/5/2025 9:05,13.744719,6.60297,31.704393,19.147532,29.520565,
8/5/2025 9:05,13.732635,6.6028714,31.67652,19.147287,29.520273,
8/5/2025 9:05,13.731679,6.6028743,31.674314,19.147116,29.520006,
8/5/2025 9:05,13.749395,6.603373,31.715181,19.139269,29.507475,
8/5/2025 9:05,13.750219,6.603402,31.717083,19.138777,29.506693,
8/5/2025 9:06,13.751044,6.6034307,31.718983,19.138287,29.505909,
8/5/2025 9:06,13.744689,6.6041036,31.704325,19.141232,29.509863,
8/5/2025 9:06,13.744762,6.604157,31.704496,19.141207,29.509779,
8/5/2025 9:06,13.744837,6.6042104,31.704668,19.141182,29.509695,
8/5/2025 9:06,13.746384,6.6041284,31.708235,19.151262,29.52531,
8/5/2025 9:06,13.746327,6.6041408,31.708105,19.151926,29.52632,
8/5/2025 9:06,13.728767,6.6043763,31.6676,19.156902,29.533789,
8/5/2025 9:06,13.727741,6.604389,31.665234,19.15744,29.534607,
8/5/2025 9:06,13.726714,6.604402,31.662865,19.157978,29.535425,
8/5/2025 9:06,13.74797,6.604652,31.711895,19.15036,29.523462,
8/5/2025 9:06,13.748804,6.6046724,31.71382,19.150028,29.522932,
8/5/2025 9:06,13.749639,6.6046934,31.715744,19.149696,29.522402,
8/5/2025 9:06,13.742985,6.6055565,31.700396,19.13856,29.50448,
8/5/2025 9:06,13.743104,6.6056147,31.700672,19.137705,29.503113,
8/5/2025 9:06,13.726844,6.605634,31.663162,19.142794,29.51094,
8/5/2025 9:06,13.725676,6.6056566,31.66047,19.142836,29.510988,
8/5/2025 9:06,13.724508,6.605679,31.657774,19.14288,29.511034,
8/5/2025 9:06,13.748509,6.6055875,31.713137,19.139538,29.505964,
8/5/2025 9:06,13.749565,6.6055827,31.715572,19.139458,29.505846,
8/5/2025 9:06,13.750621,6.6055775,31.718006,19.139378,29.505728,
8/5/2025 9:06,13.7658415,6.606423,31.753119,19.14144,29.50817,
8/5/2025 9:06,13.76735,6.606471,31.756598,19.141474,29.50818,
8/5/2025 9:06,13.74984,6.605924,31.716206,19.136734,29.50135,
8/5/2025 9:06,13.749117,6.6059103,31.714539,19.136492,29.50099,
8/5/2025 9:06,13.748394,6.6058965,31.71287,19.13625,29.50063,
8/5/2025 9:06,13.730225,6.6064577,31.67096,19.143549,29.51139,
8/5/2025 9:06,13.728694,6.6064777,31.667429,19.143866,29.511862,
8/5/2025 9:06,13.727164,6.6064973,31.6639,19.144182,29.512333,
8/5/2025 9:06,13.729124,6.606515,31.668423,19.13703,29.501293,
8/5/2025 9:06,13.728779,6.60653,31.667625,19.136782,29.500898,
8/5/2025 9:06,13.737622,6.607033,31.688026,19.144117,29.51177,
8/5/2025 9:06,13.738204,6.607064,31.689367,19.14439,29.512161,
8/5/2025 9:06,13.738785,6.6070943,31.690706,19.14466,29.512554,
8/5/2025 9:06,13.743799,6.6072645,31.702274,19.138279,29.502567,
8/5/2025 9:06,13.74432,6.6072874,31.703474,19.138075,29.502234,
8/5/2025 9:06,13.74484,6.60731,31.704674,19.13787,29.5019,
8/5/2025 9:06,13.754261,6.6077228,31.726406,19.153503,29.525639,
8/5/2025 9:06,13.754955,6.607752,31.728006,19.154278,29.526808,
8/5/2025 9:06,13.749991,6.6085057,31.716557,19.147415,29.515572,
8/5/2025 9:06,13.749915,6.608562,31.71638,19.147373,29.515457,
8/5/2025 9:06,13.749839,6.6086183,31.716204,19.14733,29.515343,
8/5/2025 9:06,13.740426,6.608632,31.694492,19.13692,29.499285,
8/5/2025 9:06,13.739728,6.6086516,31.692883,19.136114,29.498024,
8/5/2025 9:06,13.73903,6.608671,31.691275,19.135307,29.496765,
8/5/2025 9:06,13.742356,6.6083183,31.698946,19.139875,29.504114,
8/5/2025 9:06,13.742306,6.6082983,31.69883,19.139874,29.504128,
8/5/2025 9:06,13.74826,6.6090236,31.712563,19.144184,29.510141,
8/5/2025 9:06,13.748708,6.6090617,31.713596,19.144556,29.510681,
8/5/2025 9:06,13.749156,6.6091003,31.71463,19.144928,29.51122,
8/5/2025 9:06,13.738833,6.6095166,31.690819,19.14265,29.50735,
8/5/2025 9:06,13.738359,6.609561,31.689726,19.142622,29.507267,
8/5/2025 9:06,13.737885,6.6096053,31.688633,19.142593,29.507183,
8/5/2025 9:06,13.759223,6.6093507,31.737848,19.13429,29.494608,
8/5/2025 9:06,13.760244,6.6093464,31.740206,19.13374,29.493763,
8/5/2025 9:06,13.731764,6.610068,31.674513,19.131279,29.489342,
8/5/2025 9:06,13.730532,6.610106,31.671669,19.130932,29.488773,
8/5/2025 9:06,13.729299,6.6101446,31.668825,19.130585,29.488205,
8/5/2025 9:06,13.74814,6.610258,31.712286,19.145485,29.511074,
8/5/2025 9:06,13.748586,6.610283,31.713312,19.146338,29.512363,
8/5/2025 9:06,13.74903,6.6103077,31.71434,19.147188,29.513653,
8/5/2025 9:07,13.744452,6.610114,31.703781,19.142056,29.505913,
8/5/2025 9:07,13.744662,6.610106,31.704264,19.142134,29.506039,
8/5/2025 9:07,13.743873,6.6107593,31.702444,19.1473,29.513435,
8/5/2025 9:07,13.743705,6.6107955,31.702055,19.147497,29.51371,
8/5/2025 9:07,13.743536,6.6108317,31.701668,19.147696,29.513983,
8/5/2025 9:07,13.718831,6.6110125,31.64468,19.134066,29.492817,
8/5/2025 9:07,13.717315,6.61104,31.641184,19.133371,29.491724,
8/5/2025 9:07,13.715799,6.6110673,31.637688,19.132677,29.49063,
8/5/2025 9:07,13.7388115,6.611649,31.690767,19.146692,29.511728,
8/5/2025 9:07,13.73955,6.6116886,31.692472,19.14718,29.512447,
8/5/2025 9:07,13.757969,6.611624,31.734959,19.142508,29.505299,
8/5/2025 9:07,13.759654,6.6116333,31.738846,19.142553,29.505358,
8/5/2025 9:07,13.761339,6.6116433,31.742733,19.142597,29.505419,
8/5/2025 9:07,13.733992,6.61223,31.67965,19.143396,29.506142,
8/5/2025 9:07,13.732791,6.612263,31.67688,19.143324,29.505999,
8/5/2025 9:07,13.731589,6.612297,31.67411,19.143251,29.505857,
8/5/2025 9:07,13.734338,6.6125464,31.680449,19.14801,29.512978,
8/5/2025 9:07,13.733821,6.6125765,31.679256,19.148315,29.51342,
8/5/2025 9:07,13.742531,6.612513,31.699347,19.141417,29.502844,
8/5/2025 9:07,13.74315,6.612515,31.700773,19.141098,29.502352,
8/5/2025 9:07,13.743769,6.612517,31.7022,19.140778,29.501858,
8/5/2025 9:07,13.753246,6.6128426,31.724062,19.137653,29.49676,
8/5/2025 9:07,13.754041,6.6128607,31.725895,19.137287,29.49618,
8/5/2025 9:07,13.754835,6.612879,31.727728,19.136923,29.4956,
8/5/2025 9:07,13.731056,6.6130514,31.672878,19.131084,29.486452,
8/5/2025 9:07,13.729889,6.61307,31.670185,19.130655,29.485775,
8/5/2025 9:07,13.751322,6.6131597,31.719624,19.131695,29.487297,
8/5/2025 9:07,13.752098,6.613169,31.721415,19.13162,29.487175,
8/5/2025 9:07,13.752874,6.6131787,31.723206,19.131546,29.487051,
8/5/2025 9:07,13.742734,6.6132517,31.699816,19.13481,29.492022,
8/5/2025 9:07,13.742667,6.6132584,31.699663,19.135036,29.492365,
8/5/2025 9:07,13.742601,6.613265,31.69951,19.135263,29.492708,
8/5/2025 9:07,13.735015,6.6137857,31.68201,19.136156,29.493633,
8/5/2025 9:07,13.734314,6.6138186,31.680393,19.136292,29.493813,
8/5/2025 9:07,13.733613,6.6138515,31.678778,19.136427,29.493992,
8/5/2025 9:07,13.743974,6.6141057,31.702673,19.129307,29.482798,
8/5/2025 9:07,13.74439,6.614134,31.703634,19.128914,29.482166,
8/5/2025 9:07,13.749598,6.614373,31.715647,19.127565,29.479881,
8/5/2025 9:07,13.750146,6.6143937,31.716911,19.127316,29.479479,
8/5/2025 9:07,13.750695,6.6144137,31.718178,19.127066,29.479074,
8/5/2025 9:07,13.752976,6.6142483,31.723442,19.130741,29.484884,
8/5/2025 9:07,13.753243,6.6142435,31.724058,19.130936,29.485188,
8/5/2025 9:07,13.736791,6.614325,31.686106,19.129663,29.48316,
8/5/2025 9:07,13.735825,6.614326,31.683878,19.129677,29.48318,
8/5/2025 9:07,13.7348585,6.6143265,31.68165,19.12969,29.4832,
8/5/2025 9:07,13.746294,6.6149077,31.708027,19.125305,29.475933,
8/5/2025 9:07,13.746569,6.6149445,31.70866,19.12501,29.475447,
8/5/2025 9:07,13.746843,6.6149817,31.709293,19.124714,29.474958,
8/5/2025 9:07,13.748884,6.6148214,31.714003,19.129654,29.482712,
8/5/2025 9:07,13.749286,6.614826,31.714928,19.129843,29.483,
8/5/2025 9:07,13.751524,6.615563,31.72009,19.131681,29.485191,
8/5/2025 9:07,13.751699,6.6156044,31.720495,19.131914,29.485516,
8/5/2025 9:07,13.751875,6.615646,31.7209,19.132149,29.48584,
8/5/2025 9:07,13.743143,6.61606,31.700762,19.131538,29.484543,
8/5/2025 9:07,13.742667,6.616103,31.699663,19.131546,29.484518,
8/5/2025 9:07,13.742191,6.616147,31.698566,19.131554,29.484491,
8/5/2025 9:07,13.744994,6.6167426,31.705029,19.13215,29.484894,
8/5/2025 9:07,13.744941,6.616789,31.704905,19.132172,29.484886,
8/5/2025 9:07,13.749422,6.616733,31.715244,19.131401,29.483746,
8/5/2025 9:07,13.74977,6.6167436,31.716047,19.131369,29.483685,
8/5/2025 9:08,13.750118,6.616754,31.71685,19.131336,29.483624,
8/5/2025 9:08,13.747502,6.616748,31.710815,19.127186,29.477234,
8/5/2025 9:08,13.747455,6.616746,31.710707,19.126913,29.476816,
8/5/2025 9:08,13.747408,6.6167436,31.710598,19.126642,29.476398,
8/5/2025 9:08,13.748874,6.617422,31.71398,19.132107,29.484234,
8/5/2025 9:08,13.748898,6.617462,31.714033,19.132328,29.484539,
8/5/2025 9:08,13.733681,6.617966,31.678932,19.115763,29.458572,
8/5/2025 9:08,13.732779,6.618013,31.676851,19.114868,29.457155,
8/5/2025 9:08,13.731876,6.61806,31.67477,19.113976,29.455738,
8/5/2025 9:08,13.7514,6.6180696,31.719805,19.113739,29.455366,
8/5/2025 9:08,13.752225,6.618082,31.721706,19.113314,29.4547,
8/5/2025 9:08,13.753049,6.618095,31.723608,19.112888,29.454033,
8/5/2025 9:08,13.742829,6.6177464,31.700035,19.120865,29.466627,
8/5/2025 9:08,13.74272,6.617726,31.699783,19.121334,29.467367,
8/5/2025 9:08,13.751721,6.6184506,31.720545,19.121983,29.46774,
8/5/2025 9:08,13.752027,6.6184874,31.72125,19.122204,29.468048,
8/5/2025 9:08,13.752333,6.618524,31.721956,19.122425,29.468359,
8/5/2025 9:08,13.738434,6.618711,31.689896,19.127089,29.475382,
8/5/2025 9:08,13.737812,6.6187406,31.688463,19.127384,29.475815,
8/5/2025 9:08,13.737191,6.61877,31.68703,19.127682,29.476246,
8/5/2025 9:08,13.761702,6.618856,31.743567,19.12922,29.47854,
8/5/2025 9:08,13.762828,6.618866,31.746164,19.12943,29.478857,
8/5/2025 9:08,13.73432,6.619255,31.680408,19.118307,29.46138,
8/5/2025 9:08,13.733137,6.619282,31.67768,19.11765,29.460342,
8/5/2025 9:08,13.731954,6.619308,31.67495,19.116991,29.459305,
8/5/2025 9:08,13.739762,6.6197367,31.69296,19.124662,29.470757,
8/5/2025 9:08,13.739513,6.6197724,31.692387,19.124851,29.471014,
8/5/2025 9:08,13.7392645,6.619808,31.691813,19.125038,29.471272,
8/5/2025 9:08,13.753512,6.619982,31.72468,19.122047,29.46651,
8/5/2025 9:08,13.754559,6.620003,31.72709,19.122059,29.466513,
8/5/2025 9:08,13.753123,6.620498,31.72378,19.120367,29.463472,
8/5/2025 9:08,13.753352,6.6205335,31.724306,19.120184,29.46316,
8/5/2025 9:08,13.753581,6.6205683,31.724834,19.12,29.462849,
8/5/2025 9:08,13.729685,6.6207433,31.669714,19.121607,29.465174,
8/5/2025 9:08,13.728183,6.620766,31.66625,19.121664,29.465242,
8/5/2025 9:08,13.726681,6.6207895,31.662786,19.121721,29.46531,
8/5/2025 9:08,13.730414,6.620697,31.671396,19.127283,29.473957,
8/5/2025 9:08,13.730034,6.620696,31.670519,19.127655,29.474531,
8/5/2025 9:08,13.726824,6.621181,31.663116,19.128185,29.47493,
8/5/2025 9:08,13.726722,6.621209,31.66288,19.128347,29.475155,
8/5/2025 9:08,13.72662,6.6212373,31.662645,19.12851,29.47538,
8/5/2025 9:08,13.763283,6.6219187,31.747213,19.122564,29.465631,
8/5/2025 9:08,13.765441,6.6219726,31.752192,19.122211,29.46504,
8/5/2025 9:08,13.767599,6.6220264,31.757172,19.12186,29.46445,
8/5/2025 9:08,13.726854,6.6222687,31.663187,19.130392,29.477388,
8/5/2025 9:08,13.725344,6.6223006,31.659704,19.130753,29.477917,
8/5/2025 9:08,13.722695,6.6222405,31.653595,19.12716,29.472427,
8/5/2025 9:08,13.721559,6.6222425,31.650974,19.127136,29.472393,
8/5/2025 9:08,13.720423,6.6222444,31.648354,19.127115,29.472357,
8/5/2025 9:08,13.746693,6.6227317,31.708946,19.121681,29.463562,
8/5/2025 9:08,13.748252,6.62276,31.712543,19.121254,29.46288,
8/5/2025 9:08,13.74981,6.622788,31.716139,19.120827,29.462198,
8/5/2025 9:08,13.748893,6.6232166,31.714022,19.123503,29.46595,
8/5/2025 9:08,13.749496,6.623255,31.715414,19.123526,29.465952,
8/5/2025 9:08,13.743759,6.623919,31.70218,19.120903,29.461334,
8/5/2025 9:08,13.743366,6.6239705,31.701273,19.120802,29.461136,
8/5/2025 9:08,13.742973,6.6240215,31.700367,19.120703,29.460938,
8/5/2025 9:08,13.724817,6.6237097,31.65849,19.127459,29.471617,
8/5/2025 9:08,13.723562,6.623707,31.655594,19.127804,29.47215,
8/5/2025 9:08,13.722307,6.623704,31.652699,19.12815,29.472687,
8/5/2025 9:09,13.7519455,6.6241035,31.721064,19.124895,29.467325,
8/5/2025 9:09,13.753262,6.6241198,31.7241,19.12487,29.467274,
8/5/2025 9:09,13.754579,6.624136,31.727137,19.124846,29.467222,
8/5/2025 9:09,13.753019,6.6245804,31.723537,19.12425,29.465918,
8/5/2025 9:09,13.753664,6.6246166,31.725025,19.124138,29.465714,
8/5/2025 9:09,13.743256,6.624462,31.701017,19.12004,29.459536,
8/5/2025 9:09,13.74258,6.624463,31.699461,19.119778,29.459131,
8/5/2025 9:09,13.741904,6.624464,31.697903,19.119516,29.458727,
8/5/2025 9:09,13.7438,6.6250424,31.702274,19.125278,29.4671,
8/5/2025 9:09,13.743654,6.6250734,31.701937,19.125519,29.467445,
8/5/2025 9:09,13.743508,6.6251044,31.7016,19.125761,29.46779,
8/5/2025 9:09,13.746126,6.625015,31.707642,19.123558,29.464476,
8/5/2025 9:09,13.746318,6.6250243,31.708084,19.123571,29.464487,
8/5/2025 9:09,13.76155,6.625692,31.743217,19.118061,29.455418,
8/5/2025 9:09,13.762539,6.6257305,31.745499,19.117672,29.454782,
8/5/2025 9:09,13.763529,6.6257696,31.747782,19.117281,29.454147,
8/5/2025 9:09,13.745503,6.625614,31.706203,19.122772,29.462746,
8/5/2025 9:09,13.744808,6.6256223,31.704601,19.122963,29.463032,
8/5/2025 9:09,13.744114,6.62563,31.702997,19.123154,29.463318,
8/5/2025 9:09,13.739564,6.625859,31.692505,19.121244,29.460178,
8/5/2025 9:09,13.7388525,6.625869,31.690863,19.121265,29.460203,
8/5/2025 9:09,13.732484,6.626124,31.67617,19.12176,29.460745,
8/5/2025 9:09,13.73199,6.6261454,31.675032,19.121744,29.4607,
8/5/2025 9:09,13.731497,6.626167,31.673895,19.121727,29.460655,
8/5/2025 9:09,13.740952,6.6266737,31.695702,19.124666,29.464743,
8/5/2025 9:09,13.741355,6.626711,31.696632,19.124855,29.465002,
8/5/2025 9:09,13.741758,6.6267476,31.697563,19.125044,29.465263,
8/5/2025 9:09,13.744455,6.626914,31.703787,19.125826,29.466324,
8/5/2025 9:09,13.744848,6.626937,31.70469,19.125948,29.46649,
8/5/2025 9:09,13.744712,6.6272707,31.704376,19.13256,29.476393,
8/5/2025 9:09,13.744765,6.627295,31.704502,19.132984,29.477022,
8/5/2025 9:09,13.74482,6.6273193,31.704626,19.133406,29.477652,
8/5/2025 9:09,13.7424755,6.627324,31.699219,19.130245,29.472776,
8/5/2025 9:09,13.7423315,6.6273327,31.698887,19.130219,29.472729,
8/5/2025 9:09,13.7421875,6.6273413,31.698555,19.130192,29.47268,
8/5/2025 9:09,13.749155,6.627504,31.714626,19.131742,29.474926,
8/5/2025 9:09,13.749503,6.6275134,31.71543,19.131756,29.47494,
8/5/2025 9:09,13.733844,6.627596,31.679308,19.135992,29.481396,
8/5/2025 9:09,13.733057,6.627605,31.677494,19.136288,29.481842,
8/5/2025 9:09,13.73227,6.627614,31.675678,19.136583,29.482288,
8/5/2025 9:09,13.73096,6.628028,31.672655,19.13475,29.479109,
8/5/2025 9:09,13.730496,6.628055,31.671587,19.13474,29.47907,
8/5/2025 9:09,13.730034,6.6280828,31.670519,19.134731,29.47903,
8/5/2025 9:09,13.751957,6.6286097,31.721088,19.126848,29.466425,
8/5/2025 9:09,13.753212,6.6286516,31.723984,19.126337,29.465601,
8/5/2025 9:09,13.739343,6.6288233,31.691992,19.13297,29.475676,
8/5/2025 9:09,13.739027,6.628846,31.691265,19.13318,29.47598,
8/5/2025 9:09,13.738712,6.628869,31.690538,19.133392,29.476284,
8/5/2025 9:09,13.749119,6.6289573,31.714542,19.135342,29.479212,
8/5/2025 9:09,13.749442,6.628967,31.71529,19.13562,29.479631,
8/5/2025 9:09,13.749766,6.6289763,31.716038,19.135899,29.480051,
8/5/2025 9:09,13.734118,6.6294,31.679941,19.122362,29.45883,
8/5/2025 9:09,13.73348,6.6294274,31.67847,19.121613,29.457653,
8/5/2025 9:09,13.745892,6.6294384,31.707098,19.123137,29.459993,
8/5/2025 9:09,13.746275,6.629449,31.707983,19.122913,29.459637,
8/5/2025 9:09,13.746658,6.62946,31.708868,19.122688,29.459282,
8/5/2025 9:09,13.719254,6.629867,31.645653,19.11886,29.45303,
8/5/2025 9:09,13.717889,6.6298923,31.642506,19.118664,29.452707,
8/5/2025 9:09,13.716524,6.629917,31.639357,19.11847,29.452385,
8/5/2025 9:09,13.742219,6.629662,31.698627,19.127058,29.46584,
8/5/2025 9:10,13.743045,6.6296573,31.700533,19.127468,29.466475,
8/5/2025 9:10,13.73118,6.6301427,31.673166,19.131365,29.472055,
8/5/2025 9:10,13.731066,6.6301665,31.672903,19.131811,29.472721,
8/5/2025 9:10,13.730951,6.6301904,31.672638,19.132256,29.473387,
8/5/2025 9:10,13.75185,6.630461,31.720844,19.136814,29.480175,
8/5/2025 9:10,13.7528105,6.63049,31.723057,19.137188,29.480726,
8/5/2025 9:10,13.75377,6.6305184,31.725271,19.137562,29.481277,
8/5/2025 9:10,13.751474,6.630678,31.719976,19.128,29.466406,
8/5/2025 9:10,13.751871,6.630695,31.72089,19.12756,29.465714,
8/5/2025 9:10,13.740394,6.6306157,31.694416,19.138367,29.482431,
8/5/2025 9:10,13.739625,6.6306148,31.692644,19.138815,29.483122,
8/5/2025 9:10,13.738856,6.630614,31.69087,19.139263,29.483812,
8/5/2025 9:10,13.739593,6.631351,31.692572,19.134953,29.476532,
8/5/2025 9:10,13.739348,6.631394,31.692009,19.134968,29.476519,
8/5/2025 9:10,13.739105,6.6314363,31.691446,19.134983,29.476505,
8/5/2025 9:10,13.739985,6.631444,31.693474,19.138496,29.48191,
8/5/2025 9:10,13.740047,6.631463,31.693619,19.1386,29.482054,
8/5/2025 9:10,13.738945,6.631959,31.691074,19.129194,29.467134,
8/5/2025 9:10,13.738893,6.6319895,31.690954,19.128704,29.466356,
8/5/2025 9:10,13.73884,6.63202,31.690834,19.128216,29.465576,
8/5/2025 9:10,13.750612,6.6323633,31.717987,19.139566,29.482763,
8/5/2025 9:10,13.751304,6.6323967,31.719582,19.140026,29.48344,
8/5/2025 9:10,13.751994,6.63243,31.721176,19.140484,29.48412,
8/5/2025 9:10,13.729953,6.632518,31.670334,19.143526,29.488728,
8/5/2025 9:10,13.72895,6.6325316,31.668018,19.143995,29.48944,
