Location Properties,,,,,
Location Name = Longmire stilling well,,,,,
Location ID = 6e4f000f-d4dd-5d91-b59d-8c0c27772fd8,,,,,
Latitude = 46.74942753876294 °,,,,,
Longitude = -121.8076592311121 °,,,,,
,,,,,
Report Properties,,,,,
Start Time = 2025-08-05 08:02:46.726,,,,,
Duration = 10:05:58,,,,,
Readings = 243,,,,,
Time Offset = -07:00:00,,,,,
,,,,,
Instrument Properties,,,,,
Device Model = Aqua TROLL 200,,,,,
Device SN = 790481,,,,,
Device Firmware = 2.01,,,,,
,,,,,
Log Properties,,,,,
Log Name = Log_20250805_790481_mixing,,,,,
Log Type = Linear Average,,,,,
Log File Number = 5,,,,,
Log ID = cff31e49-aa9b-54e9-b8b0-5a41fc625be5,,,,,
Interval = 00:01:00,,,,,
Averaging Interval = 00:00:01,,,,,
Sample Size = 5,,,,,
,,,,,
,,,,,
Date Time,Pressure (psi) (790481),Temperature (°C) (790481),Depth (ft) (790481),Actual Conductivity (µS/cm) (790481),Specific Conductivity (µS/cm) (790481)
02:46.7,0.31901988,6.2568665,0.7359115,18.667883,29.077423
03:46.7,0.32040995,6.256944,0.7391181,18.649414,29.048588
04:46.7,0.32155952,6.2577515,0.7417699,18.731274,29.17539
05:46.7,0.31439322,6.259149,0.72523886,18.661945,29.066198
06:46.7,0.32341424,6.2613955,0.74604833,18.732468,29.174091
07:46.7,0.3186043,6.263463,0.7349529,18.699604,29.121115
08:46.7,0.3197325,6.2652574,0.7375555,18.719511,29.150562
09:46.7,0.31504536,6.2681,0.72674334,18.755451,29.204056
10:46.7,0.32197762,6.271155,0.7427347,18.735987,29.1711
11:46.7,0.3197708,6.2747116,0.73764414,18.735598,29.167408
12:46.7,0.31856233,6.27852,0.7348565,18.779394,29.232279
13:46.7,0.32515755,6.282832,0.7500704,18.801273,29.262585
14:46.7,0.31528988,6.2881713,0.7273079,18.765217,29.201834
15:46.7,0.32046908,6.294336,0.7392554,18.813162,29.271082
16:46.7,0.31835976,6.300267,0.7343898,18.803627,29.25109
17:46.7,0.32390118,6.305336,0.7471728,18.861319,29.336416
18:46.7,0.3128155,6.3104906,0.72160053,18.868967,29.343817
19:46.7,0.3145298,6.3155947,0.7255553,18.847492,29.305975
20:46.7,0.3215639,6.320485,0.7417816,18.856007,29.31496
21:46.7,0.31806222,6.324716,0.73370403,18.869621,29.332443
22:46.7,0.3209446,6.3291,0.7403532,18.877401,29.34072
23:46.7,0.31796494,6.3345094,0.7334799,18.910889,29.388046
24:46.7,0.3192791,6.3408294,0.7365115,18.92431,29.40339
25:46.7,0.32173234,6.346875,0.7421708,18.906363,29.370234
26:46.7,0.31793004,6.3530564,0.7333998,18.930012,29.401575
27:46.7,0.32501775,6.358388,0.7497499,18.928791,29.39503
28:46.7,0.31294537,6.364755,0.72190154,18.960423,29.438595
29:46.7,0.32556248,6.37057,0.75100684,18.95981,29.432568
30:46.7,0.31809616,6.3769655,0.7337837,18.962688,29.431454
31:46.7,0.31723976,6.3829255,0.73180836,18.974768,29.445002
32:46.7,0.3206318,6.3880844,0.7396332,18.997091,29.475134
33:46.7,0.3162945,6.393912,0.729628,18.974537,29.435059
34:46.7,0.31589088,6.399278,0.7286972,19.004965,29.477573
35:46.7,0.317264,6.4052076,0.7318648,19.02576,29.504648
36:46.7,0.316593,6.411209,0.730317,19.063416,29.557789
37:46.7,0.3171648,6.4178085,0.7316363,19.073399,29.567484
38:46.7,0.31677952,6.4240785,0.7307459,23.400488,36.268585
39:46.7,0.31601468,6.430275,0.7289796,28.289124,43.837475
40:46.7,0.3174324,6.4361954,0.732252,23.843443,36.941875
41:46.7,0.31498832,6.442679,0.72661555,21.016048,32.555
42:46.7,0.31584358,6.449318,0.72858906,19.869299,30.772577
43:46.7,0.3165781,6.455603,0.73028386,19.425196,30.079178
44:46.7,0.3233408,6.461641,0.7458843,19.239544,29.786388
45:46.7,0.3168478,6.46895,0.7309065,19.177113,29.683315
46:46.7,0.3180189,6.4753904,0.7336081,19.209358,29.72757
47:46.7,0.31555596,6.4822173,0.72792685,19.177639,29.672491
48:46.7,0.31529313,6.488846,0.7273207,19.159824,29.639118
49:46.7,0.3150362,6.495233,0.7267282,19.197388,29.69163
50:46.7,0.31748313,6.5016494,0.732373,19.227985,29.733313
51:46.7,0.31617355,6.5080123,0.7293522,19.22245,29.719172
52:46.7,0.31532517,6.5155897,0.7273954,19.233883,29.730194
53:46.7,0.3176489,6.5224442,0.7327559,19.23653,29.728271
54:46.7,0.31450748,6.530768,0.7255095,19.25462,29.748917
55:46.7,0.314843,6.538208,0.72628367,19.246777,29.73027
56:46.7,0.31139413,6.545839,0.7183279,19.535383,30.169285
57:46.7,0.31595668,6.5533295,0.7288499,27.059305,41.77955
58:46.7,0.3186718,6.5596695,0.7351136,26.339092,40.65995
59:46.7,0.31574363,6.5657167,0.7283608,22.488092,34.708923
00:46.7,0.31677932,6.571225,0.73075086,20.563198,31.732822
01:46.7,0.31810609,6.5766754,0.733812,19.771578,30.506306
02:46.7,0.32064515,6.58228,0.73966944,19.459463,30.01977
03:46.7,0.32138616,6.588304,0.74137896,19.4103,29.938614
04:46.7,0.31982002,6.5950027,0.7377664,19.388477,29.899054
05:46.7,0.31557885,6.602266,0.72798306,19.347103,29.828873
06:46.7,0.31815892,6.607793,0.7339349,19.36311,29.848694
07:46.7,0.32413062,6.614412,0.7477107,19.40643,29.909637
08:46.7,0.32108134,6.6207094,0.7406768,19.378912,29.861694
09:46.7,0.31403103,6.6273055,0.7244131,19.431082,29.936274
10:46.7,0.31559905,6.632768,0.7280305,19.407452,29.895061
11:46.7,0.3176489,6.6377945,0.7327593,19.411266,29.896515
12:46.7,0.32011414,6.643857,0.7384463,19.421366,29.906734
13:46.7,0.314686,6.6500487,0.7259248,19.445776,29.938873
14:46.7,0.3177019,6.6563826,0.73288214,19.447638,29.936163
15:46.7,0.31475526,6.661847,0.7260848,19.443296,29.924677
16:46.7,0.3190363,6.668401,0.73596066,19.456305,29.938929
17:46.7,0.31834906,6.675578,0.7343756,19.487684,29.98089
18:46.7,0.31846142,6.68279,0.73463494,19.462389,29.935629
19:46.7,0.31680584,6.6899214,0.730816,19.488222,29.969086
20:46.7,0.31572455,6.697383,0.7283219,19.434008,29.879162
21:46.7,0.31533223,6.7051134,0.7274171,19.478916,29.941418
22:46.7,0.3165846,6.7141848,0.7303064,19.533567,30.017426
23:46.7,0.31427497,6.7236037,0.7249788,19.5116,29.975378
24:46.7,0.32148534,6.734578,0.7416122,19.54625,30.018946
25:46.7,0.3131655,6.742499,0.7224199,19.523495,29.977032
26:46.7,0.3182106,6.7509065,0.73405844,19.560795,30.026901
27:46.7,0.31705284,6.757675,0.7313879,19.5304,29.974295
28:46.7,0.31448936,6.764323,0.72547454,19.550247,29.99891
29:46.7,0.32132435,6.7721815,0.741242,19.592705,30.057135
30:46.7,0.31374532,6.7801924,0.7237587,19.54959,29.983953
31:46.7,0.3173321,6.788161,0.73203295,19.56957,30.007595
32:46.7,0.31265584,6.7953033,0.7212459,19.581333,30.019354
33:46.7,0.3149864,6.8028474,0.7266224,19.599747,30.040945
34:46.7,0.31109658,6.81026,0.7176494,19.62086,30.066782
35:46.7,0.3081377,6.8163695,0.7108239,19.574188,29.989902
36:46.7,0.313999,6.822835,0.7243452,19.619583,30.053766
37:46.7,0.31435966,6.8308945,0.72517747,19.624315,30.053925
38:46.7,0.3138914,6.839574,0.72409755,19.635838,30.063938
39:46.7,0.31204987,6.8479753,0.7198497,19.633472,30.052933
40:46.7,0.31854495,6.85583,0.73483306,19.679562,30.116568
41:46.7,0.3179554,6.86277,0.7334733,19.597721,29.98524
42:46.7,0.31631374,6.8700056,0.72968644,19.669605,30.088863
43:46.7,0.31157857,6.8773484,0.71876335,19.699036,30.12742
44:46.7,0.3154232,6.885048,0.72763264,19.680973,30.093027
45:46.7,0.31460133,6.8921003,0.72573686,19.709288,30.130116
46:46.7,0.30896014,6.898581,0.71272373,19.740973,30.172846
47:46.7,0.3148535,6.9050674,0.72631896,19.732489,30.154165
48:46.7,0.31861764,6.9111266,0.7350025,19.788555,30.234497
49:46.7,0.31440544,6.9167466,0.7252857,19.785116,30.224283
50:46.7,0.31066972,6.9221296,0.7166681,19.80963,30.256979
51:46.7,0.31357136,6.927457,0.723362,19.7931,30.227036
52:46.7,0.31083697,6.9357224,0.7170545,19.811192,30.247375
53:46.7,0.31497097,6.94398,0.7265913,19.761883,30.164825
54:46.7,0.31737748,6.9504805,0.7321429,19.82407,30.254013
55:46.7,0.31786785,6.9593935,0.73327446,19.779875,30.17873
56:46.7,0.31645432,6.972537,0.730014,19.8116,30.215557
57:46.7,0.31581992,6.9854445,0.72855103,19.759527,30.124813
58:46.7,0.31405467,6.995424,0.72447926,19.863712,30.27485
59:46.7,0.31345558,7.003433,0.72309744,19.844343,30.238281
00:46.7,0.31561452,7.0145187,0.7280782,19.900633,30.314274
01:46.7,0.31235066,7.0290513,0.72054946,19.908155,30.312916
02:46.7,0.31532842,7.0443068,0.72741914,19.89325,30.276785
03:46.7,0.31084138,7.0543213,0.71706855,19.921556,30.31104
04:46.7,0.31238765,7.068155,0.720636,19.891115,30.252563
05:46.7,0.31308156,7.0717344,0.722237,19.908928,30.276505
06:46.7,0.31028748,7.078682,0.7157916,19.877789,30.223053
,,,,,
11:44.5,0.17195587,10.811775,0.3967889,17.879282,24.5256
12:44.5,0.15914269,10.577621,0.36721402,17.863419,24.655096
13:44.5,0.16879483,10.470839,0.38948193,17.830185,24.678696
14:44.5,0.16792926,10.403236,0.3874822,17.892944,24.809902
15:44.5,0.1704567,10.358673,0.3933124,17.9278,24.887598
16:44.5,0.17180672,10.327967,0.39642632,17.924847,24.90378
17:44.5,0.17069797,10.307033,0.39386725,17.930773,24.925854
18:44.5,0.16877499,10.289675,0.3894295,17.898005,24.891777
19:44.5,0.16786155,10.274527,0.38732138,17.935274,24.953651
20:44.5,0.17480259,10.260478,0.40333647,17.903543,24.918808
21:44.5,0.17169723,10.252775,0.39617094,17.871878,24.879827
22:44.5,0.16108322,10.24953,0.37168026,17.843395,24.842318
23:44.5,0.1658924,10.251391,0.38277698,17.839909,24.836237
24:44.5,0.1676813,10.2543545,0.38690478,17.863708,24.86741
25:44.5,0.17801228,10.254619,0.41074228,17.826996,24.81613
26:44.5,0.18000737,10.256554,0.41534576,17.8162,24.79983
27:44.5,0.16773662,10.256594,0.38703245,17.784466,24.755627
28:44.5,0.17661305,10.256795,0.4075138,17.787512,24.759733
29:44.5,0.17707634,10.254194,0.40858275,17.781813,24.753511
30:44.5,0.17799835,10.253995,0.4107101,17.787521,24.761591
31:44.5,0.17428017,10.251407,0.40213075,17.743755,24.702366
32:44.5,0.1761467,10.247704,0.4064374,17.769299,24.740362
33:44.5,0.16297054,10.241694,0.3760348,17.750679,24.718388
34:44.5,0.16991062,10.235182,0.39204794,17.761549,24.737812
35:44.5,0.16800804,10.227587,0.3876577,17.740717,24.713787
36:44.5,0.16757031,10.219729,0.38664743,17.69359,24.653292
37:44.5,0.16228542,10.211006,0.37445292,17.673134,24.63051
38:44.5,0.1638277,10.202997,0.3780113,17.67384,24.636745
39:44.5,0.16490173,10.197263,0.38048926,17.664413,24.627361
40:44.5,0.16193333,10.191675,0.37363988,17.651005,24.612331
41:44.5,0.17001018,10.186216,0.392276,17.625362,24.58015
42:44.5,0.17147103,10.180949,0.39564645,17.608765,24.560452
43:44.5,0.16522904,10.171466,0.38124356,17.61637,24.577265
44:44.5,0.16731243,10.158626,0.38605028,17.60596,24.571152
45:44.5,0.17086753,10.147774,0.39425284,17.61416,24.589708
46:44.5,0.17219257,10.136332,0.39730975,17.57449,24.541815
47:44.5,0.16326293,10.122261,0.37670457,21.876698,30.56108
48:44.5,0.16961479,10.109075,0.39135972,23.44782,32.76742
49:44.5,0.17082691,10.0974045,0.39415678,20.22475,28.27211
50:44.5,0.16751519,10.086291,0.38651544,18.484375,25.846914
51:44.5,0.16411877,10.073843,0.3786784,17.845272,24.961552
52:44.5,0.17386703,10.062241,0.40117064,17.63711,24.678026
53:44.5,0.16446248,10.049774,0.3794707,17.56358,24.583332
54:44.5,0.16401958,10.034656,0.3784483,17.534523,24.552586
55:44.5,0.17256527,10.019758,0.39816555,17.53965,24.569553
56:44.5,0.17280635,10.005551,0.3987213,17.535898,24.57364
57:44.5,0.17003994,9.986056,0.39233762,17.488857,24.520517
58:44.5,0.17080593,9.968793,0.39410442,17.468699,24.503576
59:44.5,0.16744633,9.951075,0.38635212,17.477785,24.52797
00:44.5,0.16848011,9.93598,0.38873687,17.445957,24.49321
01:44.5,0.1676176,9.921713,0.38674632,17.421024,24.46757
02:44.5,0.17347565,9.905024,0.40026206,17.40205,24.451866
03:44.5,0.16533585,9.888631,0.3814805,17.398018,24.456959
04:44.5,0.17441197,9.875119,0.4024214,17.29606,24.322458
05:44.5,0.17226772,9.860995,0.39747316,19.207596,27.020792
06:44.5,0.16433963,9.846327,0.37917933,23.558031,33.15395
07:44.5,0.17269897,9.8313465,0.3984669,20.138567,28.353048
08:44.5,0.17255974,9.816511,0.39814556,18.320587,25.803808
09:44.5,0.16673927,9.801265,0.3847157,17.593298,24.789623
10:44.5,0.17697926,9.78396,0.40834174,17.402237,24.531834
11:44.5,0.17123833,9.767065,0.39509523,17.288286,24.382292
12:44.5,0.17208958,9.749219,0.39705873,17.2697,24.36779
13:44.5,0.1761652,9.733866,0.40646178,17.248318,24.347694
14:44.5,0.17240277,9.717532,0.39778024,17.268703,24.387215
15:44.5,0.17101403,9.704175,0.3945756,17.216059,24.32163
16:44.5,0.17429504,9.690233,0.40214533,17.206621,24.317442
17:44.5,0.1680254,9.677582,0.3876792,17.138279,24.229132
18:44.5,0.17677955,9.66818,0.40787703,17.163593,24.271078
19:44.5,0.16905251,9.657857,0.39004835,17.120289,24.216597
20:44.5,0.18330613,9.646341,0.42293477,17.117914,24.220774
21:44.5,0.16615066,9.636037,0.38335237,17.11533,24.223866
22:44.5,0.16483383,9.627274,0.3803138,17.118431,24.233992
23:44.5,0.17074661,9.618421,0.3939558,17.096472,24.2087
24:44.5,0.17207393,9.611775,0.39701805,17.110836,24.233395
25:44.5,0.17093143,9.604793,0.3943818,17.102827,24.226631
26:44.5,0.17556286,9.600451,0.40506753,17.02706,24.122137
27:44.5,0.16605377,9.596835,0.38312754,17.057178,24.167171
28:44.5,0.18045159,9.592726,0.4163468,17.041677,24.147894
29:44.5,0.16849728,9.587273,0.38876504,17.044575,24.155561
30:44.5,0.17567196,9.582443,0.40531868,17.03067,24.139015
31:44.5,0.17210618,9.578079,0.39709133,17.016397,24.121634
32:44.5,0.17347717,9.570221,0.40025434,17.05714,24.18454
33:44.5,0.17499352,9.562642,0.40375265,17.03677,24.160614
34:44.5,0.17141113,9.557462,0.395487,17.047165,24.178745
35:44.5,0.17018375,9.551623,0.392655,17.054678,24.19323
36:44.5,0.16286679,9.544571,0.37577277,17.04282,24.181026
37:44.5,0.17081681,9.539679,0.3941152,17.066084,24.217247
38:44.5,0.1671671,9.532918,0.3856942,17.08702,24.2514
39:44.5,0.16822776,9.525932,0.3881412,17.072159,24.234898
40:44.5,0.17243767,9.520212,0.3978543,17.053476,24.212128
41:44.5,0.1691864,9.516014,0.39035276,17.083027,24.256847
42:44.5,0.1740694,9.510254,0.40161878,17.046566,24.208853
43:44.5,0.16462287,9.504041,0.37982327,17.019098,24.173922
44:44.5,0.1691145,9.49839,0.39018628,17.022943,24.18309
45:44.5,0.17309017,9.489504,0.39935875,17.039577,24.212559
46:44.5,0.16928044,9.480306,0.39056855,17.018444,24.188568
47:44.5,0.16937923,9.473979,0.39079633,17.01267,24.184515
48:44.5,0.17698765,9.463129,0.4083503,16.981968,24.147984
49:44.5,0.16967487,9.449641,0.39147764,16.998878,24.180887
50:44.5,0.16714287,9.438708,0.3856354,16.972347,24.150322
51:44.5,0.16535816,9.427713,0.38151732,17.001963,24.199692
52:44.5,0.16754627,9.415899,0.38656545,16.998823,24.203
53:44.5,0.16625538,9.405127,0.38358673,16.965462,24.162579
54:44.5,0.16524696,9.395174,0.3812598,16.952734,24.15099
55:44.5,0.16875553,9.384346,0.3893545,16.921604,24.113747
56:44.5,0.17049369,9.376617,0.39336458,16.929016,24.129383
57:44.5,0.16656628,9.368294,0.3843029,16.917345,24.11821
58:44.5,0.16606426,9.359179,0.38314438,16.931057,24.143753
59:44.5,0.16983834,9.350319,0.39185166,16.924778,24.140621
00:44.5,0.16624565,9.342107,0.38356236,16.894611,24.102991
01:44.5,0.16132775,9.335146,0.37221554,16.898829,24.11358
02:44.5,0.16768913,9.32583,0.38689226,16.911556,24.137873
03:44.5,0.16311416,9.316858,0.37633666,16.909359,24.14064
04:44.5,0.17108306,9.305621,0.39472213,16.886372,24.11521
05:44.5,0.17270717,9.295468,0.3984689,16.889786,24.126766
06:44.5,0.16864738,9.284142,0.3891019,16.877892,24.11723
07:44.5,0.14695282,9.275064,0.33904812,16.755219,23.947872
08:44.5,-0.047322847,9.6853,-0.10918729,0,0
,,,,,
Log Notes,,,,,
2025-08-05 08:02:44.665 Started,,,,,
2025-08-05 10:06:55.700 Paused,,,,,
2025-08-05 16:11:42.478 Resumed,,,,,
2025-08-05 18:09:40.604 Stopped,,,,,
