Location Properties,,,,,,,,,,
Location Name = Longmire stilling well,,,,,,,,,,
Location ID = 6e4f000f-d4dd-5d91-b59d-8c0c27772fd8,,,,,,,,,,
Latitude = 46.74942753876294 °,,,,,,,,,,
Longitude = -121.8076592311121 °,,,,,,,,,,
,,,,,,,,,,
Report Properties,,,,,,,,,,
Start Time = 2025-08-05 08:02:46.726,,,,,,,,,,
Duration = 10:05:58,,,,,,,,,,
Readings = 243,,,,,,,,,,
Time Offset = -07:00:00,,,,,,,,,,
,,,,,,,,,,
Instrument Properties,,,,,,,,,riverRight_dry,
Device Model = Aqua TROLL 200,,,,,,,,,Date Time,Actual Conductivity (µS/cm) (840058)
Device SN = 790481,,,,,,,,,8:33:43 AM,18.823612
Device Firmware = 2.01,,,,,,,,,8:33:44 AM,18.8249
,,,,,,,,,8:33:45 AM,18.826187
Log Properties,,,,,,,,,8:33:46 AM,18.825779
Log Name = Log_20250805_790481_mixing,,,,,,,,,8:33:47 AM,18.826279
Log Type = Linear Average,,,,,,,,,8:33:48 AM,18.82678
Log File Number = 5,,,,,,,,,8:33:49 AM,18.82067
Log ID = cff31e49-aa9b-54e9-b8b0-5a41fc625be5,,,,,,,,,8:33:50 AM,18.820389
Interval = 00:01:00,,,,,,,,,8:33:51 AM,18.820108
Averaging Interval = 00:00:01,,,,,,,,,8:33:52 AM,18.81657
Sample Size = 5,,,,,,,,,8:33:53 AM,18.816229
,,,,,,,,,8:33:54 AM,18.816616
,,,,,,,,,8:33:55 AM,18.81656
Date Time,Pressure (psi) (790481),Temperature (°C) (790481),Depth (ft) (790481),Actual Conductivity (µS/cm) (790481),Specific Conductivity (µS/cm) (790481),,,,8:33:56 AM,18.816505
02:46.7,0.31901988,6.2568665,0.7359115,18.667883,29.077423,,,,8:33:57 AM,18.813326
03:46.7,0.32040995,6.256944,0.7391181,18.649414,29.048588,,,,8:33:58 AM,18.813147
04:46.7,0.32155952,6.2577515,0.7417699,18.731274,29.17539,,,,8:33:59 AM,18.812965
05:46.7,0.31439322,6.259149,0.72523886,18.661945,29.066198,,,,8:34:00 AM,18.828554
06:46.7,0.32341424,6.2613955,0.74604833,18.732468,29.174091,,,,8:34:01 AM,18.829391
07:46.7,0.3186043,6.263463,0.7349529,18.699604,29.121115,,,,8:34:02 AM,18.829012
08:46.7,0.3197325,6.2652574,0.7375555,18.719511,29.150562,,,,8:34:03 AM,18.829357
09:46.7,0.31504536,6.2681,0.72674334,18.755451,29.204056,,,,8:34:04 AM,18.829702
10:46.7,0.32197762,6.271155,0.7427347,18.735987,29.1711,,,,8:34:05 AM,18.82566
11:46.7,0.3197708,6.2747116,0.73764414,18.735598,29.167408,,,,8:34:06 AM,18.825409
12:46.7,0.31856233,6.27852,0.7348565,18.779394,29.232279,,,,8:34:07 AM,18.82516
13:46.7,0.32515755,6.282832,0.7500704,18.801273,29.262585,,,,8:34:08 AM,18.825209
14:46.7,0.31528988,6.2881713,0.7273079,18.765217,29.201834,,,,8:34:09 AM,18.825113
15:46.7,0.32046908,6.294336,0.7392554,18.813162,29.271082,,,,8:34:10 AM,18.817232
16:46.7,0.31835976,6.300267,0.7343898,18.803627,29.25109,,,,8:34:11 AM,18.816751
17:46.7,0.32390118,6.305336,0.7471728,18.861319,29.336416,,,,8:34:12 AM,18.816273
18:46.7,0.3128155,6.3104906,0.72160053,18.868967,29.343817,,,,8:34:13 AM,18.82609
19:46.7,0.3145298,6.3155947,0.7255553,18.847492,29.305975,,,,8:34:14 AM,18.826488
20:46.7,0.3215639,6.320485,0.7417816,18.856007,29.31496,,,,8:34:15 AM,18.826887
21:46.7,0.31806222,6.324716,0.73370403,18.869621,29.332443,,,,8:34:16 AM,18.832863
22:46.7,0.3209446,6.3291,0.7403532,18.877401,29.34072,,,,8:34:17 AM,18.833464
23:46.7,0.31796494,6.3345094,0.7334799,18.910889,29.388046,,,,8:34:18 AM,18.827868
24:46.7,0.3192791,6.3408294,0.7365115,18.92431,29.40339,,,,8:34:19 AM,18.827663
25:46.7,0.32173234,6.346875,0.7421708,18.906363,29.370234,,,,8:34:20 AM,18.827461
26:46.7,0.31793004,6.3530564,0.7333998,18.930012,29.401575,,,,8:34:21 AM,18.82661
27:46.7,0.32501775,6.358388,0.7497499,18.928791,29.39503,,,,8:34:22 AM,18.82642
28:46.7,0.31294537,6.364755,0.72190154,18.960423,29.438595,,,,8:34:23 AM,18.82623
29:46.7,0.32556248,6.37057,0.75100684,18.95981,29.432568,,,,8:34:24 AM,18.830011
30:46.7,0.31809616,6.3769655,0.7337837,18.962688,29.431454,,,,8:34:25 AM,18.83021
31:46.7,0.31723976,6.3829255,0.73180836,18.974768,29.445002,,,,8:34:26 AM,18.822384
32:46.7,0.3206318,6.3880844,0.7396332,18.997091,29.475134,,,,8:34:27 AM,18.82199
33:46.7,0.3162945,6.393912,0.729628,18.974537,29.435059,,,,8:34:28 AM,18.821596
34:46.7,0.31589088,6.399278,0.7286972,19.004965,29.477573,,,,8:34:29 AM,18.826546
35:46.7,0.317264,6.4052076,0.7318648,19.02576,29.504648,,,,8:34:30 AM,18.826643
36:46.7,0.316593,6.411209,0.730317,19.063416,29.557789,,,,8:34:31 AM,18.82674
37:46.7,0.3171648,6.4178085,0.7316363,19.073399,29.567484,,,,8:34:32 AM,18.824759
38:46.7,0.31677952,6.4240785,0.7307459,23.400488,36.268585,,,,8:34:33 AM,18.824762
39:46.7,0.31601468,6.430275,0.7289796,28.289124,43.837475,,,,8:34:34 AM,18.82052
40:46.7,0.3174324,6.4361954,0.732252,23.843443,36.941875,,,,8:34:35 AM,18.820206
41:46.7,0.31498832,6.442679,0.72661555,21.016048,32.555,,,,8:34:36 AM,18.819893
42:46.7,0.31584358,6.449318,0.72858906,19.869299,30.772577,,,,8:34:37 AM,18.825808
43:46.7,0.3165781,6.455603,0.73028386,19.425196,30.079178,,,,8:34:38 AM,18.826063
44:46.7,0.3233408,6.461641,0.7458843,19.239544,29.786388,,,,8:34:39 AM,18.826319
45:46.7,0.3168478,6.46895,0.7309065,19.177113,29.683315,,,,8:34:40 AM,18.8243
46:46.7,0.3180189,6.4753904,0.7336081,19.209358,29.72757,,,,8:34:41 AM,18.824333
47:46.7,0.31555596,6.4822173,0.72792685,19.177639,29.672491,,,,8:34:42 AM,18.828432
48:46.7,0.31529313,6.488846,0.7273207,19.159824,29.639118,,,,8:34:43 AM,18.828638
49:46.7,0.3150362,6.495233,0.7267282,19.197388,29.69163,,,,8:34:44 AM,18.828842
50:46.7,0.31748313,6.5016494,0.732373,19.227985,29.733313,,,,8:34:45 AM,18.841585
51:46.7,0.31617355,6.5080123,0.7293522,19.22245,29.719172,,,,8:34:46 AM,18.842459
52:46.7,0.31532517,6.5155897,0.7273954,19.233883,29.730194,,,,8:34:47 AM,18.84333
53:46.7,0.3176489,6.5224442,0.7327559,19.23653,29.728271,,,,8:34:48 AM,18.835361
54:46.7,0.31450748,6.530768,0.7255095,19.25462,29.748917,,,,8:34:49 AM,18.83522
55:46.7,0.314843,6.538208,0.72628367,19.246777,29.73027,,,,8:34:50 AM,18.831524
56:46.7,0.31139413,6.545839,0.7183279,19.535383,30.169285,,,,8:34:51 AM,18.831114
57:46.7,0.31595668,6.5533295,0.7288499,27.059305,41.77955,,,,8:34:52 AM,18.830704
58:46.7,0.3186718,6.5596695,0.7351136,26.339092,40.65995,,,,8:34:53 AM,18.81817
59:46.7,0.31574363,6.5657167,0.7283608,22.488092,34.708923,,,,8:34:54 AM,18.817318
00:46.7,0.31677932,6.571225,0.73075086,20.563198,31.732822,,,,8:34:55 AM,18.816465
01:46.7,0.31810609,6.5766754,0.733812,19.771578,30.506306,,,,8:34:56 AM,18.828419
02:46.7,0.32064515,6.58228,0.73966944,19.459463,30.01977,,,,8:34:57 AM,18.828798
03:46.7,0.32138616,6.588304,0.74137896,19.4103,29.938614,,,,8:34:58 AM,18.831276
04:46.7,0.31982002,6.5950027,0.7377664,19.388477,29.899054,,,,8:34:59 AM,18.831707
05:46.7,0.31557885,6.602266,0.72798306,19.347103,29.828873,,,,8:35:00 AM,18.832136
06:46.7,0.31815892,6.607793,0.7339349,19.36311,29.848694,,,,8:35:01 AM,18.832155
07:46.7,0.32413062,6.614412,0.7477107,19.40643,29.909637,,,,8:35:02 AM,18.832218
08:46.7,0.32108134,6.6207094,0.7406768,19.378912,29.861694,,,,8:35:03 AM,18.83228
09:46.7,0.31403103,6.6273055,0.7244131,19.431082,29.936274,,,,8:35:04 AM,18.829737
10:46.7,0.31559905,6.632768,0.7280305,19.407452,29.895061,,,,8:35:05 AM,18.82959
11:46.7,0.3176489,6.6377945,0.7327593,19.411266,29.896515,,,,8:35:06 AM,18.831755
12:46.7,0.32011414,6.643857,0.7384463,19.421366,29.906734,,,,8:35:07 AM,18.831827
13:46.7,0.314686,6.6500487,0.7259248,19.445776,29.938873,,,,8:35:08 AM,18.8319
14:46.7,0.3177019,6.6563826,0.73288214,19.447638,29.936163,,,,8:35:09 AM,18.821281
15:46.7,0.31475526,6.661847,0.7260848,19.443296,29.924677,,,,8:35:10 AM,18.820688
16:46.7,0.3190363,6.668401,0.73596066,19.456305,29.938929,,,,8:35:11 AM,18.820097
17:46.7,0.31834906,6.675578,0.7343756,19.487684,29.98089,,,,8:35:12 AM,18.828176
18:46.7,0.31846142,6.68279,0.73463494,19.462389,29.935629,,,,8:35:13 AM,18.828373
19:46.7,0.31680584,6.6899214,0.730816,19.488222,29.969086,,,,8:35:14 AM,18.838806
20:46.7,0.31572455,6.697383,0.7283219,19.434008,29.879162,,,,8:35:15 AM,18.839643
21:46.7,0.31533223,6.7051134,0.7274171,19.478916,29.941418,,,,8:35:16 AM,18.840483
22:46.7,0.3165846,6.7141848,0.7303064,19.533567,30.017426,,,,8:35:17 AM,18.84149
23:46.7,0.31427497,6.7236037,0.7249788,19.5116,29.975378,,,,8:35:18 AM,18.841818
24:46.7,0.32148534,6.734578,0.7416122,19.54625,30.018946,,,,8:35:19 AM,18.842146
25:46.7,0.3131655,6.742499,0.7224199,19.523495,29.977032,,,,8:35:20 AM,18.825024
26:46.7,0.3182106,6.7509065,0.73405844,19.560795,30.026901,,,,8:35:21 AM,18.824049
27:46.7,0.31705284,6.757675,0.7313879,19.5304,29.974295,,,,8:35:22 AM,18.829004
28:46.7,0.31448936,6.764323,0.72547454,19.550247,29.99891,,,,8:35:23 AM,18.828913
29:46.7,0.32132435,6.7721815,0.741242,19.592705,30.057135,,,,8:35:24 AM,18.828821
30:46.7,0.31374532,6.7801924,0.7237587,19.54959,29.983953,,,,8:35:25 AM,18.842506
31:46.7,0.3173321,6.788161,0.73203295,19.56957,30.007595,,,,8:35:26 AM,18.843454
32:46.7,0.31265584,6.7953033,0.7212459,19.581333,30.019354,,,,8:35:27 AM,18.844402
33:46.7,0.3149864,6.8028474,0.7266224,19.599747,30.040945,,,,8:35:28 AM,18.823988
34:46.7,0.31109658,6.81026,0.7176494,19.62086,30.066782,,,,8:35:29 AM,18.823109
35:46.7,0.3081377,6.8163695,0.7108239,19.574188,29.989902,,,,8:35:30 AM,18.834911
36:46.7,0.313999,6.822835,0.7243452,19.619583,30.053766,,,,8:35:31 AM,18.835152
37:46.7,0.31435966,6.8308945,0.72517747,19.624315,30.053925,,,,8:35:32 AM,18.835392
38:46.7,0.3138914,6.839574,0.72409755,19.635838,30.063938,,,,8:35:33 AM,18.839685
39:46.7,0.31204987,6.8479753,0.7198497,19.633472,30.052933,,,,8:35:34 AM,18.840242
40:46.7,0.31854495,6.85583,0.73483306,19.679562,30.116568,,,,8:35:35 AM,18.840801
41:46.7,0.3179554,6.86277,0.7334733,19.597721,29.98524,,,,8:35:36 AM,18.843237
42:46.7,0.31631374,6.8700056,0.72968644,19.669605,30.088863,,,,8:35:37 AM,18.843493
43:46.7,0.31157857,6.8773484,0.71876335,19.699036,30.12742,,,,8:35:38 AM,18.833426
44:46.7,0.3154232,6.885048,0.72763264,19.680973,30.093027,,,,8:35:39 AM,18.832867
45:46.7,0.31460133,6.8921003,0.72573686,19.709288,30.130116,,,,8:35:40 AM,18.832308
46:46.7,0.30896014,6.898581,0.71272373,19.740973,30.172846,,,,8:35:41 AM,18.832085
47:46.7,0.3148535,6.9050674,0.72631896,19.732489,30.154165,,,,8:35:42 AM,18.831816
48:46.7,0.31861764,6.9111266,0.7350025,19.788555,30.234497,,,,8:35:43 AM,18.831547
49:46.7,0.31440544,6.9167466,0.7252857,19.785116,30.224283,,,,8:35:44 AM,18.838192
50:46.7,0.31066972,6.9221296,0.7166681,19.80963,30.256979,,,,8:35:45 AM,18.838577
51:46.7,0.31357136,6.927457,0.723362,19.7931,30.227036,,,,8:35:46 AM,18.837654
52:46.7,0.31083697,6.9357224,0.7170545,19.811192,30.247375,,,,8:35:47 AM,18.837751
53:46.7,0.31497097,6.94398,0.7265913,19.761883,30.164825,,,,8:35:48 AM,18.837849
54:46.7,0.31737748,6.9504805,0.7321429,19.82407,30.254013,,,,8:35:49 AM,18.836441
55:46.7,0.31786785,6.9593935,0.73327446,19.779875,30.17873,,,,8:35:50 AM,18.836332
56:46.7,0.31645432,6.972537,0.730014,19.8116,30.215557,,,,8:35:51 AM,18.836224
57:46.7,0.31581992,6.9854445,0.72855103,19.759527,30.124813,,,,8:35:52 AM,18.843554
58:46.7,0.31405467,6.995424,0.72447926,19.863712,30.27485,,,,8:35:53 AM,18.843954
59:46.7,0.31345558,7.003433,0.72309744,19.844343,30.238281,,,,8:35:54 AM,18.845373
00:46.7,0.31561452,7.0145187,0.7280782,19.900633,30.314274,,,,8:35:55 AM,18.845633
01:46.7,0.31235066,7.0290513,0.72054946,19.908155,30.312916,,,,8:35:56 AM,18.845892
02:46.7,0.31532842,7.0443068,0.72741914,19.89325,30.276785,,,,8:35:57 AM,18.841166
03:46.7,0.31084138,7.0543213,0.71706855,19.921556,30.31104,,,,8:35:58 AM,18.840914
04:46.7,0.31238765,7.068155,0.720636,19.891115,30.252563,,,,8:35:59 AM,18.840662
05:46.7,0.31308156,7.0717344,0.722237,19.908928,30.276505,,,,8:36:00 AM,18.837309
06:46.7,0.31028748,7.078682,0.7157916,19.877789,30.223053,,,,8:36:01 AM,18.836992
,,,,,,,,,8:36:02 AM,18.844074
11:44.5,0.17195587,10.811775,0.3967889,17.879282,24.5256,,,,8:36:03 AM,18.844437
12:44.5,0.15914269,10.577621,0.36721402,17.863419,24.655096,,,,8:36:04 AM,18.844797
13:44.5,0.16879483,10.470839,0.38948193,17.830185,24.678696,,,,8:36:05 AM,18.840204
14:44.5,0.16792926,10.403236,0.3874822,17.892944,24.809902,,,,8:36:06 AM,18.840105
15:44.5,0.1704567,10.358673,0.3933124,17.9278,24.887598,,,,8:36:07 AM,18.840006
16:44.5,0.17180672,10.327967,0.39642632,17.924847,24.90378,,,,8:36:08 AM,18.843693
17:44.5,0.17069797,10.307033,0.39386725,17.930773,24.925854,,,,8:36:09 AM,18.843798
18:44.5,0.16877499,10.289675,0.3894295,17.898005,24.891777,,,,8:36:10 AM,18.843603
19:44.5,0.16786155,10.274527,0.38732138,17.935274,24.953651,,,,8:36:11 AM,18.84368
20:44.5,0.17480259,10.260478,0.40333647,17.903543,24.918808,,,,8:36:12 AM,18.843756
21:44.5,0.17169723,10.252775,0.39617094,17.871878,24.879827,,,,8:36:13 AM,18.841103
22:44.5,0.16108322,10.24953,0.37168026,17.843395,24.842318,,,,8:36:14 AM,18.840937
23:44.5,0.1658924,10.251391,0.38277698,17.839909,24.836237,,,,8:36:15 AM,18.840769
24:44.5,0.1676813,10.2543545,0.38690478,17.863708,24.86741,,,,8:36:16 AM,18.845507
25:44.5,0.17801228,10.254619,0.41074228,17.826996,24.81613,,,,8:36:17 AM,18.84572
26:44.5,0.18000737,10.256554,0.41534576,17.8162,24.79983,,,,8:36:18 AM,18.850857
27:44.5,0.16773662,10.256594,0.38703245,17.784466,24.755627,,,,8:36:19 AM,18.851288
28:44.5,0.17661305,10.256795,0.4075138,17.787512,24.759733,,,,8:36:20 AM,18.851717
29:44.5,0.17707634,10.254194,0.40858275,17.781813,24.753511,,,,8:36:21 AM,18.849728
30:44.5,0.17799835,10.253995,0.4107101,17.787521,24.761591,,,,8:36:22 AM,18.849735
31:44.5,0.17428017,10.251407,0.40213075,17.743755,24.702366,,,,8:36:23 AM,18.849745
32:44.5,0.1761467,10.247704,0.4064374,17.769299,24.740362,,,,8:36:24 AM,18.84687
33:44.5,0.16297054,10.241694,0.3760348,17.750679,24.718388,,,,8:36:25 AM,18.846653
34:44.5,0.16991062,10.235182,0.39204794,17.761549,24.737812,,,,8:36:26 AM,18.844326
35:44.5,0.16800804,10.227587,0.3876577,17.740717,24.713787,,,,8:36:27 AM,18.844118
36:44.5,0.16757031,10.219729,0.38664743,17.69359,24.653292,,,,8:36:28 AM,18.84391
37:44.5,0.16228542,10.211006,0.37445292,17.673134,24.63051,,,,8:36:29 AM,18.83981
38:44.5,0.1638277,10.202997,0.3780113,17.67384,24.636745,,,,8:36:30 AM,18.839502
39:44.5,0.16490173,10.197263,0.38048926,17.664413,24.627361,,,,8:36:31 AM,18.839197
40:44.5,0.16193333,10.191675,0.37363988,17.651005,24.612331,,,,8:36:32 AM,18.84338
41:44.5,0.17001018,10.186216,0.392276,17.625362,24.58015,,,,8:36:33 AM,18.843523
42:44.5,0.17147103,10.180949,0.39564645,17.608765,24.560452,,,,8:36:34 AM,18.856459
43:44.5,0.16522904,10.171466,0.38124356,17.61637,24.577265,,,,8:36:35 AM,18.85736
44:44.5,0.16731243,10.158626,0.38605028,17.60596,24.571152,,,,8:36:36 AM,18.858263
45:44.5,0.17086753,10.147774,0.39425284,17.61416,24.589708,,,,8:36:37 AM,18.839508
46:44.5,0.17219257,10.136332,0.39730975,17.57449,24.541815,,,,8:36:38 AM,18.838678
47:44.5,0.16326293,10.122261,0.37670457,21.876698,30.56108,,,,8:36:39 AM,18.837849
48:44.5,0.16961479,10.109075,0.39135972,23.44782,32.76742,,,,8:36:40 AM,18.841333
49:44.5,0.17082691,10.0974045,0.39415678,20.22475,28.27211,,,,8:36:41 AM,18.84106
50:44.5,0.16751519,10.086291,0.38651544,18.484375,25.846914,,,,8:36:42 AM,18.850279
51:44.5,0.16411877,10.073843,0.3786784,17.845272,24.961552,,,,8:36:43 AM,18.850946
52:44.5,0.17386703,10.062241,0.40117064,17.63711,24.678026,,,,8:36:44 AM,18.851614
53:44.5,0.16446248,10.049774,0.3794707,17.56358,24.583332,,,,8:36:45 AM,18.8487
54:44.5,0.16401958,10.034656,0.3784483,17.534523,24.552586,,,,8:36:46 AM,18.848759
55:44.5,0.17256527,10.019758,0.39816555,17.53965,24.569553,,,,8:36:47 AM,18.848816
56:44.5,0.17280635,10.005551,0.3987213,17.535898,24.57364,,,,8:36:48 AM,18.847382
57:44.5,0.17003994,9.986056,0.39233762,17.488857,24.520517,,,,8:36:49 AM,18.847229
58:44.5,0.17080593,9.968793,0.39410442,17.468699,24.503576,,,,8:36:50 AM,18.847479
59:44.5,0.16744633,9.951075,0.38635212,17.477785,24.52797,,,,8:36:51 AM,18.847466
00:44.5,0.16848011,9.93598,0.38873687,17.445957,24.49321,,,,8:36:52 AM,18.847452
01:44.5,0.1676176,9.921713,0.38674632,17.421024,24.46757,,,,8:36:53 AM,18.844728
02:44.5,0.17347565,9.905024,0.40026206,17.40205,24.451866,,,,8:36:54 AM,18.844568
03:44.5,0.16533585,9.888631,0.3814805,17.398018,24.456959,,,,8:36:55 AM,18.844408
04:44.5,0.17441197,9.875119,0.4024214,17.29606,24.322458,,,,8:36:56 AM,18.849943
05:44.5,0.17226772,9.860995,0.39747316,19.207596,27.020792,,,,8:36:57 AM,18.850204
06:44.5,0.16433963,9.846327,0.37917933,23.558031,33.15395,,,,8:36:58 AM,18.850468
07:44.5,0.17269897,9.8313465,0.3984669,20.138567,28.353048,,,,8:36:59 AM,18.845888
08:44.5,0.17255974,9.816511,0.39814556,18.320587,25.803808,,,,8:37:00 AM,18.845755
09:44.5,0.16673927,9.801265,0.3847157,17.593298,24.789623,,,,8:37:01 AM,18.843035
10:44.5,0.17697926,9.78396,0.40834174,17.402237,24.531834,,,,8:37:02 AM,18.84276
11:44.5,0.17123833,9.767065,0.39509523,17.288286,24.382292,,,,8:37:03 AM,18.842485
12:44.5,0.17208958,9.749219,0.39705873,17.2697,24.36779,,,,8:37:04 AM,18.845411
13:44.5,0.1761652,9.733866,0.40646178,17.248318,24.347694,,,,8:37:05 AM,18.84552
14:44.5,0.17240277,9.717532,0.39778024,17.268703,24.387215,,,,8:37:06 AM,18.84563
15:44.5,0.17101403,9.704175,0.3945756,17.216059,24.32163,,,,8:37:07 AM,18.849546
16:44.5,0.17429504,9.690233,0.40214533,17.206621,24.317442,,,,8:37:08 AM,18.84985
17:44.5,0.1680254,9.677582,0.3876792,17.138279,24.229132,,,,8:37:09 AM,18.85407
18:44.5,0.17677955,9.66818,0.40787703,17.163593,24.271078,,,,8:37:10 AM,18.85442
19:44.5,0.16905251,9.657857,0.39004835,17.120289,24.216597,,,,8:37:11 AM,18.85477
20:44.5,0.18330613,9.646341,0.42293477,17.117914,24.220774,,,,8:37:12 AM,18.847454
21:44.5,0.16615066,9.636037,0.38335237,17.11533,24.223866,,,,8:37:13 AM,18.847118
22:44.5,0.16483383,9.627274,0.3803138,17.118431,24.233992,,,,8:37:14 AM,18.853456
23:44.5,0.17074661,9.618421,0.3939558,17.096472,24.2087,,,,8:37:15 AM,18.853674
24:44.5,0.17207393,9.611775,0.39701805,17.110836,24.233395,,,,8:37:16 AM,18.853891
25:44.5,0.17093143,9.604793,0.3943818,17.102827,24.226631,,,,8:37:17 AM,18.851362
26:44.5,0.17556286,9.600451,0.40506753,17.02706,24.122137,,,,8:37:18 AM,18.851366
27:44.5,0.16605377,9.596835,0.38312754,17.057178,24.167171,,,,8:37:19 AM,18.851368
28:44.5,0.18045159,9.592726,0.4163468,17.041677,24.147894,,,,8:37:20 AM,18.860739
29:44.5,0.16849728,9.587273,0.38876504,17.044575,24.155561,,,,8:37:21 AM,18.861235
30:44.5,0.17567196,9.582443,0.40531868,17.03067,24.139015,,,,8:37:22 AM,18.86173
31:44.5,0.17210618,9.578079,0.39709133,17.016397,24.121634,,,,8:37:23 AM,18.853756
32:44.5,0.17347717,9.570221,0.40025434,17.05714,24.18454,,,,8:37:24 AM,18.853527
33:44.5,0.17499352,9.562642,0.40375265,17.03677,24.160614,,,,8:37:25 AM,18.847212
34:44.5,0.17141113,9.557462,0.395487,17.047165,24.178745,,,,8:37:26 AM,18.846638
35:44.5,0.17018375,9.551623,0.392655,17.054678,24.19323,,,,8:37:27 AM,18.846064
36:44.5,0.16286679,9.544571,0.37577277,17.04282,24.181026,,,,8:37:28 AM,18.86383
37:44.5,0.17081681,9.539679,0.3941152,17.066084,24.217247,,,,8:37:29 AM,18.864727
38:44.5,0.1671671,9.532918,0.3856942,17.08702,24.2514,,,,8:37:30 AM,18.865625
39:44.5,0.16822776,9.525932,0.3881412,17.072159,24.234898,,,,8:37:31 AM,18.863237
40:44.5,0.17243767,9.520212,0.3978543,17.053476,24.212128,,,,8:37:32 AM,18.863533
41:44.5,0.1691864,9.516014,0.39035276,17.083027,24.256847,,,,8:37:33 AM,18.859417
42:44.5,0.1740694,9.510254,0.40161878,17.046566,24.208853,,,,8:37:34 AM,18.859106
43:44.5,0.16462287,9.504041,0.37982327,17.019098,24.173922,,,,8:37:35 AM,18.858793
44:44.5,0.1691145,9.49839,0.39018628,17.022943,24.18309,,,,8:37:36 AM,18.865034
45:44.5,0.17309017,9.489504,0.39935875,17.039577,24.212559,,,,8:37:37 AM,18.865309
46:44.5,0.16928044,9.480306,0.39056855,17.018444,24.188568,,,,8:37:38 AM,18.865583
47:44.5,0.16937923,9.473979,0.39079633,17.01267,24.184515,,,,8:37:39 AM,18.859539
48:44.5,0.17698765,9.463129,0.4083503,16.981968,24.147984,,,,8:37:40 AM,18.85934
49:44.5,0.16967487,9.449641,0.39147764,16.998878,24.180887,,,,8:37:41 AM,18.84682
50:44.5,0.16714287,9.438708,0.3856354,16.972347,24.150322,,,,8:37:42 AM,18.845915
51:44.5,0.16535816,9.427713,0.38151732,17.001963,24.199692,,,,8:37:43 AM,18.84501
52:44.5,0.16754627,9.415899,0.38656545,16.998823,24.203,,,,8:37:44 AM,18.858868
53:44.5,0.16625538,9.405127,0.38358673,16.965462,24.162579,,,,8:37:45 AM,18.85939
54:44.5,0.16524696,9.395174,0.3812598,16.952734,24.15099,,,,8:37:46 AM,18.859911
55:44.5,0.16875553,9.384346,0.3893545,16.921604,24.113747,,,,8:37:47 AM,18.847206
56:44.5,0.17049369,9.376617,0.39336458,16.929016,24.129383,,,,8:37:48 AM,18.846794
57:44.5,0.16656628,9.368294,0.3843029,16.917345,24.11821,,,,8:37:49 AM,18.848442
58:44.5,0.16606426,9.359179,0.38314438,16.931057,24.143753,,,,8:37:50 AM,18.848236
59:44.5,0.16983834,9.350319,0.39185166,16.924778,24.140621,,,,8:37:51 AM,18.848028
00:44.5,0.16624565,9.342107,0.38356236,16.894611,24.102991,,,,8:37:52 AM,18.847427
01:44.5,0.16132775,9.335146,0.37221554,16.898829,24.11358,,,,8:37:53 AM,18.847431
02:44.5,0.16768913,9.32583,0.38689226,16.911556,24.137873,,,,8:37:54 AM,18.847435
03:44.5,0.16311416,9.316858,0.37633666,16.909359,24.14064,,,,8:37:55 AM,18.843168
04:44.5,0.17108306,9.305621,0.39472213,16.886372,24.11521,,,,8:37:56 AM,18.8429
05:44.5,0.17270717,9.295468,0.3984689,16.889786,24.126766,,,,8:37:57 AM,18.854807
06:44.5,0.16864738,9.284142,0.3891019,16.877892,24.11723,,,,8:37:58 AM,18.855427
07:44.5,0.14695282,9.275064,0.33904812,16.755219,23.947872,,,,8:37:59 AM,18.856047
08:44.5,-0.047322847,9.6853,-0.10918729,0,0,,,,8:38:00 AM,18.85493
,,,,,,,,,8:38:01 AM,18.855154
Log Notes,,,,,,,,,8:38:02 AM,18.855375
2025-08-05 08:02:44.665 Started,,,,,,,,,8:38:03 AM,18.847237
2025-08-05 10:06:55.700 Paused,,,,,,,,,8:38:04 AM,18.846733
2025-08-05 16:11:42.478 Resumed,,,,,,,,,8:38:05 AM,18.862648
2025-08-05 18:09:40.604 Stopped,,,,,,,,,8:38:06 AM,18.863438
,,,,,,,,,8:38:07 AM,18.864227
,,,,,,,,,8:38:08 AM,18.850357
,,,,,,,,,8:38:09 AM,18.849924
,,,,,,,,,8:38:10 AM,18.849491
,,,,,,,,,8:38:11 AM,18.848991
,,,,,,,,,8:38:12 AM,18.84862
,,,,,,,,,8:38:13 AM,18.86068
,,,,,,,,,8:38:14 AM,18.861414
,,,,,,,,,8:38:15 AM,18.86215
,,,,,,,,,8:38:16 AM,18.85949
,,,,,,,,,8:38:17 AM,18.859636
,,,,,,,,,8:38:18 AM,18.859783
,,,,,,,,,8:38:19 AM,18.864628
,,,,,,,,,8:38:20 AM,18.864862
,,,,,,,,,8:38:21 AM,18.86523
,,,,,,,,,8:38:22 AM,18.865377
,,,,,,,,,8:38:23 AM,18.865524
,,,,,,,,,8:38:24 AM,18.862267
,,,,,,,,,8:38:25 AM,18.862082
,,,,,,,,,8:38:26 AM,18.861897
,,,,,,,,,8:38:27 AM,18.864204
,,,,,,,,,8:38:28 AM,18.86426
,,,,,,,,,8:38:29 AM,18.867847
,,,,,,,,,8:38:30 AM,18.868122
,,,,,,,,,8:38:31 AM,18.868399
,,,,,,,,,8:38:32 AM,18.874823
,,,,,,,,,8:38:33 AM,18.875301
,,,,,,,,,8:38:34 AM,18.875778
,,,,,,,,,8:38:35 AM,18.864204
,,,,,,,,,8:38:36 AM,18.863699
,,,,,,,,,8:38:37 AM,18.865461
,,,,,,,,,8:38:38 AM,18.865309
,,,,,,,,,8:38:39 AM,18.865156
,,,,,,,,,8:38:40 AM,18.869123
,,,,,,,,,8:38:41 AM,18.869415
,,,,,,,,,8:38:42 AM,18.869707
,,,,,,,,,8:38:43 AM,18.867441
,,,,,,,,,8:38:44 AM,18.86741
,,,,,,,,,8:38:45 AM,18.882294
,,,,,,,,,8:38:46 AM,18.883158
,,,,,,,,,8:38:47 AM,18.884024
,,,,,,,,,8:38:48 AM,18.887312
,,,,,,,,,8:38:49 AM,18.887886
,,,,,,,,,8:38:50 AM,18.888462
,,,,,,,,,8:38:51 AM,18.878868
,,,,,,,,,8:38:52 AM,18.87839
,,,,,,,,,8:38:53 AM,18.878906
,,,,,,,,,8:38:54 AM,18.878714
,,,,,,,,,8:38:55 AM,18.878521
,,,,,,,,,8:38:56 AM,18.87632
,,,,,,,,,8:38:57 AM,18.8762
,,,,,,,,,8:38:58 AM,18.876078
,,,,,,,,,8:38:59 AM,18.877708
,,,,,,,,,8:39:00 AM,18.877745
,,,,,,,,,8:39:01 AM,18.891455
,,,,,,,,,8:39:02 AM,18.892357
,,,,,,,,,8:39:03 AM,18.89326
,,,,,,,,,8:39:04 AM,18.896313
,,,,,,,,,8:39:05 AM,18.896852
,,,,,,,,,8:39:06 AM,18.897394
,,,,,,,,,8:39:07 AM,18.95006
,,,,,,,,,8:39:08 AM,18.95328
,,,,,,,,,8:39:09 AM,19.033653
,,,,,,,,,8:39:10 AM,19.039871
,,,,,,,,,8:39:11 AM,19.046091
,,,,,,,,,8:39:12 AM,19.062965
,,,,,,,,,8:39:13 AM,19.065996
,,,,,,,,,8:39:14 AM,19.069025
,,,,,,,,,8:39:15 AM,19.23261
,,,,,,,,,8:39:16 AM,19.24284
,,,,,,,,,8:39:17 AM,19.25307
,,,,,,,,,8:39:18 AM,19.556284
,,,,,,,,,8:39:19 AM,19.578035
,,,,,,,,,8:39:20 AM,19.65325
,,,,,,,,,8:39:21 AM,19.664825
,,,,,,,,,8:39:22 AM,19.676401
,,,,,,,,,8:39:23 AM,19.957865
,,,,,,,,,8:39:24 AM,19.976389
,,,,,,,,,8:39:25 AM,19.994915
,,,,,,,,,8:39:26 AM,20.853275
,,,,,,,,,8:39:27 AM,20.911201
,,,,,,,,,8:39:28 AM,21.646751
,,,,,,,,,8:39:29 AM,21.71257
,,,,,,,,,8:39:30 AM,21.778389
,,,,,,,,,8:39:31 AM,22.264656
,,,,,,,,,8:39:32 AM,22.312756
,,,,,,,,,8:39:33 AM,22.360853
,,,,,,,,,8:39:34 AM,23.487043
,,,,,,,,,8:39:35 AM,23.56695
,,,,,,,,,8:39:36 AM,23.850607
,,,,,,,,,8:39:37 AM,23.89493
,,,,,,,,,8:39:38 AM,23.939253
,,,,,,,,,8:39:39 AM,25.216301
,,,,,,,,,8:39:40 AM,25.29998
,,,,,,,,,8:39:41 AM,25.38366
,,,,,,,,,8:39:42 AM,25.527918
,,,,,,,,,8:39:43 AM,25.568903
,,,,,,,,,8:39:44 AM,25.860079
,,,,,,,,,8:39:45 AM,25.881277
,,,,,,,,,8:39:46 AM,25.902477
,,,,,,,,,8:39:47 AM,27.851442
,,,,,,,,,8:39:48 AM,27.97666
,,,,,,,,,8:39:49 AM,28.101877
,,,,,,,,,8:39:50 AM,28.210545
,,,,,,,,,8:39:51 AM,28.266747
,,,,,,,,,8:39:52 AM,28.43607
,,,,,,,,,8:39:53 AM,28.448946
,,,,,,,,,8:39:54 AM,28.46182
,,,,,,,,,8:39:55 AM,29.99321
,,,,,,,,,8:39:56 AM,30.090292
,,,,,,,,,8:39:57 AM,30.187374
,,,,,,,,,8:39:58 AM,30.383299
,,,,,,,,,8:39:59 AM,30.43393
,,,,,,,,,8:40:00 AM,29.70195
,,,,,,,,,8:40:01 AM,29.661194
,,,,,,,,,8:40:02 AM,29.62044
,,,,,,,,,8:40:03 AM,30.621618
,,,,,,,,,8:40:04 AM,30.663355
,,,,,,,,,8:40:05 AM,30.705091
,,,,,,,,,8:40:06 AM,30.716557
,,,,,,,,,8:40:07 AM,30.741879
,,,,,,,,,8:40:08 AM,30.849463
,,,,,,,,,8:40:09 AM,30.855743
,,,,,,,,,8:40:10 AM,30.862026
,,,,,,,,,8:40:11 AM,31.011583
,,,,,,,,,8:40:12 AM,31.02336
,,,,,,,,,8:40:13 AM,31.035133
,,,,,,,,,8:40:14 AM,30.978418
,,,,,,,,,8:40:15 AM,30.978909
,,,,,,,,,8:40:16 AM,30.91983
,,,,,,,,,8:40:17 AM,30.914888
,,,,,,,,,8:40:18 AM,30.909948
,,,,,,,,,8:40:19 AM,30.65489
,,,,,,,,,8:40:20 AM,30.637836
,,,,,,,,,8:40:21 AM,30.620783
,,,,,,,,,8:40:22 AM,30.412537
,,,,,,,,,8:40:23 AM,30.393545
,,,,,,,,,8:40:24 AM,30.070864
,,,,,,,,,8:40:25 AM,30.045982
,,,,,,,,,8:40:26 AM,30.0211
,,,,,,,,,8:40:27 AM,30.051218
,,,,,,,,,8:40:28 AM,30.04495
,,,,,,,,,8:40:29 AM,30.038683
,,,,,,,,,8:40:30 AM,29.809292
,,,,,,,,,8:40:31 AM,29.796202
,,,,,,,,,8:40:32 AM,29.509542
,,,,,,,,,8:40:33 AM,29.486723
,,,,,,,,,8:40:34 AM,29.463902
,,,,,,,,,8:40:35 AM,28.975403
,,,,,,,,,8:40:36 AM,28.938265
,,,,,,,,,8:40:37 AM,28.901125
,,,,,,,,,8:40:38 AM,28.511524
,,,,,,,,,8:40:39 AM,28.475372
,,,,,,,,,8:40:40 AM,28.20771
,,,,,,,,,8:40:41 AM,28.18191
,,,,,,,,,8:40:42 AM,28.15611
,,,,,,,,,8:40:43 AM,27.819231
,,,,,,,,,8:40:44 AM,27.792175
,,,,,,,,,8:40:45 AM,27.76512
,,,,,,,,,8:40:46 AM,27.748928
,,,,,,,,,8:40:47 AM,27.739292
,,,,,,,,,8:40:48 AM,27.499828
,,,,,,,,,8:40:49 AM,27.484467
,,,,,,,,,8:40:50 AM,27.469105
,,,,,,,,,8:40:51 AM,27.08295
,,,,,,,,,8:40:52 AM,27.05331
,,,,,,,,,8:40:53 AM,27.02367
,,,,,,,,,8:40:54 AM,26.7823
,,,,,,,,,8:40:55 AM,26.757969
,,,,,,,,,8:40:56 AM,26.694916
,,,,,,,,,8:40:57 AM,26.6854
,,,,,,,,,8:40:58 AM,26.675882
,,,,,,,,,8:40:59 AM,26.379164
,,,,,,,,,8:41:00 AM,26.359613
,,,,,,,,,8:41:01 AM,26.340065
,,,,,,,,,8:41:02 AM,26.687593
,,,,,,,,,8:41:03 AM,26.700748
,,,,,,,,,8:41:04 AM,26.137753
,,,,,,,,,8:41:05 AM,26.110914
,,,,,,,,,8:41:06 AM,26.084076
,,,,,,,,,8:41:07 AM,25.575167
,,,,,,,,,8:41:08 AM,25.529821
,,,,,,,,,8:41:09 AM,25.484476
,,,,,,,,,8:41:10 AM,25.172415
,,,,,,,,,8:41:11 AM,25.140736
,,,,,,,,,8:41:12 AM,24.840096
,,,,,,,,,8:41:13 AM,24.814066
,,,,,,,,,8:41:14 AM,24.788034
,,,,,,,,,8:41:15 AM,24.989353
,,,,,,,,,8:41:16 AM,24.994148
,,,,,,,,,8:41:17 AM,24.998941
,,,,,,,,,8:41:18 AM,24.486525
,,,,,,,,,8:41:19 AM,24.460716
,,,,,,,,,8:41:20 AM,24.434908
,,,,,,,,,8:41:21 AM,24.20189
,,,,,,,,,8:41:22 AM,24.175198
,,,,,,,,,8:41:23 AM,24.136717
,,,,,,,,,8:41:24 AM,24.128824
,,,,,,,,,8:41:25 AM,24.120932
,,,,,,,,,8:41:26 AM,23.907152
,,,,,,,,,8:41:27 AM,23.893055
,,,,,,,,,8:41:28 AM,23.680931
,,,,,,,,,8:41:29 AM,23.6625
,,,,,,,,,8:41:30 AM,23.64407
,,,,,,,,,8:41:31 AM,23.420969
,,,,,,,,,8:41:32 AM,23.402071
,,,,,,,,,8:41:33 AM,23.383173
,,,,,,,,,8:41:34 AM,23.307095
,,,,,,,,,8:41:35 AM,23.296787
,,,,,,,,,8:41:36 AM,23.270712
,,,,,,,,,8:41:37 AM,23.267357
,,,,,,,,,8:41:38 AM,23.264
,,,,,,,,,8:41:39 AM,23.149443
,,,,,,,,,8:41:40 AM,23.141745
,,,,,,,,,8:41:41 AM,23.134045
,,,,,,,,,8:41:42 AM,22.881912
,,,,,,,,,8:41:43 AM,22.8638
,,,,,,,,,8:41:44 AM,22.755661
,,,,,,,,,8:41:45 AM,22.743032
,,,,,,,,,8:41:46 AM,22.730402
,,,,,,,,,8:41:47 AM,22.313461
,,,,,,,,,8:41:48 AM,22.285389
,,,,,,,,,8:41:49 AM,22.257317
,,,,,,,,,8:41:50 AM,22.31976
,,,,,,,,,8:41:51 AM,22.312885
,,,,,,,,,8:41:52 AM,22.306011
,,,,,,,,,8:41:53 AM,22.20798
,,,,,,,,,8:41:54 AM,22.203365
,,,,,,,,,8:41:55 AM,21.982817
,,,,,,,,,8:41:56 AM,21.966793
,,,,,,,,,8:41:57 AM,21.950768
,,,,,,,,,8:41:58 AM,21.835545
,,,,,,,,,8:41:59 AM,21.823038
,,,,,,,,,8:42:00 AM,21.810532
,,,,,,,,,8:42:01 AM,21.753592
,,,,,,,,,8:42:02 AM,21.747057
,,,,,,,,,8:42:03 AM,21.604958
,,,,,,,,,8:42:04 AM,21.595058
,,,,,,,,,8:42:05 AM,21.585157
,,,,,,,,,8:42:06 AM,21.504509
,,,,,,,,,8:42:07 AM,21.49615
,,,,,,,,,8:42:08 AM,21.48779
,,,,,,,,,8:42:09 AM,21.450788
,,,,,,,,,8:42:10 AM,21.446404
,,,,,,,,,8:42:11 AM,21.177141
,,,,,,,,,8:42:12 AM,21.159508
,,,,,,,,,8:42:13 AM,21.141874
,,,,,,,,,8:42:14 AM,21.155432
,,,,,,,,,8:42:15 AM,21.149303
,,,,,,,,,8:42:16 AM,21.143177
,,,,,,,,,8:42:17 AM,21.060467
,,,,,,,,,8:42:18 AM,21.055643
,,,,,,,,,8:42:19 AM,20.959015
,,,,,,,,,8:42:20 AM,20.950989
,,,,,,,,,8:42:21 AM,20.942963
,,,,,,,,,8:42:22 AM,20.902107
,,,,,,,,,8:42:23 AM,20.8972
,,,,,,,,,8:42:24 AM,20.892292
,,,,,,,,,8:42:25 AM,20.82494
,,,,,,,,,8:42:26 AM,20.81987
,,,,,,,,,8:42:27 AM,20.673658
,,,,,,,,,8:42:28 AM,20.662998
,,,,,,,,,8:42:29 AM,20.65234
,,,,,,,,,8:42:30 AM,20.752922
,,,,,,,,,8:42:31 AM,20.755295
,,,,,,,,,8:42:32 AM,20.757666
,,,,,,,,,8:42:33 AM,20.638826
,,,,,,,,,8:42:34 AM,20.63432
,,,,,,,,,8:42:35 AM,20.562248
,,,,,,,,,8:42:36 AM,20.55498
,,,,,,,,,8:42:37 AM,20.547712
,,,,,,,,,8:42:38 AM,20.461954
,,,,,,,,,8:42:39 AM,20.455008
,,,,,,,,,8:42:40 AM,20.44806
,,,,,,,,,8:42:41 AM,20.431374
,,,,,,,,,8:42:42 AM,20.428135
,,,,,,,,,8:42:43 AM,20.368935
,,,,,,,,,8:42:44 AM,20.364864
,,,,,,,,,8:42:45 AM,20.360792
,,,,,,,,,8:42:46 AM,20.31494
,,,,,,,,,8:42:47 AM,20.310669
,,,,,,,,,8:42:48 AM,20.3064
,,,,,,,,,8:42:49 AM,20.178461
,,,,,,,,,8:42:50 AM,20.169683
,,,,,,,,,8:42:51 AM,20.161247
,,,,,,,,,8:42:52 AM,20.157671
,,,,,,,,,8:42:53 AM,20.154095
,,,,,,,,,8:42:54 AM,20.130522
,,,,,,,,,8:42:55 AM,20.12889
,,,,,,,,,8:42:56 AM,20.127256
,,,,,,,,,8:42:57 AM,20.04022
,,,,,,,,,8:42:58 AM,20.034391
,,,,,,,,,8:42:59 AM,20.01383
,,,,,,,,,8:43:00 AM,20.010483
,,,,,,,,,8:43:01 AM,20.007135
,,,,,,,,,8:43:02 AM,19.968134
,,,,,,,,,8:43:03 AM,19.965237
,,,,,,,,,8:43:04 AM,19.96234
,,,,,,,,,8:43:05 AM,19.940578
,,,,,,,,,8:43:06 AM,19.938251
,,,,,,,,,8:43:07 AM,19.89109
,,,,,,,,,8:43:08 AM,19.887665
,,,,,,,,,8:43:09 AM,19.884237
,,,,,,,,,8:43:10 AM,19.827135
,,,,,,,,,8:43:11 AM,19.82252
,,,,,,,,,8:43:12 AM,19.817902
,,,,,,,,,8:43:13 AM,19.778774
,,,,,,,,,8:43:14 AM,19.774988
,,,,,,,,,8:43:15 AM,19.724169
,,,,,,,,,8:43:16 AM,19.720081
,,,,,,,,,8:43:17 AM,19.715992
,,,,,,,,,8:43:18 AM,19.749395
,,,,,,,,,8:43:19 AM,19.750086
,,,,,,,,,8:43:20 AM,19.750774
,,,,,,,,,8:43:21 AM,19.761269
,,,,,,,,,8:43:22 AM,19.762672
,,,,,,,,,8:43:23 AM,19.686098
,,,,,,,,,8:43:24 AM,19.68162
,,,,,,,,,8:43:25 AM,19.67714
,,,,,,,,,8:43:26 AM,19.63542
,,,,,,,,,8:43:27 AM,19.63099
,,,,,,,,,8:43:28 AM,19.62656
,,,,,,,,,8:43:29 AM,19.60143
,,,,,,,,,8:43:30 AM,19.598839
,,,,,,,,,8:43:31 AM,19.592484
,,,,,,,,,8:43:32 AM,19.591467
,,,,,,,,,8:43:33 AM,19.590448
,,,,,,,,,8:43:34 AM,19.547329
,,,,,,,,,8:43:35 AM,19.54456
,,,,,,,,,8:43:36 AM,19.541788
,,,,,,,,,8:43:37 AM,19.526718
,,,,,,,,,8:43:38 AM,19.524721
,,,,,,,,,8:43:39 AM,19.536983
,,,,,,,,,8:43:40 AM,19.5374
,,,,,,,,,8:43:41 AM,19.537815
,,,,,,,,,8:43:42 AM,19.489841
,,,,,,,,,8:43:43 AM,19.487247
,,,,,,,,,8:43:44 AM,19.484652
,,,,,,,,,8:43:45 AM,19.46049
,,,,,,,,,8:43:46 AM,19.45783
,,,,,,,,,8:43:47 AM,19.482294
,,,,,,,,,8:43:48 AM,19.483248
,,,,,,,,,8:43:49 AM,19.4842
,,,,,,,,,8:43:50 AM,19.42454
,,,,,,,,,8:43:51 AM,19.421543
,,,,,,,,,8:43:52 AM,19.418547
,,,,,,,,,8:43:53 AM,19.435844
,,,,,,,,,8:43:54 AM,19.435354
,,,,,,,,,8:43:55 AM,19.368746
,,,,,,,,,8:43:56 AM,19.36507
,,,,,,,,,8:43:57 AM,19.361393
,,,,,,,,,8:43:58 AM,19.359552
,,,,,,,,,8:43:59 AM,19.35778
,,,,,,,,,8:44:00 AM,19.35601
,,,,,,,,,8:44:01 AM,19.33999
,,,,,,,,,8:44:02 AM,19.338959
,,,,,,,,,8:44:03 AM,19.307438
,,,,,,,,,8:44:04 AM,19.30507
,,,,,,,,,8:44:05 AM,19.302706
,,,,,,,,,8:44:06 AM,19.308273
,,,,,,,,,8:44:07 AM,19.307816
,,,,,,,,,8:44:08 AM,19.307358
,,,,,,,,,8:44:09 AM,19.300549
,,,,,,,,,8:44:10 AM,19.300264
,,,,,,,,,8:44:11 AM,19.265951
,,,,,,,,,8:44:12 AM,19.26365
,,,,,,,,,8:44:13 AM,19.26135
,,,,,,,,,8:44:14 AM,19.253872
,,,,,,,,,8:44:15 AM,19.252556
,,,,,,,,,8:44:16 AM,19.25124
,,,,,,,,,8:44:17 AM,19.238594
,,,,,,,,,8:44:18 AM,19.237633
,,,,,,,,,8:44:19 AM,19.234734
,,,,,,,,,8:44:20 AM,19.234245
,,,,,,,,,8:44:21 AM,19.233757
,,,,,,,,,8:44:22 AM,19.229483
,,,,,,,,,8:44:23 AM,19.229153
,,,,,,,,,8:44:24 AM,19.228823
,,,,,,,,,8:44:25 AM,19.199486
,,,,,,,,,8:44:26 AM,19.197624
,,,,,,,,,8:44:27 AM,19.20011
,,,,,,,,,8:44:28 AM,19.199575
,,,,,,,,,8:44:29 AM,19.199041
,,,,,,,,,8:44:30 AM,19.195618
,,,,,,,,,8:44:31 AM,19.195482
,,,,,,,,,8:44:32 AM,19.195347
,,,,,,,,,8:44:33 AM,19.174852
,,,,,,,,,8:44:34 AM,19.173548
,,,,,,,,,8:44:35 AM,19.165792
,,,,,,,,,8:44:36 AM,19.164837
,,,,,,,,,8:44:37 AM,19.163883
,,,,,,,,,8:44:38 AM,19.155827
,,,,,,,,,8:44:39 AM,19.155151
,,,,,,,,,8:44:40 AM,19.154474
,,,,,,,,,8:44:41 AM,19.154646
,,,,,,,,,8:44:42 AM,19.154444
,,,,,,,,,8:44:43 AM,19.150352
,,,,,,,,,8:44:44 AM,19.150103
,,,,,,,,,8:44:45 AM,19.149853
,,,,,,,,,8:44:46 AM,19.140617
,,,,,,,,,8:44:47 AM,19.139952
,,,,,,,,,8:44:48 AM,19.139288
,,,,,,,,,8:44:49 AM,19.146362
,,,,,,,,,8:44:50 AM,19.14655
,,,,,,,,,8:44:51 AM,19.13338
,,,,,,,,,8:44:52 AM,19.13273
,,,,,,,,,8:44:53 AM,19.132078
,,,,,,,,,8:44:54 AM,19.129755
,,,,,,,,,8:44:55 AM,19.12928
,,,,,,,,,8:44:56 AM,19.128805
,,,,,,,,,8:44:57 AM,19.113907
,,,,,,,,,8:44:58 AM,19.112947
,,,,,,,,,8:44:59 AM,19.110268
,,,,,,,,,8:45:00 AM,19.109743
,,,,,,,,,8:45:01 AM,19.109219
,,,,,,,,,8:45:02 AM,19.096588
,,,,,,,,,8:45:03 AM,19.09575
,,,,,,,,,8:45:04 AM,19.094913
,,,,,,,,,8:45:05 AM,19.091362
,,,,,,,,,8:45:06 AM,19.090822
,,,,,,,,,8:45:07 AM,19.085737
,,,,,,,,,8:45:08 AM,19.085339
,,,,,,,,,8:45:09 AM,19.08494
,,,,,,,,,8:45:10 AM,19.07915
,,,,,,,,,8:45:11 AM,19.078669
,,,,,,,,,8:45:12 AM,19.07819
,,,,,,,,,8:45:13 AM,19.08003
,,,,,,,,,8:45:14 AM,19.079992
,,,,,,,,,8:45:15 AM,19.06356
,,,,,,,,,8:45:16 AM,19.062588
,,,,,,,,,8:45:17 AM,19.061617
,,,,,,,,,8:45:18 AM,19.058302
,,,,,,,,,8:45:19 AM,19.057692
,,,,,,,,,8:45:20 AM,19.057081
,,,,,,,,,8:45:21 AM,19.058088
,,,,,,,,,8:45:22 AM,19.058062
,,,,,,,,,8:45:23 AM,19.055998
,,,,,,,,,8:45:24 AM,19.05589
,,,,,,,,,8:45:25 AM,19.055779
,,,,,,,,,8:45:26 AM,19.046564
,,,,,,,,,8:45:27 AM,19.045944
,,,,,,,,,8:45:28 AM,19.045324
,,,,,,,,,8:45:29 AM,19.045557
,,,,,,,,,8:45:30 AM,19.045332
,,,,,,,,,8:45:31 AM,19.045109
,,,,,,,,,8:45:32 AM,19.05305
,,,,,,,,,8:45:33 AM,19.053509
,,,,,,,,,8:45:34 AM,19.05005
,,,,,,,,,8:45:35 AM,19.050024
,,,,,,,,,8:45:36 AM,19.049997
,,,,,,,,,8:45:37 AM,19.049704
,,,,,,,,,8:45:38 AM,19.049603
,,,,,,,,,8:45:39 AM,19.0495
,,,,,,,,,8:45:40 AM,19.046457
,,,,,,,,,8:45:41 AM,19.046272
,,,,,,,,,8:45:42 AM,19.040781
,,,,,,,,,8:45:43 AM,19.040373
,,,,,,,,,8:45:44 AM,19.039965
,,,,,,,,,8:45:45 AM,19.033354
,,,,,,,,,8:45:46 AM,19.032818
,,,,,,,,,8:45:47 AM,19.032284
,,,,,,,,,8:45:48 AM,19.028126
,,,,,,,,,8:45:49 AM,19.027706
,,,,,,,,,8:45:50 AM,19.025043
,,,,,,,,,8:45:51 AM,19.024778
,,,,,,,,,8:45:52 AM,19.024513
,,,,,,,,,8:45:53 AM,19.017437
,,,,,,,,,8:45:54 AM,19.016943
,,,,,,,,,8:45:55 AM,19.01645
,,,,,,,,,8:45:56 AM,19.00383
,,,,,,,,,8:45:57 AM,19.002901
,,,,,,,,,8:45:58 AM,19.01444
,,,,,,,,,8:45:59 AM,19.014847
,,,,,,,,,8:46:00 AM,19.015253
,,,,,,,,,8:46:01 AM,19.013594
,,,,,,,,,8:46:02 AM,19.013786
,,,,,,,,,8:46:03 AM,19.013977
,,,,,,,,,8:46:04 AM,19.001465
,,,,,,,,,8:46:05 AM,19.000685
,,,,,,,,,8:46:06 AM,19.00147
,,,,,,,,,8:46:07 AM,19.001225
,,,,,,,,,8:46:08 AM,19.000978
,,,,,,,,,8:46:09 AM,18.99807
,,,,,,,,,8:46:10 AM,18.997913
,,,,,,,,,8:46:11 AM,18.997755
,,,,,,,,,8:46:12 AM,19.014816
,,,,,,,,,8:46:13 AM,19.015745
,,,,,,,,,8:46:14 AM,19.008919
,,,,,,,,,8:46:15 AM,19.008902
,,,,,,,,,8:46:16 AM,19.008884
,,,,,,,,,8:46:17 AM,19.006222
,,,,,,,,,8:46:18 AM,19.00589
,,,,,,,,,8:46:19 AM,19.005558
,,,,,,,,,8:46:20 AM,19.00419
,,,,,,,,,8:46:21 AM,19.004042
,,,,,,,,,8:46:22 AM,19.001442
,,,,,,,,,8:46:23 AM,19.001247
,,,,,,,,,8:46:24 AM,19.001053
,,,,,,,,,8:46:25 AM,18.989845
,,,,,,,,,8:46:26 AM,18.9891
,,,,,,,,,8:46:27 AM,18.988354
,,,,,,,,,8:46:28 AM,18.99852
,,,,,,,,,8:46:29 AM,18.998825
,,,,,,,,,8:46:30 AM,19.007181
,,,,,,,,,8:46:31 AM,19.007929
,,,,,,,,,8:46:32 AM,19.008675
,,,,,,,,,8:46:33 AM,18.995049
,,,,,,,,,8:46:34 AM,18.994453
,,,,,,,,,8:46:35 AM,18.993858
,,,,,,,,,8:46:36 AM,18.995092
,,,,,,,,,8:46:37 AM,18.994846
,,,,,,,,,8:46:38 AM,18.990442
,,,,,,,,,8:46:39 AM,18.990211
,,,,,,,,,8:46:40 AM,18.989983
,,,,,,,,,8:46:41 AM,18.99905
,,,,,,,,,8:46:42 AM,18.999487
,,,,,,,,,8:46:43 AM,18.999924
,,,,,,,,,8:46:44 AM,18.996012
,,,,,,,,,8:46:45 AM,18.996008
,,,,,,,,,8:46:46 AM,18.994547
,,,,,,,,,8:46:47 AM,18.994362
,,,,,,,,,8:46:48 AM,18.994177
,,,,,,,,,8:46:49 AM,18.989435
,,,,,,,,,8:46:50 AM,18.989113
,,,,,,,,,8:46:51 AM,18.98879
,,,,,,,,,8:46:52 AM,18.985636
,,,,,,,,,8:46:53 AM,18.985325
,,,,,,,,,8:46:54 AM,18.97713
,,,,,,,,,8:46:55 AM,18.976551
,,,,,,,,,8:46:56 AM,18.97597
,,,,,,,,,8:46:57 AM,18.980219
,,,,,,,,,8:46:58 AM,18.980268
,,,,,,,,,8:46:59 AM,18.980318
,,,,,,,,,8:47:00 AM,18.98973
,,,,,,,,,8:47:01 AM,18.99039
,,,,,,,,,8:47:02 AM,18.974348
,,,,,,,,,8:47:03 AM,18.973576
,,,,,,,,,8:47:04 AM,18.972803
,,,,,,,,,8:47:05 AM,18.971605
,,,,,,,,,8:47:06 AM,18.971127
,,,,,,,,,8:47:07 AM,18.970648
,,,,,,,,,8:47:08 AM,18.973276
,,,,,,,,,8:47:09 AM,18.973394
,,,,,,,,,8:47:10 AM,18.966352
,,,,,,,,,8:47:11 AM,18.965971
,,,,,,,,,8:47:12 AM,18.965591
,,,,,,,,,8:47:13 AM,18.964468
,,,,,,,,,8:47:14 AM,18.964222
,,,,,,,,,8:47:15 AM,18.963976
,,,,,,,,,8:47:16 AM,18.972067
,,,,,,,,,8:47:17 AM,18.972519
,,,,,,,,,8:47:18 AM,18.965015
,,,,,,,,,8:47:19 AM,18.964746
,,,,,,,,,8:47:20 AM,18.964476
,,,,,,,,,8:47:21 AM,18.966265
,,,,,,,,,8:47:22 AM,18.966187
,,,,,,,,,8:47:23 AM,18.966108
,,,,,,,,,8:47:24 AM,18.960733
,,,,,,,,,8:47:25 AM,18.960455
,,,,,,,,,8:47:26 AM,18.981022
,,,,,,,,,8:47:27 AM,18.982162
,,,,,,,,,8:47:28 AM,18.983303
,,,,,,,,,8:47:29 AM,18.973183
,,,,,,,,,8:47:30 AM,18.973087
,,,,,,,,,8:47:31 AM,18.972994
,,,,,,,,,8:47:32 AM,18.966246
,,,,,,,,,8:47:33 AM,18.965601
,,,,,,,,,8:47:34 AM,18.979801
,,,,,,,,,8:47:35 AM,18.98053
,,,,,,,,,8:47:36 AM,18.981258
,,,,,,,,,8:47:37 AM,18.963179
,,,,,,,,,8:47:38 AM,18.962416
,,,,,,,,,8:47:39 AM,18.961653
,,,,,,,,,8:47:40 AM,18.954323
,,,,,,,,,8:47:41 AM,18.953417
,,,,,,,,,8:47:42 AM,18.95991
,,,,,,,,,8:47:43 AM,18.96014
,,,,,,,,,8:47:44 AM,18.960371
,,,,,,,,,8:47:45 AM,18.964075
,,,,,,,,,8:47:46 AM,18.964462
,,,,,,,,,8:47:47 AM,18.964851
,,,,,,,,,8:47:48 AM,18.960657
,,,,,,,,,8:47:49 AM,18.960505
,,,,,,,,,8:47:50 AM,18.96076
,,,,,,,,,8:47:51 AM,18.96068
,,,,,,,,,8:47:52 AM,18.9606
,,,,,,,,,8:47:53 AM,18.964233
,,,,,,,,,8:47:54 AM,18.964462
,,,,,,,,,8:47:55 AM,18.96469
,,,,,,,,,8:47:56 AM,18.959723
,,,,,,,,,8:47:57 AM,18.959517
,,,,,,,,,8:47:58 AM,18.954044
,,,,,,,,,8:47:59 AM,18.953588
,,,,,,,,,8:48:00 AM,18.95313
,,,,,,,,,8:48:01 AM,18.957144
,,,,,,,,,8:48:02 AM,18.957253
,,,,,,,,,8:48:03 AM,18.95736
,,,,,,,,,8:48:04 AM,18.95792
,,,,,,,,,8:48:05 AM,18.958052
,,,,,,,,,8:48:06 AM,18.958504
,,,,,,,,,8:48:07 AM,18.958542
,,,,,,,,,8:48:08 AM,18.958578
,,,,,,,,,8:48:09 AM,18.964285
,,,,,,,,,8:48:10 AM,18.964643
,,,,,,,,,8:48:11 AM,18.965
,,,,,,,,,8:48:12 AM,18.961384
,,,,,,,,,8:48:13 AM,18.961315
,,,,,,,,,8:48:14 AM,18.960974
,,,,,,,,,8:48:15 AM,18.960867
,,,,,,,,,8:48:16 AM,18.96076
,,,,,,,,,8:48:17 AM,18.965704
,,,,,,,,,8:48:18 AM,18.965998
,,,,,,,,,8:48:19 AM,18.96629
,,,,,,,,,8:48:20 AM,18.95885
,,,,,,,,,8:48:21 AM,18.95853
,,,,,,,,,8:48:22 AM,18.948982
,,,,,,,,,8:48:23 AM,18.948217
,,,,,,,,,8:48:24 AM,18.947453
,,,,,,,,,8:48:25 AM,18.959944
,,,,,,,,,8:48:26 AM,18.960472
,,,,,,,,,8:48:27 AM,18.961
,,,,,,,,,8:48:28 AM,18.969112
,,,,,,,,,8:48:29 AM,18.96991
,,,,,,,,,8:48:30 AM,18.970617
,,,,,,,,,8:48:31 AM,18.970842
,,,,,,,,,8:48:32 AM,18.971067
,,,,,,,,,8:48:33 AM,18.9702
,,,,,,,,,8:48:34 AM,18.97016
,,,,,,,,,8:48:35 AM,18.970118
,,,,,,,,,8:48:36 AM,18.972713
,,,,,,,,,8:48:37 AM,18.972847
,,,,,,,,,8:48:38 AM,18.973572
,,,,,,,,,8:48:39 AM,18.973679
,,,,,,,,,8:48:40 AM,18.973783
,,,,,,,,,8:48:41 AM,18.965206
,,,,,,,,,8:48:42 AM,18.964695
,,,,,,,,,8:48:43 AM,18.964184
,,,,,,,,,8:48:44 AM,18.972174
,,,,,,,,,8:48:45 AM,18.97243
,,,,,,,,,8:48:46 AM,18.968979
,,,,,,,,,8:48:47 AM,18.968952
,,,,,,,,,8:48:48 AM,18.968927
,,,,,,,,,8:48:49 AM,18.975807
,,,,,,,,,8:48:50 AM,18.976135
,,,,,,,,,8:48:51 AM,18.976465
,,,,,,,,,8:48:52 AM,18.9627
,,,,,,,,,8:48:53 AM,18.962051
,,,,,,,,,8:48:54 AM,18.964981
,,,,,,,,,8:48:55 AM,18.964836
,,,,,,,,,8:48:56 AM,18.964693
,,,,,,,,,8:48:57 AM,18.96269
,,,,,,,,,8:48:58 AM,18.962648
,,,,,,,,,8:48:59 AM,18.962606
,,,,,,,,,8:49:00 AM,18.968512
,,,,,,,,,8:49:01 AM,18.96881
,,,,,,,,,8:49:02 AM,18.967419
,,,,,,,,,8:49:03 AM,18.96747
,,,,,,,,,8:49:04 AM,18.96752
,,,,,,,,,8:49:05 AM,18.967123
,,,,,,,,,8:49:06 AM,18.967058
,,,,,,,,,8:49:07 AM,18.966995
,,,,,,,,,8:49:08 AM,18.968346
,,,,,,,,,8:49:09 AM,18.968418
,,,,,,,,,8:49:10 AM,18.972902
,,,,,,,,,8:49:11 AM,18.973213
,,,,,,,,,8:49:12 AM,18.973522
,,,,,,,,,8:49:13 AM,18.977188
,,,,,,,,,8:49:14 AM,18.977524
,,,,,,,,,8:49:15 AM,18.97786
,,,,,,,,,8:49:16 AM,18.97414
,,,,,,,,,8:49:17 AM,18.97401
,,,,,,,,,8:49:18 AM,18.973248
,,,,,,,,,8:49:19 AM,18.973112
,,,,,,,,,8:49:20 AM,18.972979
,,,,,,,,,8:49:21 AM,18.971159
,,,,,,,,,8:49:22 AM,18.971031
,,,,,,,,,8:49:23 AM,18.970903
,,,,,,,,,8:49:24 AM,18.979797
,,,,,,,,,8:49:25 AM,18.98028
,,,,,,,,,8:49:26 AM,18.980762
,,,,,,,,,8:49:27 AM,18.97286
,,,,,,,,,8:49:28 AM,18.972616
,,,,,,,,,8:49:29 AM,18.981524
,,,,,,,,,8:49:30 AM,18.981888
,,,,,,,,,8:49:31 AM,18.98225
,,,,,,,,,8:49:32 AM,18.977488
,,,,,,,,,8:49:33 AM,18.977432
,,,,,,,,,8:49:34 AM,18.977379
,,,,,,,,,8:49:35 AM,18.970352
,,,,,,,,,8:49:36 AM,18.969826
,,,,,,,,,8:49:37 AM,18.973608
,,,,,,,,,8:49:38 AM,18.973679
,,,,,,,,,8:49:39 AM,18.97375
,,,,,,,,,8:49:40 AM,18.976112
,,,,,,,,,8:49:41 AM,18.976349
,,,,,,,,,8:49:42 AM,18.976585
,,,,,,,,,8:49:43 AM,18.972942
,,,,,,,,,8:49:44 AM,18.97279
,,,,,,,,,8:49:45 AM,18.971947
,,,,,,,,,8:49:46 AM,18.971813
,,,,,,,,,8:49:47 AM,18.971678
,,,,,,,,,8:49:48 AM,18.973597
,,,,,,,,,8:49:49 AM,18.973692
,,,,,,,,,8:49:50 AM,18.973787
,,,,,,,,,8:49:51 AM,18.968647
,,,,,,,,,8:49:52 AM,18.968391
,,,,,,,,,8:49:53 AM,18.973894
,,,,,,,,,8:49:54 AM,18.974108
,,,,,,,,,8:49:55 AM,18.974323
,,,,,,,,,8:49:56 AM,18.980335
,,,,,,,,,8:49:57 AM,18.980837
,,,,,,,,,8:49:58 AM,18.981337
,,,,,,,,,8:49:59 AM,18.9718
,,,,,,,,,8:50:00 AM,18.97139
,,,,,,,,,8:50:01 AM,18.970278
,,,,,,,,,8:50:02 AM,18.969988
,,,,,,,,,8:50:03 AM,18.969696
,,,,,,,,,8:50:04 AM,18.967865
,,,,,,,,,8:50:05 AM,18.967728
,,,,,,,,,8:50:06 AM,18.96759
,,,,,,,,,8:50:07 AM,18.960234
,,,,,,,,,8:50:08 AM,18.95975
,,,,,,,,,8:50:09 AM,18.966991
,,,,,,,,,8:50:10 AM,18.96727
,,,,,,,,,8:50:11 AM,18.967546
,,,,,,,,,8:50:12 AM,18.971792
,,,,,,,,,8:50:13 AM,18.972233
,,,,,,,,,8:50:14 AM,18.972673
,,,,,,,,,8:50:15 AM,18.978374
,,,,,,,,,8:50:16 AM,18.978827
,,,,,,,,,8:50:17 AM,18.979568
,,,,,,,,,8:50:18 AM,18.979753
,,,,,,,,,8:50:19 AM,18.97994
,,,,,,,,,8:50:20 AM,18.974045
,,,,,,,,,8:50:21 AM,18.97371
,,,,,,,,,8:50:22 AM,18.973372
,,,,,,,,,8:50:23 AM,18.979353
,,,,,,,,,8:50:24 AM,18.979557
,,,,,,,,,8:50:25 AM,18.971786
,,,,,,,,,8:50:26 AM,18.971453
,,,,,,,,,8:50:27 AM,18.971119
,,,,,,,,,8:50:28 AM,18.968777
,,,,,,,,,8:50:29 AM,18.968443
,,,,,,,,,8:50:30 AM,18.96811
,,,,,,,,,8:50:31 AM,18.987387
,,,,,,,,,8:50:32 AM,18.988483
,,,,,,,,,8:50:33 AM,18.98958
,,,,,,,,,8:50:34 AM,18.980541
,,,,,,,,,8:50:35 AM,18.980507
,,,,,,,,,8:50:36 AM,18.969093
,,,,,,,,,8:50:37 AM,18.968203
,,,,,,,,,8:50:38 AM,18.967312
,,,,,,,,,8:50:39 AM,18.970097
,,,,,,,,,8:50:40 AM,18.969995
,,,,,,,,,8:50:41 AM,18.969894
,,,,,,,,,8:50:42 AM,18.967424
,,,,,,,,,8:50:43 AM,18.967344
,,,,,,,,,8:50:44 AM,18.969316
,,,,,,,,,8:50:45 AM,18.969376
,,,,,,,,,8:50:46 AM,18.969433
,,,,,,,,,8:50:47 AM,18.980076
,,,,,,,,,8:50:48 AM,18.980768
,,,,,,,,,8:50:49 AM,18.98146
,,,,,,,,,8:50:50 AM,18.976187
,,,,,,,,,8:50:51 AM,18.976143
,,,,,,,,,8:50:52 AM,18.97872
,,,,,,,,,8:50:53 AM,18.97875
,,,,,,,,,8:50:54 AM,18.97878
,,,,,,,,,8:50:55 AM,18.976027
,,,,,,,,,8:50:56 AM,18.975924
,,,,,,,,,8:50:57 AM,18.975822
,,,,,,,,,8:50:58 AM,18.983976
,,,,,,,,,8:50:59 AM,18.984394
,,,,,,,,,8:51:00 AM,18.977062
,,,,,,,,,8:51:01 AM,18.976807
,,,,,,,,,8:51:02 AM,18.97655
,,,,,,,,,8:51:03 AM,18.979435
,,,,,,,,,8:51:04 AM,18.979424
,,,,,,,,,8:51:05 AM,18.979412
,,,,,,,,,8:51:06 AM,18.975775
,,,,,,,,,8:51:07 AM,18.97563
,,,,,,,,,8:51:08 AM,18.969242
,,,,,,,,,8:51:09 AM,18.96876
,,,,,,,,,8:51:10 AM,18.968275
,,,,,,,,,8:51:11 AM,18.974344
,,,,,,,,,8:51:12 AM,18.974552
,,,,,,,,,8:51:13 AM,18.974758
,,,,,,,,,8:51:14 AM,18.971413
,,,,,,,,,8:51:15 AM,18.971363
,,,,,,,,,8:51:16 AM,18.968489
,,,,,,,,,8:51:17 AM,18.96823
,,,,,,,,,8:51:18 AM,18.96797
,,,,,,,,,8:51:19 AM,18.973692
,,,,,,,,,8:51:20 AM,18.973965
,,,,,,,,,8:51:21 AM,18.974236
,,,,,,,,,8:51:22 AM,18.9828
,,,,,,,,,8:51:23 AM,18.983454
,,,,,,,,,8:51:24 AM,18.975786
,,,,,,,,,8:51:25 AM,18.975513
,,,,,,,,,8:51:26 AM,18.97524
,,,,,,,,,8:51:27 AM,18.972113
,,,,,,,,,8:51:28 AM,18.97173
,,,,,,,,,8:51:29 AM,18.971346
,,,,,,,,,8:51:30 AM,18.968079
,,,,,,,,,8:51:31 AM,18.967804
,,,,,,,,,8:51:32 AM,18.968252
,,,,,,,,,8:51:33 AM,18.9682
,,,,,,,,,8:51:34 AM,18.968151
,,,,,,,,,8:51:35 AM,18.97431
,,,,,,,,,8:51:36 AM,18.974697
,,,,,,,,,8:51:37 AM,18.975082
,,,,,,,,,8:51:38 AM,18.978872
,,,,,,,,,8:51:39 AM,18.979254
,,,,,,,,,8:51:40 AM,18.969538
,,,,,,,,,8:51:41 AM,18.969025
,,,,,,,,,8:51:42 AM,18.96851
,,,,,,,,,8:51:43 AM,18.970448
,,,,,,,,,8:51:44 AM,18.97032
,,,,,,,,,8:51:45 AM,18.97019
,,,,,,,,,8:51:46 AM,18.971308
,,,,,,,,,8:51:47 AM,18.971418
,,,,,,,,,8:51:48 AM,18.96792
,,,,,,,,,8:51:49 AM,18.967722
,,,,,,,,,8:51:50 AM,18.967525
,,,,,,,,,8:51:51 AM,18.964874
,,,,,,,,,8:51:52 AM,18.964622
,,,,,,,,,8:51:53 AM,18.964373
,,,,,,,,,8:51:54 AM,18.96292
,,,,,,,,,8:51:55 AM,18.962765
,,,,,,,,,8:51:56 AM,18.964586
,,,,,,,,,8:51:57 AM,18.964664
,,,,,,,,,8:51:58 AM,18.964743
,,,,,,,,,8:51:59 AM,18.961407
,,,,,,,,,8:52:00 AM,18.961252
,,,,,,,,,8:52:01 AM,18.961096
,,,,,,,,,8:52:02 AM,18.963285
,,,,,,,,,8:52:03 AM,18.963331
,,,,,,,,,8:52:04 AM,18.968512
,,,,,,,,,8:52:05 AM,18.968887
,,,,,,,,,8:52:06 AM,18.969261
,,,,,,,,,8:52:07 AM,18.98113
,,,,,,,,,8:52:08 AM,18.981981
,,,,,,,,,8:52:09 AM,18.982832
,,,,,,,,,8:52:10 AM,18.958385
,,,,,,,,,8:52:11 AM,18.957254
,,,,,,,,,8:52:12 AM,18.967491
,,,,,,,,,8:52:13 AM,18.967573
,,,,,,,,,8:52:14 AM,18.967655
,,,,,,,,,8:52:15 AM,18.979786
,,,,,,,,,8:52:16 AM,18.980803
,,,,,,,,,8:52:17 AM,18.981817
,,,,,,,,,8:52:18 AM,18.9831
,,,,,,,,,8:52:19 AM,18.983486
,,,,,,,,,8:52:20 AM,18.98119
,,,,,,,,,8:52:21 AM,18.981075
,,,,,,,,,8:52:22 AM,18.98096
,,,,,,,,,8:52:23 AM,18.984228
,,,,,,,,,8:52:24 AM,18.98437
,,,,,,,,,8:52:25 AM,18.98451
,,,,,,,,,8:52:26 AM,18.980576
,,,,,,,,,8:52:27 AM,18.980427
,,,,,,,,,8:52:28 AM,18.981256
,,,,,,,,,8:52:29 AM,18.981218
,,,,,,,,,8:52:30 AM,18.981178
,,,,,,,,,8:52:31 AM,18.988035
,,,,,,,,,8:52:32 AM,18.988482
,,,,,,,,,8:52:33 AM,18.98893
,,,,,,,,,8:52:34 AM,18.975996
,,,,,,,,,8:52:35 AM,18.975397
,,,,,,,,,8:52:36 AM,18.994698
,,,,,,,,,8:52:37 AM,18.995596
,,,,,,,,,8:52:38 AM,18.996496
,,,,,,,,,8:52:39 AM,19.002623
,,,,,,,,,8:52:40 AM,19.003489
,,,,,,,,,8:52:41 AM,19.004354
,,,,,,,,,8:52:42 AM,18.998987
,,,,,,,,,8:52:43 AM,18.998823
,,,,,,,,,8:52:44 AM,18.99866
,,,,,,,,,8:52:45 AM,18.997005
,,,,,,,,,8:52:46 AM,18.996784
,,,,,,,,,8:52:47 AM,19.000725
,,,,,,,,,8:52:48 AM,19.000929
,,,,,,,,,8:52:49 AM,19.001133
,,,,,,,,,8:52:50 AM,19.002222
,,,,,,,,,8:52:51 AM,19.002388
,,,,,,,,,8:52:52 AM,19.002552
,,,,,,,,,8:52:53 AM,19.001225
,,,,,,,,,8:52:54 AM,19.001177
,,,,,,,,,8:52:55 AM,18.99425
,,,,,,,,,8:52:56 AM,18.9938
,,,,,,,,,8:52:57 AM,18.99335
,,,,,,,,,8:52:58 AM,18.991585
,,,,,,,,,8:52:59 AM,18.991304
,,,,,,,,,8:53:00 AM,18.991026
,,,,,,,,,8:53:01 AM,18.989048
,,,,,,,,,8:53:02 AM,18.98888
,,,,,,,,,8:53:03 AM,18.99402
,,,,,,,,,8:53:04 AM,18.994284
,,,,,,,,,8:53:05 AM,18.994549
,,,,,,,,,8:53:06 AM,19.00544
,,,,,,,,,8:53:07 AM,19.006216
,,,,,,,,,8:53:08 AM,19.00699
,,,,,,,,,8:53:09 AM,18.999456
,,,,,,,,,8:53:10 AM,18.99928
,,,,,,,,,8:53:11 AM,19.000284
,,,,,,,,,8:53:12 AM,19.000166
,,,,,,,,,8:53:13 AM,19.00005
,,,,,,,,,8:53:14 AM,19.007126
,,,,,,,,,8:53:15 AM,19.007576
,,,,,,,,,8:53:16 AM,19.008026
,,,,,,,,,8:53:17 AM,19.005575
,,,,,,,,,8:53:18 AM,19.00561
,,,,,,,,,8:53:19 AM,19.010979
,,,,,,,,,8:53:20 AM,19.011253
,,,,,,,,,8:53:21 AM,19.011526
,,,,,,,,,8:53:22 AM,19.014536
,,,,,,,,,8:53:23 AM,19.014854
,,,,,,,,,8:53:24 AM,19.015171
,,,,,,,,,8:53:25 AM,19.012016
,,,,,,,,,8:53:26 AM,19.011911
,,,,,,,,,8:53:27 AM,19.012613
,,,,,,,,,8:53:28 AM,19.012585
,,,,,,,,,8:53:29 AM,19.012556
,,,,,,,,,8:53:30 AM,19.00859
,,,,,,,,,8:53:31 AM,19.00837
,,,,,,,,,8:53:32 AM,19.00815
,,,,,,,,,8:53:33 AM,19.013233
,,,,,,,,,8:53:34 AM,19.013432
,,,,,,,,,8:53:35 AM,19.005688
,,,,,,,,,8:53:36 AM,19.005325
,,,,,,,,,8:53:37 AM,19.004963
,,,,,,,,,8:53:38 AM,19.014088
,,,,,,,,,8:53:39 AM,19.014439
,,,,,,,,,8:53:40 AM,19.014788
,,,,,,,,,8:53:41 AM,19.012531
,,,,,,,,,8:53:42 AM,19.012625
,,,,,,,,,8:53:43 AM,19.010784
,,,,,,,,,8:53:44 AM,19.010614
,,,,,,,,,8:53:45 AM,19.010443
,,,,,,,,,8:53:46 AM,19.000925
,,,,,,,,,8:53:47 AM,19.000309
,,,,,,,,,8:53:48 AM,18.999693
,,,,,,,,,8:53:49 AM,19.00813
,,,,,,,,,8:53:50 AM,19.008385
,,,,,,,,,8:53:51 AM,19.02044
,,,,,,,,,8:53:52 AM,19.02139
,,,,,,,,,8:53:53 AM,19.022345
,,,,,,,,,8:53:54 AM,19.005192
,,,,,,,,,8:53:55 AM,19.004477
,,,,,,,,,8:53:56 AM,19.003761
,,,,,,,,,8:53:57 AM,19.00471
,,,,,,,,,8:53:58 AM,19.00435
,,,,,,,,,8:53:59 AM,19.004148
,,,,,,,,,8:54:00 AM,19.00417
,,,,,,,,,8:54:01 AM,19.004189
,,,,,,,,,8:54:02 AM,19.008333
,,,,,,,,,8:54:03 AM,19.008577
,,,,,,,,,8:54:04 AM,19.008821
,,,,,,,,,8:54:05 AM,19.002966
,,,,,,,,,8:54:06 AM,19.002726
,,,,,,,,,8:54:07 AM,19.002308
,,,,,,,,,8:54:08 AM,19.002144
,,,,,,,,,8:54:09 AM,19.00198
,,,,,,,,,8:54:10 AM,19.003693
,,,,,,,,,8:54:11 AM,19.003786
,,,,,,,,,8:54:12 AM,19.00388
,,,,,,,,,8:54:13 AM,19.006899
,,,,,,,,,8:54:14 AM,19.007118
,,,,,,,,,8:54:15 AM,18.995783
,,,,,,,,,8:54:16 AM,18.995153
,,,,,,,,,8:54:17 AM,18.994522
,,,,,,,,,8:54:18 AM,19.00627
,,,,,,,,,8:54:19 AM,19.006693
,,,,,,,,,8:54:20 AM,19.007116
,,,,,,,,,8:54:21 AM,19.004639
,,,,,,,,,8:54:22 AM,19.004784
,,,,,,,,,8:54:23 AM,19.005913
,,,,,,,,,8:54:24 AM,19.005917
,,,,,,,,,8:54:25 AM,19.005922
,,,,,,,,,8:54:26 AM,19.014053
,,,,,,,,,8:54:27 AM,19.014576
,,,,,,,,,8:54:28 AM,19.015097
,,,,,,,,,8:54:29 AM,19.007004
,,,,,,,,,8:54:30 AM,19.006733
,,,,,,,,,8:54:31 AM,19.002707
,,,,,,,,,8:54:32 AM,19.00227
,,,,,,,,,8:54:33 AM,19.001831
,,,,,,,,,8:54:34 AM,19.009827
,,,,,,,,,8:54:35 AM,19.010212
,,,,,,,,,8:54:36 AM,19.010595
,,,,,,,,,8:54:37 AM,19.01234
,,,,,,,,,8:54:38 AM,19.012642
,,,,,,,,,8:54:39 AM,19.01534
,,,,,,,,,8:54:40 AM,19.015547
,,,,,,,,,8:54:41 AM,19.01575
,,,,,,,,,8:54:42 AM,19.00971
,,,,,,,,,8:54:43 AM,19.009413
,,,,,,,,,8:54:44 AM,19.009115
,,,,,,,,,8:54:45 AM,18.99934
,,,,,,,,,8:54:46 AM,18.998615
,,,,,,,,,8:54:47 AM,18.99789
,,,,,,,,,8:54:48 AM,19.010515
,,,,,,,,,8:54:49 AM,19.010983
,,,,,,,,,8:54:50 AM,19.011936
,,,,,,,,,8:54:51 AM,19.012272
,,,,,,,,,8:54:52 AM,19.012606
,,,,,,,,,8:54:53 AM,19.007996
,,,,,,,,,8:54:54 AM,19.007738
,,,,,,,,,8:54:55 AM,19.00748
,,,,,,,,,8:54:56 AM,19.005589
,,,,,,,,,8:54:57 AM,19.005363
,,,,,,,,,8:54:58 AM,19.005726
,,,,,,,,,8:54:59 AM,19.005701
,,,,,,,,,8:55:00 AM,19.005676
,,,,,,,,,8:55:01 AM,19.010147
,,,,,,,,,8:55:02 AM,19.010418
,,,,,,,,,8:55:03 AM,19.010687
,,,,,,,,,8:55:04 AM,19.010647
,,,,,,,,,8:55:05 AM,19.010752
,,,,,,,,,8:55:06 AM,19.014975
,,,,,,,,,8:55:07 AM,19.015234
,,,,,,,,,8:55:08 AM,19.015493
,,,,,,,,,8:55:09 AM,19.008764
,,,,,,,,,8:55:10 AM,19.00846
,,,,,,,,,8:55:11 AM,19.008154
,,,,,,,,,8:55:12 AM,19.018967
,,,,,,,,,8:55:13 AM,19.019445
,,,,,,,,,8:55:14 AM,19.019924
,,,,,,,,,8:55:15 AM,19.020685
,,,,,,,,,8:55:16 AM,19.021
,,,,,,,,,8:55:17 AM,19.021093
,,,,,,,,,8:55:18 AM,19.021116
,,,,,,,,,8:55:19 AM,19.02114
,,,,,,,,,8:55:20 AM,19.0259
,,,,,,,,,8:55:21 AM,19.02619
,,,,,,,,,8:55:22 AM,19.02648
,,,,,,,,,8:55:23 AM,19.029873
,,,,,,,,,8:55:24 AM,19.030193
,,,,,,,,,8:55:25 AM,19.021292
,,,,,,,,,8:55:26 AM,19.020828
,,,,,,,,,8:55:27 AM,19.020365
,,,,,,,,,8:55:28 AM,19.023764
,,,,,,,,,8:55:29 AM,19.023743
,,,,,,,,,8:55:30 AM,19.023722
,,,,,,,,,8:55:31 AM,19.034071
,,,,,,,,,8:55:32 AM,19.034758
,,,,,,,,,8:55:33 AM,19.0281
,,,,,,,,,8:55:34 AM,19.02793
,,,,,,,,,8:55:35 AM,19.027761
,,,,,,,,,8:55:36 AM,19.017204
,,,,,,,,,8:55:37 AM,19.016407
,,,,,,,,,8:55:38 AM,19.01561
,,,,,,,,,8:55:39 AM,19.016253
,,,,,,,,,8:55:40 AM,19.016024
,,,,,,,,,8:55:41 AM,19.022774
,,,,,,,,,8:55:42 AM,19.0232
,,,,,,,,,8:55:43 AM,19.023624
,,,,,,,,,8:55:44 AM,19.028046
,,,,,,,,,8:55:45 AM,19.02848
,,,,,,,,,8:55:46 AM,19.028917
,,,,,,,,,8:55:47 AM,19.025785
,,,,,,,,,8:55:48 AM,19.02572
,,,,,,,,,8:55:49 AM,19.019909
,,,,,,,,,8:55:50 AM,19.019482
,,,,,,,,,8:55:51 AM,19.019056
,,,,,,,,,8:55:52 AM,19.024431
,,,,,,,,,8:55:53 AM,19.024607
,,,,,,,,,8:55:54 AM,19.024782
,,,,,,,,,8:55:55 AM,19.024826
,,,,,,,,,8:55:56 AM,19.02496
,,,,,,,,,8:55:57 AM,19.02757
,,,,,,,,,8:55:58 AM,19.027729
,,,,,,,,,8:55:59 AM,19.02789
,,,,,,,,,8:56:00 AM,19.017612
,,,,,,,,,8:56:01 AM,19.017061
,,,,,,,,,8:56:02 AM,19.01651
,,,,,,,,,8:56:03 AM,19.02673
,,,,,,,,,8:56:04 AM,19.027073
,,,,,,,,,8:56:05 AM,19.02374
,,,,,,,,,8:56:06 AM,19.023777
,,,,,,,,,8:56:07 AM,19.023813
,,,,,,,,,8:56:08 AM,19.030455
,,,,,,,,,8:56:09 AM,19.030767
,,,,,,,,,8:56:10 AM,19.031082
,,,,,,,,,8:56:11 AM,19.024687
,,,,,,,,,8:56:12 AM,19.024479
,,,,,,,,,8:56:13 AM,19.017183
,,,,,,,,,8:56:14 AM,19.016586
,,,,,,,,,8:56:15 AM,19.015987
,,,,,,,,,8:56:16 AM,19.019508
,,,,,,,,,8:56:17 AM,19.019539
,,,,,,,,,8:56:18 AM,19.019571
,,,,,,,,,8:56:19 AM,19.027477
,,,,,,,,,8:56:20 AM,19.028028
,,,,,,,,,8:56:21 AM,19.017801
,,,,,,,,,8:56:22 AM,19.017359
,,,,,,,,,8:56:23 AM,19.016918
,,,,,,,,,8:56:24 AM,19.01091
,,,,,,,,,8:56:25 AM,19.01029
,,,,,,,,,8:56:26 AM,19.009668
,,,,,,,,,8:56:27 AM,19.00968
,,,,,,,,,8:56:28 AM,19.009523
,,,,,,,,,8:56:29 AM,19.018702
,,,,,,,,,8:56:30 AM,19.019262
,,,,,,,,,8:56:31 AM,19.019823
,,,,,,,,,8:56:32 AM,19.030594
,,,,,,,,,8:56:33 AM,19.031477
,,,,,,,,,8:56:34 AM,19.032358
,,,,,,,,,8:56:35 AM,19.023361
,,,,,,,,,8:56:36 AM,19.02311
,,,,,,,,,8:56:37 AM,19.028225
,,,,,,,,,8:56:38 AM,19.028334
,,,,,,,,,8:56:39 AM,19.02844
,,,,,,,,,8:56:40 AM,19.030916
,,,,,,,,,8:56:41 AM,19.031197
,,,,,,,,,8:56:42 AM,19.031477
,,,,,,,,,8:56:43 AM,19.036827
,,,,,,,,,8:56:44 AM,19.037209
,,,,,,,,,8:56:45 AM,19.021246
,,,,,,,,,8:56:46 AM,19.020388
,,,,,,,,,8:56:47 AM,19.019531
,,,,,,,,,8:56:48 AM,19.030075
,,,,,,,,,8:56:49 AM,19.030308
,,,,,,,,,8:56:50 AM,19.03054
,,,,,,,,,8:56:51 AM,19.025885
,,,,,,,,,8:56:52 AM,19.025867
,,,,,,,,,8:56:53 AM,19.021866
,,,,,,,,,8:56:54 AM,19.021502
,,,,,,,,,8:56:55 AM,19.02114
,,,,,,,,,8:56:56 AM,19.021095
,,,,,,,,,8:56:57 AM,19.020994
,,,,,,,,,8:56:58 AM,19.020893
,,,,,,,,,8:56:59 AM,19.031828
,,,,,,,,,8:57:00 AM,19.032475
,,,,,,,,,8:57:01 AM,19.034096
,,,,,,,,,8:57:02 AM,19.034452
,,,,,,,,,8:57:03 AM,19.034807
,,,,,,,,,8:57:04 AM,19.038048
,,,,,,,,,8:57:05 AM,19.038284
,,,,,,,,,8:57:06 AM,19.038519
,,,,,,,,,8:57:07 AM,19.040789
,,,,,,,,,8:57:08 AM,19.04101
,,,,,,,,,8:57:09 AM,19.033014
,,,,,,,,,8:57:10 AM,19.032574
,,,,,,,,,8:57:11 AM,19.032131
,,,,,,,,,8:57:12 AM,19.03571
,,,,,,,,,8:57:13 AM,19.035717
,,,,,,,,,8:57:14 AM,19.035727
,,,,,,,,,8:57:15 AM,19.037504
,,,,,,,,,8:57:16 AM,19.037695
,,,,,,,,,8:57:17 AM,19.04309
,,,,,,,,,8:57:18 AM,19.043465
,,,,,,,,,8:57:19 AM,19.043837
,,,,,,,,,8:57:20 AM,19.042116
,,,,,,,,,8:57:21 AM,19.042147
,,,,,,,,,8:57:22 AM,19.04218
,,,,,,,,,8:57:23 AM,19.041847
,,,,,,,,,8:57:24 AM,19.041786
,,,,,,,,,8:57:25 AM,19.039606
,,,,,,,,,8:57:26 AM,19.039465
,,,,,,,,,8:57:27 AM,19.039326
,,,,,,,,,8:57:28 AM,19.04898
,,,,,,,,,8:57:29 AM,19.049513
,,,,,,,,,8:57:30 AM,19.050045
,,,,,,,,,8:57:31 AM,19.049765
,,,,,,,,,8:57:32 AM,19.049992
,,,,,,,,,8:57:33 AM,19.06488
,,,,,,,,,8:57:34 AM,19.065794
,,,,,,,,,8:57:35 AM,19.066708
,,,,,,,,,8:57:36 AM,19.109854
,,,,,,,,,8:57:37 AM,19.112852
,,,,,,,,,8:57:38 AM,19.115849
,,,,,,,,,8:57:39 AM,19.153877
,,,,,,,,,8:57:40 AM,19.157246
,,,,,,,,,8:57:41 AM,19.229156
,,,,,,,,,8:57:42 AM,19.234507
,,,,,,,,,8:57:43 AM,19.239857
,,,,,,,,,8:57:44 AM,19.214426
,,,,,,,,,8:57:45 AM,19.214674
,,,,,,,,,8:57:46 AM,19.214922
,,,,,,,,,8:57:47 AM,19.488743
,,,,,,,,,8:57:48 AM,19.504467
,,,,,,,,,8:57:49 AM,19.594324
,,,,,,,,,8:57:50 AM,19.60636
,,,,,,,,,8:57:51 AM,19.618395
,,,,,,,,,8:57:52 AM,19.92577
,,,,,,,,,8:57:53 AM,19.946632
,,,,,,,,,8:57:54 AM,19.967495
,,,,,,,,,8:57:55 AM,20.092623
,,,,,,,,,8:57:56 AM,20.10797
,,,,,,,,,8:57:57 AM,20.499868
,,,,,,,,,8:57:58 AM,20.527088
,,,,,,,,,8:57:59 AM,20.554306
,,,,,,,,,8:58:00 AM,20.962463
,,,,,,,,,8:58:01 AM,20.996965
,,,,,,,,,8:58:02 AM,21.031467
,,,,,,,,,8:58:03 AM,21.88165
,,,,,,,,,8:58:04 AM,21.943205
,,,,,,,,,8:58:05 AM,22.340471
,,,,,,,,,8:58:06 AM,22.38532
,,,,,,,,,8:58:07 AM,22.430172
,,,,,,,,,8:58:08 AM,22.508677
,,,,,,,,,8:58:09 AM,22.523157
,,,,,,,,,8:58:10 AM,22.537638
,,,,,,,,,8:58:11 AM,23.101788
,,,,,,,,,8:58:12 AM,23.137796
,,,,,,,,,8:58:13 AM,23.82531
,,,,,,,,,8:58:14 AM,23.881424
,,,,,,,,,8:58:15 AM,23.937536
,,,,,,,,,8:58:16 AM,25.348364
,,,,,,,,,8:58:17 AM,25.451424
,,,,,,,,,8:58:18 AM,25.554485
,,,,,,,,,8:58:19 AM,26.0181
,,,,,,,,,8:58:20 AM,26.081758
,,,,,,,,,8:58:21 AM,26.632538
,,,,,,,,,8:58:22 AM,26.677399
,,,,,,,,,8:58:23 AM,26.722261
,,,,,,,,,8:58:24 AM,27.201649
,,,,,,,,,8:58:25 AM,27.244553
,,,,,,,,,8:58:26 AM,27.287458
,,,,,,,,,8:58:27 AM,27.642542
,,,,,,,,,8:58:28 AM,27.676115
,,,,,,,,,8:58:29 AM,28.678595
,,,,,,,,,8:58:30 AM,28.749737
,,,,,,,,,8:58:31 AM,28.82088
,,,,,,,,,8:58:32 AM,29.021683
,,,,,,,,,8:58:33 AM,29.0592
,,,,,,,,,8:58:34 AM,29.09672
,,,,,,,,,8:58:35 AM,28.948257
,,,,,,,,,8:58:36 AM,28.944887
,,,,,,,,,8:58:37 AM,28.941517
,,,,,,,,,8:58:38 AM,29.54228
,,,,,,,,,8:58:39 AM,29.574347
,,,,,,,,,8:58:40 AM,29.857561
,,,,,,,,,8:58:41 AM,29.889036
,,,,,,,,,8:58:42 AM,29.920511
,,,,,,,,,8:58:43 AM,29.950785
,,,,,,,,,8:58:44 AM,29.959774
,,,,,,,,,8:58:45 AM,30.247757
,,,,,,,,,8:58:46 AM,30.26644
,,,,,,,,,8:58:47 AM,30.285124
,,,,,,,,,8:58:48 AM,29.697294
,,,,,,,,,8:58:49 AM,29.668484
,,,,,,,,,8:58:50 AM,29.639671
,,,,,,,,,8:58:51 AM,30.013622
,,,,,,,,,8:58:52 AM,30.021175
,,,,,,,,,8:58:53 AM,30.028728
,,,,,,,,,8:58:54 AM,29.956848
,,,,,,,,,8:58:55 AM,29.961668
,,,,,,,,,8:58:56 AM,29.878471
,,,,,,,,,8:58:57 AM,29.871458
,,,,,,,,,8:58:58 AM,29.864443
,,,,,,,,,8:58:59 AM,29.732958
,,,,,,,,,8:59:00 AM,29.723005
,,,,,,,,,8:59:01 AM,29.713053
,,,,,,,,,8:59:02 AM,29.479929
,,,,,,,,,8:59:03 AM,29.462757
,,,,,,,,,8:59:04 AM,29.412458
,,,,,,,,,8:59:05 AM,29.403797
,,,,,,,,,8:59:06 AM,29.395136
,,,,,,,,,8:59:07 AM,29.21514
,,,,,,,,,8:59:08 AM,29.203012
,,,,,,,,,8:59:09 AM,29.190884
,,,,,,,,,8:59:10 AM,28.98157
,,,,,,,,,8:59:11 AM,28.96454
,,,,,,,,,8:59:12 AM,28.847237
,,,,,,,,,8:59:13 AM,28.835085
,,,,,,,,,8:59:14 AM,28.822931
,,,,,,,,,8:59:15 AM,28.637197
,,,,,,,,,8:59:16 AM,28.622988
,,,,,,,,,8:59:17 AM,28.608776
,,,,,,,,,8:59:18 AM,28.411928
,,,,,,,,,8:59:19 AM,28.395388
,,,,,,,,,8:59:20 AM,28.224428
,,,,,,,,,8:59:21 AM,28.209185
,,,,,,,,,8:59:22 AM,28.19394
,,,,,,,,,8:59:23 AM,28.028807
,,,,,,,,,8:59:24 AM,28.014507
,,,,,,,,,8:59:25 AM,28.000208
,,,,,,,,,8:59:26 AM,27.870628
,,,,,,,,,8:59:27 AM,27.85857
,,,,,,,,,8:59:28 AM,27.394085
,,,,,,,,,8:59:29 AM,27.362423
,,,,,,,,,8:59:30 AM,27.330763
,,,,,,,,,8:59:31 AM,27.218155
,,,,,,,,,8:59:32 AM,27.199629
,,,,,,,,,8:59:33 AM,27.181103
,,,,,,,,,8:59:34 AM,26.876328
,,,,,,,,,8:59:35 AM,26.855072
,,,,,,,,,8:59:36 AM,27.056643
,,,,,,,,,8:59:37 AM,27.06175
,,,,,,,,,8:59:38 AM,27.066858
,,,,,,,,,8:59:39 AM,26.577902
,,,,,,,,,8:59:40 AM,26.553686
,,,,,,,,,8:59:41 AM,26.52947
,,,,,,,,,8:59:42 AM,26.202177
,,,,,,,,,8:59:43 AM,26.170542
,,,,,,,,,8:59:44 AM,26.033365
,,,,,,,,,8:59:45 AM,26.01728
,,,,,,,,,8:59:46 AM,26.001196
,,,,,,,,,8:59:47 AM,25.784437
,,,,,,,,,8:59:48 AM,25.767862
,,,,,,,,,8:59:49 AM,25.751287
,,,,,,,,,8:59:50 AM,25.8649
,,,,,,,,,8:59:51 AM,25.86588
,,,,,,,,,8:59:52 AM,25.406168
,,,,,,,,,8:59:53 AM,25.380505
,,,,,,,,,8:59:54 AM,25.354843
,,,,,,,,,8:59:55 AM,24.996943
,,,,,,,,,8:59:56 AM,24.963737
,,,,,,,,,8:59:57 AM,24.930534
,,,,,,,,,8:59:58 AM,24.778675
,,,,,,,,,8:59:59 AM,24.760248
,,,,,,,,,9:00:00 AM,24.545557
,,,,,,,,,9:00:01 AM,24.52869
,,,,,,,,,9:00:02 AM,24.511826
,,,,,,,,,9:00:03 AM,24.48486
,,,,,,,,,9:00:04 AM,24.477951
,,,,,,,,,9:00:05 AM,24.471045
,,,,,,,,,9:00:06 AM,24.300657
,,,,,,,,,9:00:07 AM,24.28983
,,,,,,,,,9:00:08 AM,24.308863
,,,,,,,,,9:00:09 AM,24.306028
,,,,,,,,,9:00:10 AM,24.303194
,,,,,,,,,9:00:11 AM,24.056667
,,,,,,,,,9:00:12 AM,24.04221
,,,,,,,,,9:00:13 AM,24.027752
,,,,,,,,,9:00:14 AM,23.767746
,,,,,,,,,9:00:15 AM,23.745987
,,,,,,,,,9:00:16 AM,24.02685
,,,,,,,,,9:00:17 AM,24.037851
,,,,,,,,,9:00:18 AM,24.048853
,,,,,,,,,9:00:19 AM,23.469404
,,,,,,,,,9:00:20 AM,23.441097
,,,,,,,,,9:00:21 AM,23.412792
,,,,,,,,,9:00:22 AM,23.362228
,,,,,,,,,9:00:23 AM,23.344358
,,,,,,,,,9:00:24 AM,23.38961
,,,,,,,,,9:00:25 AM,23.391256
,,,,,,,,,9:00:26 AM,23.3929
,,,,,,,,,9:00:27 AM,22.98366
,,,,,,,,,9:00:28 AM,22.96005
,,,,,,,,,9:00:29 AM,22.93644
,,,,,,,,,9:00:30 AM,22.95003
,,,,,,,,,9:00:31 AM,22.940443
,,,,,,,,,9:00:32 AM,22.689856
,,,,,,,,,9:00:33 AM,22.674747
,,,,,,,,,9:00:34 AM,22.65964
,,,,,,,,,9:00:35 AM,22.674675
,,,,,,,,,9:00:36 AM,22.669218
,,,,,,,,,9:00:37 AM,22.663761
,,,,,,,,,9:00:38 AM,22.448547
,,,,,,,,,9:00:39 AM,22.436104
,,,,,,,,,9:00:40 AM,22.360918
,,,,,,,,,9:00:41 AM,22.351194
,,,,,,,,,9:00:42 AM,22.341469
,,,,,,,,,9:00:43 AM,22.259344
,,,,,,,,,9:00:44 AM,22.25254
,,,,,,,,,9:00:45 AM,22.245737
,,,,,,,,,9:00:46 AM,22.096725
,,,,,,,,,9:00:47 AM,22.085632
,,,,,,,,,9:00:48 AM,22.026834
,,,,,,,,,9:00:49 AM,22.019634
,,,,,,,,,9:00:50 AM,22.012436
,,,,,,,,,9:00:51 AM,21.8522
,,,,,,,,,9:00:52 AM,21.840958
,,,,,,,,,9:00:53 AM,21.829716
,,,,,,,,,9:00:54 AM,21.667744
,,,,,,,,,9:00:55 AM,21.654
,,,,,,,,,9:00:56 AM,21.641636
,,,,,,,,,9:00:57 AM,21.637106
,,,,,,,,,9:00:58 AM,21.632576
,,,,,,,,,9:00:59 AM,21.612595
,,,,,,,,,9:01:00 AM,21.61112
,,,,,,,,,9:01:01 AM,21.609648
,,,,,,,,,9:01:02 AM,21.464617
,,,,,,,,,9:01:03 AM,21.455463
,,,,,,,,,9:01:04 AM,21.403772
,,,,,,,,,9:01:05 AM,21.397167
,,,,,,,,,9:01:06 AM,21.390562
,,,,,,,,,9:01:07 AM,21.284101
,,,,,,,,,9:01:08 AM,21.276379
,,,,,,,,,9:01:09 AM,21.268658
,,,,,,,,,9:01:10 AM,21.09626
,,,,,,,,,9:01:11 AM,21.083258
,,,,,,,,,9:01:12 AM,21.152985
,,,,,,,,,9:01:13 AM,21.1532
,,,,,,,,,9:01:14 AM,21.153414
,,,,,,,,,9:01:15 AM,21.11516
,,,,,,,,,9:01:16 AM,21.114586
,,,,,,,,,9:01:17 AM,21.11401
,,,,,,,,,9:01:18 AM,20.97891
,,,,,,,,,9:01:19 AM,20.969887
,,,,,,,,,9:01:20 AM,20.84247
,,,,,,,,,9:01:21 AM,20.831442
,,,,,,,,,9:01:22 AM,20.820415
,,,,,,,,,9:01:23 AM,20.820656
,,,,,,,,,9:01:24 AM,20.817486
,,,,,,,,,9:01:25 AM,20.814314
,,,,,,,,,9:01:26 AM,20.774036
,,,,,,,,,9:01:27 AM,20.771547
,,,,,,,,,9:01:28 AM,20.758196
,,,,,,,,,9:01:29 AM,20.75637
,,,,,,,,,9:01:30 AM,20.754545
,,,,,,,,,9:01:31 AM,20.626364
,,,,,,,,,9:01:32 AM,20.618261
,,,,,,,,,9:01:33 AM,20.61016
,,,,,,,,,9:01:34 AM,20.536236
,,,,,,,,,9:01:35 AM,20.528568
,,,,,,,,,9:01:36 AM,20.448135
,,,,,,,,,9:01:37 AM,20.44144
,,,,,,,,,9:01:38 AM,20.434744
,,,,,,,,,9:01:39 AM,20.429148
,,,,,,,,,9:01:40 AM,20.426802
,,,,,,,,,9:01:41 AM,20.424456
,,,,,,,,,9:01:42 AM,20.364319
,,,,,,,,,9:01:43 AM,20.360544
,,,,,,,,,9:01:44 AM,20.393253
,,,,,,,,,9:01:45 AM,20.393839
,,,,,,,,,9:01:46 AM,20.394426
,,,,,,,,,9:01:47 AM,20.349527
,,,,,,,,,9:01:48 AM,20.347647
,,,,,,,,,9:01:49 AM,20.345764
,,,,,,,,,9:01:50 AM,20.374514
,,,,,,,,,9:01:51 AM,20.375074
,,,,,,,,,9:01:52 AM,20.351885
,,,,,,,,,9:01:53 AM,20.351122
,,,,,,,,,9:01:54 AM,20.350357
,,,,,,,,,9:01:55 AM,20.19466
,,,,,,,,,9:01:56 AM,20.184591
,,,,,,,,,9:01:57 AM,20.174524
,,,,,,,,,9:01:58 AM,20.117697
,,,,,,,,,9:01:59 AM,20.110369
,,,,,,,,,9:02:00 AM,20.067152
,,,,,,,,,9:02:01 AM,20.063177
,,,,,,,,,9:02:02 AM,20.0592
,,,,,,,,,9:02:03 AM,20.134747
,,,,,,,,,9:02:04 AM,20.13827
,,,,,,,,,9:02:05 AM,20.141792
,,,,,,,,,9:02:06 AM,19.9473
,,,,,,,,,9:02:07 AM,19.937601
,,,,,,,,,9:02:08 AM,19.927902
,,,,,,,,,9:02:09 AM,19.963108
,,,,,,,,,9:02:10 AM,19.96028
,,,,,,,,,9:02:11 AM,19.910158
,,,,,,,,,9:02:12 AM,19.908066
,,,,,,,,,9:02:13 AM,19.905973
,,,,,,,,,9:02:14 AM,19.969152
,,,,,,,,,9:02:15 AM,19.971657
,,,,,,,,,9:02:16 AM,19.858097
,,,,,,,,,9:02:17 AM,19.851618
,,,,,,,,,9:02:18 AM,19.845137
,,,,,,,,,9:02:19 AM,19.86088
,,,,,,,,,9:02:20 AM,19.858334
,,,,,,,,,9:02:21 AM,19.855787
,,,,,,,,,9:02:22 AM,19.826199
,,,,,,,,,9:02:23 AM,19.824562
,,,,,,,,,9:02:24 AM,19.789097
,,,,,,,,,9:02:25 AM,19.786087
,,,,,,,,,9:02:26 AM,19.783077
,,,,,,,,,9:02:27 AM,19.714695
,,,,,,,,,9:02:28 AM,19.709646
,,,,,,,,,9:02:29 AM,19.704597
,,,,,,,,,9:02:30 AM,19.726118
,,,,,,,,,9:02:31 AM,19.725647
,,,,,,,,,9:02:32 AM,19.72328
,,,,,,,,,9:02:33 AM,19.723652
,,,,,,,,,9:02:34 AM,19.724022
,,,,,,,,,9:02:35 AM,19.644867
,,,,,,,,,9:02:36 AM,19.639965
,,,,,,,,,9:02:37 AM,19.635063
,,,,,,,,,9:02:38 AM,19.697666
,,,,,,,,,9:02:39 AM,19.699406
,,,,,,,,,9:02:40 AM,19.701147
,,,,,,,,,9:02:41 AM,19.591702
,,,,,,,,,9:02:42 AM,19.586786
,,,,,,,,,9:02:43 AM,19.574394
,,,,,,,,,9:02:44 AM,19.57102
,,,,,,,,,9:02:45 AM,19.567646
,,,,,,,,,9:02:46 AM,19.569242
,,,,,,,,,9:02:47 AM,19.569023
,,,,,,,,,9:02:48 AM,19.544868
,,,,,,,,,9:02:49 AM,19.543377
,,,,,,,,,9:02:50 AM,19.541885
,,,,,,,,,9:02:51 AM,19.499844
,,,,,,,,,9:02:52 AM,19.496672
,,,,,,,,,9:02:53 AM,19.493498
,,,,,,,,,9:02:54 AM,19.510693
,,,,,,,,,9:02:55 AM,19.510647
,,,,,,,,,9:02:56 AM,19.494265
,,,,,,,,,9:02:57 AM,19.493664
,,,,,,,,,9:02:58 AM,19.493063
,,,,,,,,,9:02:59 AM,19.453695
,,,,,,,,,9:03:00 AM,19.45086
,,,,,,,,,9:03:01 AM,19.44802
,,,,,,,,,9:03:02 AM,19.440098
,,,,,,,,,9:03:03 AM,19.438612
,,,,,,,,,9:03:04 AM,19.437126
,,,,,,,,,9:03:05 AM,19.425476
,,,,,,,,,9:03:06 AM,19.424538
,,,,,,,,,9:03:07 AM,19.435574
,,,,,,,,,9:03:08 AM,19.435942
,,,,,,,,,9:03:09 AM,19.43631
,,,,,,,,,9:03:10 AM,19.408518
,,,,,,,,,9:03:11 AM,19.407108
,,,,,,,,,9:03:12 AM,19.391928
,,,,,,,,,9:03:13 AM,19.390308
,,,,,,,,,9:03:14 AM,19.38869
,,,,,,,,,9:03:15 AM,19.379662
,,,,,,,,,9:03:16 AM,19.378738
,,,,,,,,,9:03:17 AM,19.377817
,,,,,,,,,9:03:18 AM,19.379873
,,,,,,,,,9:03:19 AM,19.37976
,,,,,,,,,9:03:20 AM,19.379648
,,,,,,,,,9:03:21 AM,19.371862
,,,,,,,,,9:03:22 AM,19.371468
,,,,,,,,,9:03:23 AM,19.351976
,,,,,,,,,9:03:24 AM,19.350538
,,,,,,,,,9:03:25 AM,19.3491
,,,,,,,,,9:03:26 AM,19.334686
,,,,,,,,,9:03:27 AM,19.333282
,,,,,,,,,9:03:28 AM,19.331879
,,,,,,,,,9:03:29 AM,19.342665
,,,,,,,,,9:03:30 AM,19.34289
,,,,,,,,,9:03:31 AM,19.321272
,,,,,,,,,9:03:32 AM,19.320185
,,,,,,,,,9:03:33 AM,19.319098
,,,,,,,,,9:03:34 AM,19.312235
,,,,,,,,,9:03:35 AM,19.311277
,,,,,,,,,9:03:36 AM,19.31032
,,,,,,,,,9:03:37 AM,19.290981
,,,,,,,,,9:03:38 AM,19.289644
,,,,,,,,,9:03:39 AM,19.288595
,,,,,,,,,9:03:40 AM,19.288055
,,,,,,,,,9:03:41 AM,19.287516
,,,,,,,,,9:03:42 AM,19.281849
,,,,,,,,,9:03:43 AM,19.281477
,,,,,,,,,9:03:44 AM,19.281103
,,,,,,,,,9:03:45 AM,19.288586
,,,,,,,,,9:03:46 AM,19.288874
,,,,,,,,,9:03:47 AM,19.25629
,,,,,,,,,9:03:48 AM,19.254467
,,,,,,,,,9:03:49 AM,19.252645
,,,,,,,,,9:03:50 AM,19.244755
,,,,,,,,,9:03:51 AM,19.243458
,,,,,,,,,9:03:52 AM,19.24216
,,,,,,,,,9:03:53 AM,19.239084
,,,,,,,,,9:03:54 AM,19.238678
,,,,,,,,,9:03:55 AM,19.235846
,,,,,,,,,9:03:56 AM,19.23558
,,,,,,,,,9:03:57 AM,19.235315
,,,,,,,,,9:03:58 AM,19.230045
,,,,,,,,,9:03:59 AM,19.229656
,,,,,,,,,9:04:00 AM,19.229265
,,,,,,,,,9:04:01 AM,19.230751
,,,,,,,,,9:04:02 AM,19.2307
,,,,,,,,,9:04:03 AM,19.216877
,,,,,,,,,9:04:04 AM,19.216043
,,,,,,,,,9:04:05 AM,19.215212
,,,,,,,,,9:04:06 AM,19.204836
,,,,,,,,,9:04:07 AM,19.20385
,,,,,,,,,9:04:08 AM,19.202864
,,,,,,,,,9:04:09 AM,19.21346
,,,,,,,,,9:04:10 AM,19.213802
,,,,,,,,,9:04:11 AM,19.21204
,,,,,,,,,9:04:12 AM,19.212166
,,,,,,,,,9:04:13 AM,19.212294
,,,,,,,,,9:04:14 AM,19.203371
,,,,,,,,,9:04:15 AM,19.20279
,,,,,,,,,9:04:16 AM,19.20221
,,,,,,,,,9:04:17 AM,19.200682
,,,,,,,,,9:04:18 AM,19.200369
,,,,,,,,,9:04:19 AM,19.1871
,,,,,,,,,9:04:20 AM,19.186255
,,,,,,,,,9:04:21 AM,19.185408
,,,,,,,,,9:04:22 AM,19.202871
,,,,,,,,,9:04:23 AM,19.203594
,,,,,,,,,9:04:24 AM,19.204317
,,,,,,,,,9:04:25 AM,19.180641
,,,,,,,,,9:04:26 AM,19.179678
,,,,,,,,,9:04:27 AM,19.176943
,,,,,,,,,9:04:28 AM,19.17621
,,,,,,,,,9:04:29 AM,19.175478
,,,,,,,,,9:04:30 AM,19.175844
,,,,,,,,,9:04:31 AM,19.1758
,,,,,,,,,9:04:32 AM,19.175756
,,,,,,,,,9:04:33 AM,19.167267
,,,,,,,,,9:04:34 AM,19.166765
,,,,,,,,,9:04:35 AM,19.166183
,,,,,,,,,9:04:36 AM,19.165947
,,,,,,,,,9:04:37 AM,19.16571
,,,,,,,,,9:04:38 AM,19.17239
,,,,,,,,,9:04:39 AM,19.172777
,,,,,,,,,9:04:40 AM,19.173166
,,,,,,,,,9:04:41 AM,19.16422
,,,,,,,,,9:04:42 AM,19.163855
,,,,,,,,,9:04:43 AM,19.16546
,,,,,,,,,9:04:44 AM,19.165348
,,,,,,,,,9:04:45 AM,19.165236
,,,,,,,,,9:04:46 AM,19.1737
,,,,,,,,,9:04:47 AM,19.174261
,,,,,,,,,9:04:48 AM,19.17482
,,,,,,,,,9:04:49 AM,19.18173
,,,,,,,,,9:04:50 AM,19.182358
,,,,,,,,,9:04:51 AM,19.185762
,,,,,,,,,9:04:52 AM,19.186134
,,,,,,,,,9:04:53 AM,19.186506
,,,,,,,,,9:04:54 AM,19.179657
,,,,,,,,,9:04:55 AM,19.179321
,,,,,,,,,9:04:56 AM,19.178988
,,,,,,,,,9:04:57 AM,19.183428
,,,,,,,,,9:04:58 AM,19.183517
,,,,,,,,,9:04:59 AM,19.168835
,,,,,,,,,9:05:00 AM,19.16804
,,,,,,,,,9:05:01 AM,19.167244
,,,,,,,,,9:05:02 AM,19.17408
,,,,,,,,,9:05:03 AM,19.174128
,,,,,,,,,9:05:04 AM,19.174177
,,,,,,,,,9:05:05 AM,19.170044
,,,,,,,,,9:05:06 AM,19.169964
,,,,,,,,,9:05:07 AM,19.17374
,,,,,,,,,9:05:08 AM,19.173864
,,,,,,,,,9:05:09 AM,19.173988
,,,,,,,,,9:05:10 AM,19.164745
,,,,,,,,,9:05:11 AM,19.164274
,,,,,,,,,9:05:12 AM,19.163805
,,,,,,,,,9:05:13 AM,19.181475
,,,,,,,,,9:05:14 AM,19.182312
,,,,,,,,,9:05:15 AM,19.175299
,,,,,,,,,9:05:16 AM,19.1753
,,,,,,,,,9:05:17 AM,19.175303
,,,,,,,,,9:05:18 AM,19.172813
,,,,,,,,,9:05:19 AM,19.172487
,,,,,,,,,9:05:20 AM,19.172161
,,,,,,,,,9:05:21 AM,19.164255
,,,,,,,,,9:05:22 AM,19.163723
,,,,,,,,,9:05:23 AM,19.176287
,,,,,,,,,9:05:24 AM,19.176872
,,,,,,,,,9:05:25 AM,19.177458
,,,,,,,,,9:05:26 AM,19.159595
,,,,,,,,,9:05:27 AM,19.158833
,,,,,,,,,9:05:28 AM,19.15807
,,,,,,,,,9:05:29 AM,19.162312
,,,,,,,,,9:05:30 AM,19.16212
,,,,,,,,,9:05:31 AM,19.162066
,,,,,,,,,9:05:32 AM,19.162174
,,,,,,,,,9:05:33 AM,19.162285
,,,,,,,,,9:05:34 AM,19.156248
,,,,,,,,,9:05:35 AM,19.155878
,,,,,,,,,9:05:36 AM,19.155508
,,,,,,,,,9:05:37 AM,19.158033
,,,,,,,,,9:05:38 AM,19.158031
,,,,,,,,,9:05:39 AM,19.158031
,,,,,,,,,9:05:40 AM,19.158934
,,,,,,,,,9:05:41 AM,19.159044
,,,,,,,,,9:05:42 AM,19.159678
,,,,,,,,,9:05:43 AM,19.159735
,,,,,,,,,9:05:44 AM,19.159792
,,,,,,,,,9:05:45 AM,19.162071
,,,,,,,,,9:05:46 AM,19.162224
,,,,,,,,,9:05:47 AM,19.162376
,,,,,,,,,9:05:48 AM,19.153803
,,,,,,,,,9:05:49 AM,19.153357
,,,,,,,,,9:05:50 AM,19.154623
,,,,,,,,,9:05:51 AM,19.1545
,,,,,,,,,9:05:52 AM,19.154375
,,,,,,,,,9:05:53 AM,19.148205
,,,,,,,,,9:05:54 AM,19.14787
,,,,,,,,,9:05:55 AM,19.147532
,,,,,,,,,9:05:56 AM,19.147287
,,,,,,,,,9:05:57 AM,19.147116
,,,,,,,,,9:05:58 AM,19.139269
,,,,,,,,,9:05:59 AM,19.138777
,,,,,,,,,9:06:00 AM,19.138287
,,,,,,,,,9:06:01 AM,19.141232
,,,,,,,,,9:06:02 AM,19.141207
,,,,,,,,,9:06:03 AM,19.141182
,,,,,,,,,9:06:04 AM,19.151262
,,,,,,,,,9:06:05 AM,19.151926
,,,,,,,,,9:06:06 AM,19.156902
,,,,,,,,,9:06:07 AM,19.15744
,,,,,,,,,9:06:08 AM,19.157978
,,,,,,,,,9:06:09 AM,19.15036
,,,,,,,,,9:06:10 AM,19.150028
,,,,,,,,,9:06:11 AM,19.149696
,,,,,,,,,9:06:12 AM,19.13856
,,,,,,,,,9:06:13 AM,19.137705
,,,,,,,,,9:06:14 AM,19.142794
,,,,,,,,,9:06:15 AM,19.142836
,,,,,,,,,9:06:16 AM,19.14288
,,,,,,,,,9:06:17 AM,19.139538
,,,,,,,,,9:06:18 AM,19.139458
,,,,,,,,,9:06:19 AM,19.139378
,,,,,,,,,9:06:20 AM,19.14144
,,,,,,,,,9:06:21 AM,19.141474
,,,,,,,,,9:06:22 AM,19.136734
,,,,,,,,,9:06:23 AM,19.136492
,,,,,,,,,9:06:24 AM,19.13625
,,,,,,,,,9:06:25 AM,19.143549
,,,,,,,,,9:06:26 AM,19.143866
,,,,,,,,,9:06:27 AM,19.144182
,,,,,,,,,9:06:28 AM,19.13703
,,,,,,,,,9:06:29 AM,19.136782
,,,,,,,,,9:06:30 AM,19.144117
,,,,,,,,,9:06:31 AM,19.14439
,,,,,,,,,9:06:32 AM,19.14466
,,,,,,,,,9:06:33 AM,19.138279
,,,,,,,,,9:06:34 AM,19.138075
,,,,,,,,,9:06:35 AM,19.13787
,,,,,,,,,9:06:36 AM,19.153503
,,,,,,,,,9:06:37 AM,19.154278
,,,,,,,,,9:06:38 AM,19.147415
,,,,,,,,,9:06:39 AM,19.147373
,,,,,,,,,9:06:40 AM,19.14733
,,,,,,,,,9:06:41 AM,19.13692
,,,,,,,,,9:06:42 AM,19.136114
,,,,,,,,,9:06:43 AM,19.135307
,,,,,,,,,9:06:44 AM,19.139875
,,,,,,,,,9:06:45 AM,19.139874
,,,,,,,,,9:06:46 AM,19.144184
,,,,,,,,,9:06:47 AM,19.144556
,,,,,,,,,9:06:48 AM,19.144928
,,,,,,,,,9:06:49 AM,19.14265
,,,,,,,,,9:06:50 AM,19.142622
,,,,,,,,,9:06:51 AM,19.142593
,,,,,,,,,9:06:52 AM,19.13429
,,,,,,,,,9:06:53 AM,19.13374
,,,,,,,,,9:06:54 AM,19.131279
,,,,,,,,,9:06:55 AM,19.130932
,,,,,,,,,9:06:56 AM,19.130585
,,,,,,,,,9:06:57 AM,19.145485
,,,,,,,,,9:06:58 AM,19.146338
,,,,,,,,,9:06:59 AM,19.147188
,,,,,,,,,9:07:00 AM,19.142056
,,,,,,,,,9:07:01 AM,19.142134
,,,,,,,,,9:07:02 AM,19.1473
,,,,,,,,,9:07:03 AM,19.147497
,,,,,,,,,9:07:04 AM,19.147696
,,,,,,,,,9:07:05 AM,19.134066
,,,,,,,,,9:07:06 AM,19.133371
,,,,,,,,,9:07:07 AM,19.132677
,,,,,,,,,9:07:08 AM,19.146692
,,,,,,,,,9:07:09 AM,19.14718
,,,,,,,,,9:07:10 AM,19.142508
,,,,,,,,,9:07:11 AM,19.142553
,,,,,,,,,9:07:12 AM,19.142597
,,,,,,,,,9:07:13 AM,19.143396
,,,,,,,,,9:07:14 AM,19.143324
,,,,,,,,,9:07:15 AM,19.143251
,,,,,,,,,9:07:16 AM,19.14801
,,,,,,,,,9:07:17 AM,19.148315
,,,,,,,,,9:07:18 AM,19.141417
,,,,,,,,,9:07:19 AM,19.141098
,,,,,,,,,9:07:20 AM,19.140778
,,,,,,,,,9:07:21 AM,19.137653
,,,,,,,,,9:07:22 AM,19.137287
,,,,,,,,,9:07:23 AM,19.136923
,,,,,,,,,9:07:24 AM,19.131084
,,,,,,,,,9:07:25 AM,19.130655
,,,,,,,,,9:07:26 AM,19.131695
,,,,,,,,,9:07:27 AM,19.13162
,,,,,,,,,9:07:28 AM,19.131546
,,,,,,,,,9:07:29 AM,19.13481
,,,,,,,,,9:07:30 AM,19.135036
,,,,,,,,,9:07:31 AM,19.135263
,,,,,,,,,9:07:32 AM,19.136156
,,,,,,,,,9:07:33 AM,19.136292
,,,,,,,,,9:07:34 AM,19.136427
,,,,,,,,,9:07:35 AM,19.129307
,,,,,,,,,9:07:36 AM,19.128914
,,,,,,,,,9:07:37 AM,19.127565
,,,,,,,,,9:07:38 AM,19.127316
,,,,,,,,,9:07:39 AM,19.127066
,,,,,,,,,9:07:40 AM,19.130741
,,,,,,,,,9:07:41 AM,19.130936
,,,,,,,,,9:07:42 AM,19.129663
,,,,,,,,,9:07:43 AM,19.129677
,,,,,,,,,9:07:44 AM,19.12969
,,,,,,,,,9:07:45 AM,19.125305
,,,,,,,,,9:07:46 AM,19.12501
,,,,,,,,,9:07:47 AM,19.124714
,,,,,,,,,9:07:48 AM,19.129654
,,,,,,,,,9:07:49 AM,19.129843
,,,,,,,,,9:07:50 AM,19.131681
,,,,,,,,,9:07:51 AM,19.131914
,,,,,,,,,9:07:52 AM,19.132149
,,,,,,,,,9:07:53 AM,19.131538
,,,,,,,,,9:07:54 AM,19.131546
,,,,,,,,,9:07:55 AM,19.131554
,,,,,,,,,9:07:56 AM,19.13215
,,,,,,,,,9:07:57 AM,19.132172
,,,,,,,,,9:07:58 AM,19.131401
,,,,,,,,,9:07:59 AM,19.131369
,,,,,,,,,9:08:00 AM,19.131336
,,,,,,,,,9:08:01 AM,19.127186
,,,,,,,,,9:08:02 AM,19.126913
,,,,,,,,,9:08:03 AM,19.126642
,,,,,,,,,9:08:04 AM,19.132107
,,,,,,,,,9:08:05 AM,19.132328
,,,,,,,,,9:08:06 AM,19.115763
,,,,,,,,,9:08:07 AM,19.114868
,,,,,,,,,9:08:08 AM,19.113976
,,,,,,,,,9:08:09 AM,19.113739
,,,,,,,,,9:08:10 AM,19.113314
,,,,,,,,,9:08:11 AM,19.112888
,,,,,,,,,9:08:12 AM,19.120865
,,,,,,,,,9:08:13 AM,19.121334
,,,,,,,,,9:08:14 AM,19.121983
,,,,,,,,,9:08:15 AM,19.122204
,,,,,,,,,9:08:16 AM,19.122425
,,,,,,,,,9:08:17 AM,19.127089
,,,,,,,,,9:08:18 AM,19.127384
,,,,,,,,,9:08:19 AM,19.127682
,,,,,,,,,9:08:20 AM,19.12922
,,,,,,,,,9:08:21 AM,19.12943
,,,,,,,,,9:08:22 AM,19.118307
,,,,,,,,,9:08:23 AM,19.11765
,,,,,,,,,9:08:24 AM,19.116991
,,,,,,,,,9:08:25 AM,19.124662
,,,,,,,,,9:08:26 AM,19.124851
,,,,,,,,,9:08:27 AM,19.125038
,,,,,,,,,9:08:28 AM,19.122047
,,,,,,,,,9:08:29 AM,19.122059
,,,,,,,,,9:08:30 AM,19.120367
,,,,,,,,,9:08:31 AM,19.120184
,,,,,,,,,9:08:32 AM,19.12
,,,,,,,,,9:08:33 AM,19.121607
,,,,,,,,,9:08:34 AM,19.121664
,,,,,,,,,9:08:35 AM,19.121721
,,,,,,,,,9:08:36 AM,19.127283
,,,,,,,,,9:08:37 AM,19.127655
,,,,,,,,,9:08:38 AM,19.128185
,,,,,,,,,9:08:39 AM,19.128347
,,,,,,,,,9:08:40 AM,19.12851
,,,,,,,,,9:08:41 AM,19.122564
,,,,,,,,,9:08:42 AM,19.122211
,,,,,,,,,9:08:43 AM,19.12186
,,,,,,,,,9:08:44 AM,19.130392
,,,,,,,,,9:08:45 AM,19.130753
,,,,,,,,,9:08:46 AM,19.12716
,,,,,,,,,9:08:47 AM,19.127136
,,,,,,,,,9:08:48 AM,19.127115
,,,,,,,,,9:08:49 AM,19.121681
,,,,,,,,,9:08:50 AM,19.121254
,,,,,,,,,9:08:51 AM,19.120827
,,,,,,,,,9:08:52 AM,19.123503
,,,,,,,,,9:08:53 AM,19.123526
,,,,,,,,,9:08:54 AM,19.120903
,,,,,,,,,9:08:55 AM,19.120802
,,,,,,,,,9:08:56 AM,19.120703
,,,,,,,,,9:08:57 AM,19.127459
,,,,,,,,,9:08:58 AM,19.127804
,,,,,,,,,9:08:59 AM,19.12815
,,,,,,,,,9:09:00 AM,19.124895
,,,,,,,,,9:09:01 AM,19.12487
,,,,,,,,,9:09:02 AM,19.124846
,,,,,,,,,9:09:03 AM,19.12425
,,,,,,,,,9:09:04 AM,19.124138
,,,,,,,,,9:09:05 AM,19.12004
,,,,,,,,,9:09:06 AM,19.119778
,,,,,,,,,9:09:07 AM,19.119516
,,,,,,,,,9:09:08 AM,19.125278
,,,,,,,,,9:09:09 AM,19.125519
,,,,,,,,,9:09:10 AM,19.125761
,,,,,,,,,9:09:11 AM,19.123558
,,,,,,,,,9:09:12 AM,19.123571
,,,,,,,,,9:09:13 AM,19.118061
,,,,,,,,,9:09:14 AM,19.117672
,,,,,,,,,9:09:15 AM,19.117281
,,,,,,,,,9:09:16 AM,19.122772
,,,,,,,,,9:09:17 AM,19.122963
,,,,,,,,,9:09:18 AM,19.123154
,,,,,,,,,9:09:19 AM,19.121244
,,,,,,,,,9:09:20 AM,19.121265
,,,,,,,,,9:09:21 AM,19.12176
,,,,,,,,,9:09:22 AM,19.121744
,,,,,,,,,9:09:23 AM,19.121727
,,,,,,,,,9:09:24 AM,19.124666
,,,,,,,,,9:09:25 AM,19.124855
,,,,,,,,,9:09:26 AM,19.125044
,,,,,,,,,9:09:27 AM,19.125826
,,,,,,,,,9:09:28 AM,19.125948
,,,,,,,,,9:09:29 AM,19.13256
,,,,,,,,,9:09:30 AM,19.132984
,,,,,,,,,9:09:31 AM,19.133406
,,,,,,,,,9:09:32 AM,19.130245
,,,,,,,,,9:09:33 AM,19.130219
,,,,,,,,,9:09:34 AM,19.130192
,,,,,,,,,9:09:35 AM,19.131742
,,,,,,,,,9:09:36 AM,19.131756
,,,,,,,,,9:09:37 AM,19.135992
,,,,,,,,,9:09:38 AM,19.136288
,,,,,,,,,9:09:39 AM,19.136583
,,,,,,,,,9:09:40 AM,19.13475
,,,,,,,,,9:09:41 AM,19.13474
,,,,,,,,,9:09:42 AM,19.134731
,,,,,,,,,9:09:43 AM,19.126848
,,,,,,,,,9:09:44 AM,19.126337
,,,,,,,,,9:09:45 AM,19.13297
,,,,,,,,,9:09:46 AM,19.13318
,,,,,,,,,9:09:47 AM,19.133392
,,,,,,,,,9:09:48 AM,19.135342
,,,,,,,,,9:09:49 AM,19.13562
,,,,,,,,,9:09:50 AM,19.135899
,,,,,,,,,9:09:51 AM,19.122362
,,,,,,,,,9:09:52 AM,19.121613
,,,,,,,,,9:09:53 AM,19.123137
,,,,,,,,,9:09:54 AM,19.122913
,,,,,,,,,9:09:55 AM,19.122688
,,,,,,,,,9:09:56 AM,19.11886
,,,,,,,,,9:09:57 AM,19.118664
,,,,,,,,,9:09:58 AM,19.11847
,,,,,,,,,9:09:59 AM,19.127058
,,,,,,,,,9:10:00 AM,19.127468
,,,,,,,,,9:10:01 AM,19.131365
,,,,,,,,,9:10:02 AM,19.131811
,,,,,,,,,9:10:03 AM,19.132256
,,,,,,,,,9:10:04 AM,19.136814
,,,,,,,,,9:10:05 AM,19.137188
,,,,,,,,,9:10:06 AM,19.137562
,,,,,,,,,9:10:07 AM,19.128
,,,,,,,,,9:10:08 AM,19.12756
,,,,,,,,,9:10:09 AM,19.138367
,,,,,,,,,9:10:10 AM,19.138815
,,,,,,,,,9:10:11 AM,19.139263
,,,,,,,,,9:10:12 AM,19.134953
,,,,,,,,,9:10:13 AM,19.134968
,,,,,,,,,9:10:14 AM,19.134983
,,,,,,,,,9:10:15 AM,19.138496
,,,,,,,,,9:10:16 AM,19.1386
,,,,,,,,,9:10:17 AM,19.129194
,,,,,,,,,9:10:18 AM,19.128704
,,,,,,,,,9:10:19 AM,19.128216
,,,,,,,,,9:10:20 AM,19.139566
,,,,,,,,,9:10:21 AM,19.140026
,,,,,,,,,9:10:22 AM,19.140484
,,,,,,,,,9:10:23 AM,19.143526
,,,,,,,,,9:10:24 AM,19.143995
