dataset_id,relative_path,description,source_or_storage_location,units,time_zone,calibration_id,sha256
20250709_144014_790478,examples/20250709_144014_790478.csv,Historical source measurement,rjost1/FluvialSeismology_Analysis@fce22815c02abd61bebdff692fd49c128feb5f3a:Dilution/output/20250709_144014_790478.csv,See original column headers,Not confirmed,,1da5d55038505877e93593f4b647335e249c4bb998276d3afac2213a756fc6d0
20250709_144014_790478_metadata,examples/20250709_144014_790478_metadata.csv,Historical source metadata,rjost1/FluvialSeismology_Analysis@fce22815c02abd61bebdff692fd49c128feb5f3a:Dilution/output/20250709_144014_790478_metadata.csv,See original column headers,Not confirmed,,683f163635ea2b3faa3dcff11d4bd38cabbeb2134bc3ef611f850fbdb8be6667
20250709_150524_790478,examples/20250709_150524_790478.csv,Historical source measurement,rjost1/FluvialSeismology_Analysis@fce22815c02abd61bebdff692fd49c128feb5f3a:Dilution/output/20250709_150524_790478.csv,See original column headers,Not confirmed,,1779ea1327cd7bf1d70cbc8059b9f131accb2ecee11de9a5c474241acc2270da
20250709_150524_790478_metadata,examples/20250709_150524_790478_metadata.csv,Historical source metadata,rjost1/FluvialSeismology_Analysis@fce22815c02abd61bebdff692fd49c128feb5f3a:Dilution/output/20250709_150524_790478_metadata.csv,See original column headers,Not confirmed,,8580d6c4f536cd0e8e2a08795171cb2b0c3ddaa8dd454cd002c2ffd155103b9b
20250709_160924_790478,examples/20250709_160924_790478.csv,Historical source measurement,rjost1/FluvialSeismology_Analysis@fce22815c02abd61bebdff692fd49c128feb5f3a:Dilution/output/20250709_160924_790478.csv,See original column headers,Not confirmed,,38a62f89dbd428784790fbb423f12a14a9c4757d353cc29b0537ac7de664bcda
20250709_160924_790478_metadata,examples/20250709_160924_790478_metadata.csv,Historical source metadata,rjost1/FluvialSeismology_Analysis@fce22815c02abd61bebdff692fd49c128feb5f3a:Dilution/output/20250709_160924_790478_metadata.csv,See original column headers,Not confirmed,,e1dc808ece9b89e97eccd19170701c1a08070f79cdaae47b4dbb66b4c9b02862
20250709_trial2_calibration,examples/20250709_trial2_calibration.csv,Historical source calibration,rjost1/FluvialSeismology_Analysis@fce22815c02abd61bebdff692fd49c128feb5f3a:Dilution/20250709_trial2_calibration.csv,See original column headers,Not confirmed,,dac1895b2f9c08f2fb0b42e5b67955c0a6a1170f59e83c736daa6028e3a8fa9e
20250715_171835_790478_calibration,examples/20250715_171835_790478_calibration.csv,Historical source calibration,rjost1/FluvialSeismology_Analysis@fce22815c02abd61bebdff692fd49c128feb5f3a:Dilution/output/20250715_171835_790478_calibration.csv,See original column headers,Not confirmed,,4b64069bc7e900f4287a1bd61ef22bdfdbb955fd32392ec8a5259891daf4a779
20250724_162611_840058,examples/20250724_162611_840058.csv,Historical source measurement,rjost1/FluvialSeismology_Analysis@fce22815c02abd61bebdff692fd49c128feb5f3a:Dilution/output/20250724_162611_840058.csv,See original column headers,Not confirmed,20250724_trial1_solution_injection_calibration,8d7497b29bc21bee8c841cbfdbbd2eeab6aeef1104a0f0039db2fde4effeef11
20250724_172044_680530_calibration,examples/20250724_172044_680530_calibration.csv,Historical source calibration,rjost1/FluvialSeismology_Analysis@fce22815c02abd61bebdff692fd49c128feb5f3a:Dilution/output/20250724_172044_680530_calibration.csv,See original column headers,Not confirmed,,c980a400d018588fb183d828aa89a4c834735545e3fa9822ecdce40cbbfe3f2c
20250724_trial1_solution_injection_calibration,examples/20250724_trial1_solution_injection_calibration.csv,Historical source calibration,rjost1/FluvialSeismology_Analysis@fce22815c02abd61bebdff692fd49c128feb5f3a:Dilution/output/20250724_trial1_solution_injection_calibration.csv,See original column headers,Not confirmed,,78b27adf9b25a4710b253d20fe1de403d5645c1ca1939f9ff19b97b3053f3077
