source_repository,source_commit,source_path,destination_path,source_sha256,changes
taylor-kenyon/FluvialSeismology_Analysis,2764f9454916b0162f98b7221883d75ca742c646,getData.py,fluvial_seismology/scripts/processing/download_waveforms.py,79fed675f0411f6af5e6e48855404cfbdbc5b15a92437d596c5e3b80730d6bc9,Renamed; imports and I/O paths adapted; scientific calculations retained.
taylor-kenyon/FluvialSeismology_Analysis,2764f9454916b0162f98b7221883d75ca742c646,Screening_Tool.py,fluvial_seismology/scripts/processing/screen_waveforms.py,0f53b2d34c72d7c42cc33a62c39a0dbce040c4ab67706529775092d02bc76b8b,Renamed; imports and I/O paths adapted; scientific calculations retained.
taylor-kenyon/FluvialSeismology_Analysis,2764f9454916b0162f98b7221883d75ca742c646,PPSD.py,fluvial_seismology/scripts/processing/plot_ppsd.py,49fcccfe754808d105e3ab2a3dae36288c3e657374d685be8ec73d0dae959abe,Renamed; imports and I/O paths adapted; scientific calculations retained.
taylor-kenyon/FluvialSeismology_Analysis,2764f9454916b0162f98b7221883d75ca742c646,spectraPlay.py,fluvial_seismology/scripts/processing/plot_spectrograms.py,18d2c80209a061c3919d41a062a8bd0bb47a2f3794fbd8fafed35ee62704f2cd,Renamed; imports and I/O paths adapted; scientific calculations retained.
taylor-kenyon/FluvialSeismology_Analysis,2764f9454916b0162f98b7221883d75ca742c646,calib_wave_spectra.py,fluvial_seismology/scripts/processing/plot_calibration_signals.py,8162cb5d48ad5bfb72041bdbb0611fcf054f7ca52c182f80fc68c204e19d0e00,Renamed; imports and I/O paths adapted; scientific calculations retained.
taylor-kenyon/FluvialSeismology_Analysis,2764f9454916b0162f98b7221883d75ca742c646,waveformUtils.py,fluvial_seismology/scripts/processing/waveform_utils.py,80d6bf1775ff29489d970ef5ee592f2d8eb104259fb65de5656a472b76a8e97b,Renamed; imports and I/O paths adapted; scientific calculations retained.
taylor-kenyon/FluvialSeismology_Analysis,2764f9454916b0162f98b7221883d75ca742c646,saraUtils.py,fluvial_seismology/scripts/processing/seismic_amplitude_ratios.py,bba1df5174faaf94e3baaa74679d7620880c00d36e614957d9b025ec99ccedc5,Renamed; imports and I/O paths adapted; scientific calculations retained.
taylor-kenyon/FluvialSeismology_Analysis,2764f9454916b0162f98b7221883d75ca742c646,set_workdir.py,fluvial_seismology/scripts/processing/set_workdir.py,cb7477e7be2c4d7e90e338b7b5e7eb7af023a9a5c0d1f45852b16a434a5134a8,Renamed; imports and I/O paths adapted; scientific calculations retained.
taylor-kenyon/FluvialSeismology_Analysis,2764f9454916b0162f98b7221883d75ca742c646,model_turbulence.R,fluvial_seismology/scripts/models/model_turbulence.R,061e0d2689b988640b52439fb561c10f3298294c88201d9bcf039c2a308d9a08,Renamed where needed; scientific source content preserved with trailing whitespace normalized.
taylor-kenyon/FluvialSeismology_Analysis,2764f9454916b0162f98b7221883d75ca742c646,model_bedload.R,fluvial_seismology/scripts/models/model_bedload.R,b5c9a6acdc5ef7ebf17f68b73d6eb685931a2766bbf33fe39a320cda2f0ee738,Renamed where needed; scientific source content preserved with trailing whitespace normalized.
taylor-kenyon/FluvialSeismology_Analysis,2764f9454916b0162f98b7221883d75ca742c646,fmi_inversion.R,fluvial_seismology/scripts/models/fmi_inversion.R,81783b2f68a679ff009231fe22b62f2ab1fb575d52bd3a6fd20d666929644964,Renamed where needed; scientific source content preserved with trailing whitespace normalized.
taylor-kenyon/FluvialSeismology_Analysis,2764f9454916b0162f98b7221883d75ca742c646,signal_spectrogram.R,fluvial_seismology/scripts/processing/signal_spectrogram.R,958d8de1052a5eb761a432a11de92e21a059f2129adcfb1747f9ec0e8629ca2b,Renamed where needed; scientific source content preserved with trailing whitespace normalized.
taylor-kenyon/FluvialSeismology_Analysis,2764f9454916b0162f98b7221883d75ca742c646,aux_clipspectrogram.R.r,fluvial_seismology/scripts/processing/aux_clipspectrogram.R,d93307220b64b7b7b9c1d239a309d0d5d5e8fa2e2b67634aadc2ef1c02dcb693,Renamed where needed; scientific source content preserved with trailing whitespace normalized.
taylor-kenyon/FluvialSeismology_Analysis,2764f9454916b0162f98b7221883d75ca742c646,GetData.ipynb,fluvial_seismology/notebooks/preparation/download_waveforms.ipynb,8407c8df553d3eacc91d3dc6cde2eea33c4be57579c789f1b2344874f5c66a6a,Renamed; setup/import/path updates; source outputs cleared; source cell indices retained.
taylor-kenyon/FluvialSeismology_Analysis,2764f9454916b0162f98b7221883d75ca742c646,mseed_drive_format.ipynb,fluvial_seismology/notebooks/preparation/format_mseed_files.ipynb,24041e74ac8d278f8012022dfcdf5621ce01efadd8db689d832329c90fec3297,Renamed; setup/import/path updates; source outputs cleared; source cell indices retained.
taylor-kenyon/FluvialSeismology_Analysis,2764f9454916b0162f98b7221883d75ca742c646,Extract_to_Plots.ipynb,fluvial_seismology/notebooks/spectral_analysis/download_and_plot_waveforms.ipynb,e0b6d92e1b07aca60ddb9a498ffbd8b92d66c4ed45a0a12efb77ec59f2061571,Renamed; setup/import/path updates; source outputs cleared; source cell indices retained.
taylor-kenyon/FluvialSeismology_Analysis,2764f9454916b0162f98b7221883d75ca742c646,PrintingSpectra.ipynb,fluvial_seismology/notebooks/spectral_analysis/plot_waveform_spectra.ipynb,ef3a0243f92f4344e0a5f0dfb77769703d85bd42b2a62035c9264bb2e2330983,Renamed; setup/import/path updates; source outputs cleared; source cell indices retained.
taylor-kenyon/FluvialSeismology_Analysis,2764f9454916b0162f98b7221883d75ca742c646,Screening_Tool.ipynb,fluvial_seismology/notebooks/spectral_analysis/screen_waveforms.ipynb,925e4b4bffc60ca4ddd3c5502cd58084a1527e07e78e139b1edf77763892d8ae,Renamed; setup/import/path updates; source outputs cleared; source cell indices retained.
taylor-kenyon/FluvialSeismology_Analysis,2764f9454916b0162f98b7221883d75ca742c646,Screening_Toolbox.ipynb,fluvial_seismology/notebooks/exploratory/screen_waveforms_inline.ipynb,a55f4d7b8df38df995ec59ea128ac1688e74bd1b28250c9d3293a8309f7db20f,Renamed; setup/import/path updates; source outputs cleared; source cell indices retained.
taylor-kenyon/FluvialSeismology_Analysis,2764f9454916b0162f98b7221883d75ca742c646,PPSD.ipynb,fluvial_seismology/notebooks/spectral_analysis/plot_ppsd.ipynb,b4fbf6d9a782584899e35da3095c195ae5459a5421d7231003a440198fb299de,Renamed; setup/import/path updates; source outputs cleared; source cell indices retained.
taylor-kenyon/FluvialSeismology_Analysis,2764f9454916b0162f98b7221883d75ca742c646,calibration_workflow_prelim.ipynb,fluvial_seismology/notebooks/instrument_calibration/instrument_calibration.ipynb,605eb4e204f11ba48d7b4b2d2d887ceeffe57986953855b954e91f69de4abc63,Renamed; setup/import/path updates; source outputs cleared; source cell indices retained.
taylor-kenyon/FluvialSeismology_Analysis,2764f9454916b0162f98b7221883d75ca742c646,R_in_PY.ipynb,fluvial_seismology/notebooks/modelling/fluvial_models_rpy2.ipynb,0376b31e5d18b92d36bf1481143e8c79487531be8daa632630379634e38c36b4,Renamed; setup/import/path updates; source outputs cleared; source cell indices retained.
taylor-kenyon/FluvialSeismology_Analysis,2764f9454916b0162f98b7221883d75ca742c646,obspy.yaml,fluvial_seismology/config/source_environments/obspy_python_3_10_19.yml,4fe7787d9cf2ce4b0dbb7b17696caed55a2c7cbc98b12bc8b77bcae130d55d43,Source environment record; normalized to UTF-8 and removed machine-specific prefix; not a validated portable environment.
taylor-kenyon/FluvialSeismology_Analysis,2764f9454916b0162f98b7221883d75ca742c646,obspy_env.yml,fluvial_seismology/config/source_environments/obspy_python_3_10_10.yml,dca7ad664c7183269b3679e35ca3e3af3383c5a243473eec49fc8783cc958c29,Source environment record; normalized to UTF-8 and removed machine-specific prefix; not a validated portable environment.
taylor-kenyon/FluvialSeismology_Analysis,2764f9454916b0162f98b7221883d75ca742c646,obspy.yml,fluvial_seismology/config/source_environments/obspy_python_3_11_9_windows.yml,9e4a1601c08ed3ba446dbae7a09bde399f6cfeca4f7ca6446b6e8c08b395d5ce,Source environment record; normalized to UTF-8 and removed machine-specific prefix; not a validated portable environment.
taylor-kenyon/FluvialSeismology_Analysis,2764f9454916b0162f98b7221883d75ca742c646,obspy_env_new.yml,fluvial_seismology/config/source_environments/obspy_python_3_10_10_windows.yml,3a826263508cfabebc2aeeeb73a42110a345e72096876d61a2ea413e51086929,Source environment record; normalized to UTF-8 and removed machine-specific prefix; not a validated portable environment.
taylor-kenyon/FluvialSeismology_Analysis,2764f9454916b0162f98b7221883d75ca742c646,LICENSE,licenses/taylor_kenyon_apache_2_0.txt,c71d239df91726fc519c6eb72d318ec65820627232b2f796219e87dcf35d0ab4,"Byte-for-byte source copy; filename retained for data, normalized for source records."
rjost1/FluvialSeismology_Analysis,fce22815c02abd61bebdff692fd49c128feb5f3a,Dilution/dilutionUtils.py,salt_dilution/scripts/processing/dilution_calculations.py,d24aea5143c14898cec347694ff67e419ba52158b5b3ea7c7f719dc62cd6cd83,Renamed; imports and I/O paths adapted; scientific calculations retained.
rjost1/FluvialSeismology_Analysis,fce22815c02abd61bebdff692fd49c128feb5f3a,Dilution/convert_units.py,salt_dilution/scripts/processing/convert_units.py,970a7564348930ece60f79c05459c673b759e69456aca0781b12394cd09d1863,Renamed; imports and I/O paths adapted; scientific calculations retained.
rjost1/FluvialSeismology_Analysis,fce22815c02abd61bebdff692fd49c128feb5f3a,Dilution/date_timeUtils.py,salt_dilution/scripts/processing/datetime_utils.py,fc5aa40704c5c00a313bb846a3f04530ce0ee423bff12d0d951253fceae908b5,Renamed; imports and I/O paths adapted; scientific calculations retained.
rjost1/FluvialSeismology_Analysis,fce22815c02abd61bebdff692fd49c128feb5f3a,Dilution/parse_aquatroll_CLI.py,salt_dilution/scripts/parsers/parse_aquatroll_filename_cli.py,dfcd592b97598b11d379f4706b7e3e51741ed39e74d6d29a3c3d592604f4f27a,Renamed; imports and I/O paths adapted; scientific calculations retained.
rjost1/FluvialSeismology_Analysis,fce22815c02abd61bebdff692fd49c128feb5f3a,Dilution/parse_aquatroll_log_CLI.py,salt_dilution/scripts/parsers/parse_aquatroll_metadata_cli.py,be96ebf3a9e416c90babba71ae865045300624430f4a3cbea633252433c539c6,Renamed; imports and I/O paths adapted; scientific calculations retained.
rjost1/FluvialSeismology_Analysis,fce22815c02abd61bebdff692fd49c128feb5f3a,Dilution/parse_aquatroll_log.py,salt_dilution/scripts/parsers/parse_aquatroll_interactive.py,fc2f419ea9a045a5298d9d3496fb4de6c124b52947e672e2e177e7581e187e2c,Renamed; imports and I/O paths adapted; scientific calculations retained.
rjost1/FluvialSeismology_Analysis,fce22815c02abd61bebdff692fd49c128feb5f3a,Dilution/salt_in_solution.py,salt_dilution/scripts/experimental/salt_dilution_prototype.py,69180280918a273ae8b622ae040e26e920805b021a2d41d58128c429a322d25b,Renamed; imports and I/O paths adapted; scientific calculations retained.
rjost1/FluvialSeismology_Analysis,fce22815c02abd61bebdff692fd49c128feb5f3a,Dilution/analysis_script.py,salt_dilution/scripts/experimental/run_dilution_prototype.py,2b21788be4f5d820bc55088c7683af4ca328c51b10f660a84c6e194772059c44,Renamed; imports and I/O paths adapted; scientific calculations retained.
rjost1/FluvialSeismology_Analysis,fce22815c02abd61bebdff692fd49c128feb5f3a,Dilution/20250724_solution_injection_analysis.ipynb,salt_dilution/notebooks/salt_dilution_discharge.ipynb,1995765f81041206494e65e6fea15bdd243f4af759bd907790320bd71a11caaf,Renamed; setup/import/path updates; source outputs cleared; source cell indices retained.
rjost1/FluvialSeismology_Analysis,fce22815c02abd61bebdff692fd49c128feb5f3a,Dilution/DilutionAnalysis.ipynb,salt_dilution/notebooks/exploratory/explore_salt_dilution.ipynb,e3a6a63f515319d1123b94f0fb6276e342361c5fcc269922458c31cacdb6f553,Renamed; setup/import/path updates; source outputs cleared; source cell indices retained.
rjost1/FluvialSeismology_Analysis,fce22815c02abd61bebdff692fd49c128feb5f3a,Dilution/dilutionUtils_testing.ipynb,salt_dilution/notebooks/exploratory/check_dilution_calculations.ipynb,708c0433058d67f7eca0988424be26a2678abd9c6b543bc1f181ecfb29d8ed3b,Renamed; setup/import/path updates; source outputs cleared; source cell indices retained.
rjost1/FluvialSeismology_Analysis,fce22815c02abd61bebdff692fd49c128feb5f3a,Dilution/dil_config.ini,salt_dilution/config/dilution_draft.ini,50c7705f9d2507a493a3417befaac3a41b909cfd7d9070ea5fe064808521b1d6,Renamed; July 24 input paths resolved relative to the configuration file; settings retained.
rjost1/FluvialSeismology_Analysis,fce22815c02abd61bebdff692fd49c128feb5f3a,Dilution/output/20250724_trial1_solution_injection_config.ini,salt_dilution/config/2025-07-24_trial_01.ini,bad66307fe9401576b0b3602e7904ea7851e3f277e9941e8fc7eefe535316d29,Renamed; July 24 input paths resolved relative to the configuration file; settings retained.
rjost1/FluvialSeismology_Analysis,fce22815c02abd61bebdff692fd49c128feb5f3a,Dilution/20250709_trial2_calibration.csv,salt_dilution/data/examples/20250709_trial2_calibration.csv,dac1895b2f9c08f2fb0b42e5b67955c0a6a1170f59e83c736daa6028e3a8fa9e,"Byte-for-byte source copy; filename retained for data, normalized for source records."
rjost1/FluvialSeismology_Analysis,fce22815c02abd61bebdff692fd49c128feb5f3a,Dilution/output/20250709_144014_790478.csv,salt_dilution/data/examples/20250709_144014_790478.csv,1da5d55038505877e93593f4b647335e249c4bb998276d3afac2213a756fc6d0,"Byte-for-byte source copy; filename retained for data, normalized for source records."
rjost1/FluvialSeismology_Analysis,fce22815c02abd61bebdff692fd49c128feb5f3a,Dilution/output/20250709_144014_790478_metadata.csv,salt_dilution/data/examples/20250709_144014_790478_metadata.csv,683f163635ea2b3faa3dcff11d4bd38cabbeb2134bc3ef611f850fbdb8be6667,"Byte-for-byte source copy; filename retained for data, normalized for source records."
rjost1/FluvialSeismology_Analysis,fce22815c02abd61bebdff692fd49c128feb5f3a,Dilution/output/20250709_150524_790478.csv,salt_dilution/data/examples/20250709_150524_790478.csv,1779ea1327cd7bf1d70cbc8059b9f131accb2ecee11de9a5c474241acc2270da,"Byte-for-byte source copy; filename retained for data, normalized for source records."
rjost1/FluvialSeismology_Analysis,fce22815c02abd61bebdff692fd49c128feb5f3a,Dilution/output/20250709_150524_790478_metadata.csv,salt_dilution/data/examples/20250709_150524_790478_metadata.csv,8580d6c4f536cd0e8e2a08795171cb2b0c3ddaa8dd454cd002c2ffd155103b9b,"Byte-for-byte source copy; filename retained for data, normalized for source records."
rjost1/FluvialSeismology_Analysis,fce22815c02abd61bebdff692fd49c128feb5f3a,Dilution/output/20250709_160924_790478.csv,salt_dilution/data/examples/20250709_160924_790478.csv,38a62f89dbd428784790fbb423f12a14a9c4757d353cc29b0537ac7de664bcda,"Byte-for-byte source copy; filename retained for data, normalized for source records."
rjost1/FluvialSeismology_Analysis,fce22815c02abd61bebdff692fd49c128feb5f3a,Dilution/output/20250709_160924_790478_metadata.csv,salt_dilution/data/examples/20250709_160924_790478_metadata.csv,e1dc808ece9b89e97eccd19170701c1a08070f79cdaae47b4dbb66b4c9b02862,"Byte-for-byte source copy; filename retained for data, normalized for source records."
rjost1/FluvialSeismology_Analysis,fce22815c02abd61bebdff692fd49c128feb5f3a,Dilution/output/20250715_171835_790478_calibration.csv,salt_dilution/data/examples/20250715_171835_790478_calibration.csv,4b64069bc7e900f4287a1bd61ef22bdfdbb955fd32392ec8a5259891daf4a779,"Byte-for-byte source copy; filename retained for data, normalized for source records."
rjost1/FluvialSeismology_Analysis,fce22815c02abd61bebdff692fd49c128feb5f3a,Dilution/output/20250724_162611_840058.csv,salt_dilution/data/examples/20250724_162611_840058.csv,8d7497b29bc21bee8c841cbfdbbd2eeab6aeef1104a0f0039db2fde4effeef11,"Byte-for-byte source copy; filename retained for data, normalized for source records."
rjost1/FluvialSeismology_Analysis,fce22815c02abd61bebdff692fd49c128feb5f3a,Dilution/output/20250724_172044_680530_calibration.csv,salt_dilution/data/examples/20250724_172044_680530_calibration.csv,c980a400d018588fb183d828aa89a4c834735545e3fa9822ecdce40cbbfe3f2c,"Byte-for-byte source copy; filename retained for data, normalized for source records."
rjost1/FluvialSeismology_Analysis,fce22815c02abd61bebdff692fd49c128feb5f3a,Dilution/output/20250724_trial1_solution_injection_calibration.csv,salt_dilution/data/examples/20250724_trial1_solution_injection_calibration.csv,78b27adf9b25a4710b253d20fe1de403d5645c1ca1939f9ff19b97b3053f3077,"Byte-for-byte source copy; filename retained for data, normalized for source records."
rjost1/FluvialSeismology_Analysis,fce22815c02abd61bebdff692fd49c128feb5f3a,Dilution/ReadME_CLI.txt,docs/source_notes/aquatroll_cli.txt,dc465b4f94994ff38d28366dc6ce344913c7df5e5eec6123774bfb21d7b81b56,"Byte-for-byte source copy; filename retained for data, normalized for source records."
rjost1/FluvialSeismology_Analysis,fce22815c02abd61bebdff692fd49c128feb5f3a,Dilution/dilutionUtils_README,docs/source_notes/dilution_utils.txt,c0048b269c8a7c026c0c8e5a0e6007538a446b0b2d4ece01bbd9656ebc98cff4,"Byte-for-byte source copy; filename retained for data, normalized for source records."
