probe_sn,site,sample_mL,mL_sol_added,conc_sol_added_mg_mL,SC_us_cm,mg_added,cum_mg_added,mg/L,manual_slope
683231,EC02,282.3,0,5,104.3,0,0,0,0.4754
683231,EC02,287.3,5,5,270,25,25,87.02,0.4754
683231,EC02,292.3,5,5,463,25,50,171.06,0.4754
683231,EC02,297.3,5,5,629,25,75,252.27,0.4754
607927,PR02,317.5,0,5,257,0,0,0,0.4586
607927,PR02,319.5,2,5,323,10,10,31.3,0.4586
607927,PR02,321.5,2,5,391,10,20,62.21,0.4586
607927,PR02,323.5,2,5,459,10,30,92.74,0.4586
607927,PR03,318.6,0,5,272,0,0,0,0.4437
607927,PR03,320.6,2,5,347,10,10,31.19,0.4437
607927,PR03,319.6,2,5,415,10,20,62.58,0.4437
607927,PR03,321.6,2,5,483,10,30,93.28,0.4437
607927,PR04,330.9,0,5,324,0,0,0,0.4638
607927,PR04,332.9,2,5,388,10,10,30.04,0.4638
607927,PR04,334.9,2,5,452,10,20,59.72,0.4638
607927,PR04,336.9,2,5,516,10,30,89.05,0.4638
607927,PR05,355.7,0,5,333,0,0,0,0.445
607927,PR05,357.7,2,5,395,10,10,27.96,0.445
607927,PR05,359.7,2,5,457,10,20,55.6,0.445
607927,PR05,361.7,2,5,518,10,30,82.94,0.445
607927,PR05,363.7,2,5,580,10,40,109.98,0.445
607927,PR05,365.7,2,5,638,10,50,136.72,0.445
607927,PR05,367.7,2,5,700,10,60,163.18,0.445
607927,PR05,369.7,2,5,758,10,70,189.34,0.445
607927,PR06,383.3,0,5,532,0,0,0,0.4362
607927,PR06,385.3,2,5,662,10,10,25.95,0.4362
607927,PR06,389.3,4,5,773,20,30,77.06,0.4362
607927,PR06,393.3,4,5,883,20,50,127.13,0.4362
607927,PR06,397.3,4,5,987,20,70,176.19,0.4362
607927,PR06,401.3,4,5,1092,20,90,224.27,0.4362
607927,PR06,405.3,4,5,1190,20,110,271.4,0.4362
607927,PR06,409.3,4,5,1290,20,130,317.62,0.4362
790481,PR03.5,387.9,0,5,260,0,0,0,0.4737
790481,PR03.5,389.9,2,5,307,10,10,25.65,0.4737
790481,PR03.5,391.9,2,5,370,10,20,51.03,0.4737
790481,PR03.5,393.9,2,5,417,10,30,76.16,0.4737
558407,EC02,322.8,0,5,137,0,0,0,0.4153
558407,EC02,324.8,2,5,206,10,10,30.79,0.4153
558407,EC02,326.8,2,5,281,10,20,61.2,0.4153
558407,EC02,328.8,2,5,356,10,30,91.24,0.4153