Date Time,Pressure (psi) (790481),Temperature (°C) (790481),Depth (ft) (790481),Actual Conductivity (µS/cm) (790481),Specific Conductivity (µS/cm) (790481),Salinity (PSU) (790481),Total Dissolved Solids (ppt) (790481),Resistivity (Ω⋅cm) (790481),Density (g/cm³) (790481),Barometric Pressure (mbar) (670831),Temperature (°C) (670831),Marked
2025-07-17 17:27:36,0.09354289,11.501777,0.21586628,15.634124,21.065023,0.008464714,0.013692265,63962.652,0.9995616,915.99194,28.281603, 
2025-07-17 17:27:37,0.09358612,11.502438,0.21596605,15.633988,21.064484,0.008464465,0.013691914,63963.203,0.99956155,915.9908,28.280329, 
2025-07-17 17:27:38,0.06639889,11.507532,0.15322694,15.64422,21.075508,0.008469729,0.01369908,63921.375,0.99956095,915.9815,28.26274, 
2025-07-17 17:27:39,0.06482001,11.507995,0.14958338,15.644939,21.076225,0.008470073,0.013699546,63918.434,0.9995609,915.98035,28.261253, 
2025-07-17 17:27:40,0.08054784,11.515778,0.18587828,15.655725,21.086529,0.008475029,0.0137062445,63874.41,0.99956006,916.0057,28.252172, 
2025-07-17 17:27:41,0.080896854,11.516385,0.1866837,15.656622,21.08741,0.008475452,0.013706816,63870.742,0.99956,916.007,28.251198, 
2025-07-17 17:27:42,0.08124587,11.516992,0.18748912,15.65752,21.088291,0.008475875,0.013707389,63867.074,0.99955994,916.0084,28.250223, 
2025-07-17 17:27:43,0.08206169,11.521727,0.18937185,15.649622,21.075089,0.0084696775,0.013698807,63899.312,0.99955946,916.0263,28.241573, 
2025-07-17 17:27:44,0.08252127,11.522211,0.19043241,15.649421,21.074554,0.00846943,0.0136984605,63900.133,0.9995594,916.028,28.240822, 
2025-07-17 17:27:45,0.08298084,11.522696,0.19149297,15.6492195,21.074022,0.008469183,0.013698114,63900.953,0.99955934,916.0298,28.24007, 
2025-07-17 17:27:46,0.083253354,11.526427,0.19212192,15.646564,21.06842,0.0084665725,0.013694474,63911.8,0.9995589,916.047,28.231337, 
2025-07-17 17:27:47,0.083298326,11.526776,0.19222572,15.646217,21.067766,0.008466266,0.013694048,63913.215,0.99955887,916.0485,28.230587, 
2025-07-17 17:27:48,0.08100559,11.529977,0.18693487,15.653305,21.075575,0.008469992,0.013699124,63884.273,0.9995585,916.0235,28.213316, 
2025-07-17 17:27:49,0.08087936,11.530266,0.1866436,15.653685,21.07593,0.008470164,0.013699355,63882.723,0.9995585,916.0224,28.212042, 
2025-07-17 17:27:50,0.08075314,11.530556,0.18635231,15.654064,21.076284,0.008470334,0.013699585,63881.17,0.99955845,916.02124,28.210768, 
2025-07-17 17:27:51,0.081059515,11.533347,0.1870594,15.65451,21.075369,0.00846993,0.0136989895,63879.355,0.99955815,916.0032,28.201864, 
2025-07-17 17:27:52,0.08101998,11.533596,0.18696818,15.654716,21.07551,0.00847,0.013699082,63878.516,0.99955815,916.0014,28.200891, 
2025-07-17 17:27:53,0.08098046,11.533846,0.18687695,15.654922,21.075653,0.008470069,0.013699174,63877.676,0.9995581,915.9997,28.199917, 
2025-07-17 17:27:54,0.0825326,11.53679,0.19045886,15.656873,21.076685,0.008470589,0.0136998445,63869.715,0.9995578,916.0179,28.17362, 
2025-07-17 17:27:55,0.08263071,11.537039,0.19068529,15.657003,21.076727,0.008470612,0.013699872,63869.18,0.99955773,916.0185,28.171824, 
2025-07-17 17:27:56,0.08123116,11.539977,0.18745564,15.647909,21.062893,0.008464098,0.0136908805,63906.31,0.99955744,915.99347,28.162548, 
2025-07-17 17:27:57,0.08118032,11.540229,0.18733831,15.647397,21.062067,0.008463711,0.013690344,63908.395,0.99955744,915.9923,28.161348, 
2025-07-17 17:27:58,0.08112947,11.540481,0.18722098,15.646886,21.061243,0.008463323,0.013689809,63910.48,0.9995574,915.9912,28.16015, 
2025-07-17 17:27:59,0.081257105,11.542086,0.18751554,15.642984,21.055122,0.008460445,0.01368583,63926.42,0.99955726,916.0079,28.151596, 
2025-07-17 17:28:00,0.08122933,11.542256,0.18745145,15.642519,21.054403,0.008460106,0.013685362,63928.324,0.9995572,916.0083,28.150848, 
2025-07-17 17:28:01,0.08120156,11.542428,0.18738736,15.642054,21.053684,0.008459768,0.013684895,63930.227,0.9995572,916.00867,28.150099, 
2025-07-17 17:28:02,0.08146804,11.544951,0.18800235,15.649675,21.062576,0.008464,0.013690675,63899.09,0.99955696,916.0093,28.132574, 
2025-07-17 17:28:03,0.08148637,11.545143,0.18804465,15.650018,21.062935,0.008464171,0.013690907,63897.69,0.9995569,916.0097,28.131311, 
2025-07-17 17:28:04,0.08194363,11.546626,0.18909994,15.6489315,21.060669,0.008463115,0.013689435,63902.13,0.9995568,916.05237,28.130724, 
2025-07-17 17:28:05,0.08197757,11.546778,0.18917826,15.649035,21.060726,0.008463144,0.013689472,63901.703,0.9995567,916.055,28.13028, 
2025-07-17 17:28:06,0.082011506,11.54693,0.18925658,15.64914,21.060785,0.008463173,0.0136895105,63901.277,0.9995567,916.0577,28.129835, 
2025-07-17 17:28:07,0.08115547,11.54875,0.18728113,15.648879,21.059448,0.008462559,0.013688641,63902.34,0.99955654,916.0237,28.112646, 
2025-07-17 17:28:08,0.081115425,11.548897,0.18718873,15.648833,21.059307,0.008462494,0.0136885485,63902.527,0.9995565,916.02277,28.111599, 
2025-07-17 17:28:09,0.08107538,11.549045,0.18709631,15.648787,21.059164,0.008462428,0.013688457,63902.72,0.9995565,916.0218,28.11055, 
2025-07-17 17:28:10,0.08099576,11.551034,0.18691263,15.649982,21.059698,0.008462702,0.013688804,63897.836,0.99955624,916.0382,28.092714, 
2025-07-17 17:28:11,0.080969706,11.5512,0.18685251,15.650047,21.059696,0.008462703,0.013688802,63897.57,0.9995562,916.0383,28.091217, 
2025-07-17 17:28:12,0.08142591,11.552418,0.18790531,15.650084,21.059084,0.008462423,0.013688405,63897.42,0.99955606,916.03894,28.073713, 
2025-07-17 17:28:13,0.081452474,11.552541,0.1879666,15.650113,21.059057,0.008462411,0.013688387,63897.3,0.99955606,916.0394,28.072214, 
2025-07-17 17:28:14,0.081479035,11.552663,0.1880279,15.650143,21.05903,0.0084624,0.013688371,63897.18,0.99955606,916.03986,28.070717, 
2025-07-17 17:28:15,0.0820196,11.5540085,0.18927538,15.652601,21.061611,0.008463636,0.013690048,63887.145,0.9995559,916.03107,28.061893, 
2025-07-17 17:28:16,0.082063764,11.55412,0.18937731,15.652751,21.061752,0.008463703,0.013690139,63886.535,0.9995559,916.0305,28.06092, 
2025-07-17 17:28:17,0.082107924,11.554232,0.18947923,15.6529,21.061893,0.008463771,0.01369023,63885.92,0.9995559,916.03,28.059946, 
2025-07-17 17:28:18,0.082929954,11.555583,0.19137622,15.649735,21.056904,0.008461424,0.013686988,63898.844,0.9995557,916.0299,28.04252, 
2025-07-17 17:28:19,0.0829927,11.555699,0.19152105,15.649611,21.056673,0.008461316,0.013686838,63899.35,0.9995557,916.0297,28.041246, 
2025-07-17 17:28:20,0.082223184,11.557287,0.18974526,15.651181,21.057926,0.008461927,0.013687652,63892.94,0.9995556,916.06366,28.04072, 
2025-07-17 17:28:21,0.082195155,11.557418,0.18968059,15.651204,21.057886,0.008461909,0.0136876255,63892.85,0.9995555,916.0658,28.04027, 
2025-07-17 17:28:22,0.08216713,11.557548,0.18961592,15.651226,21.057846,0.008461892,0.013687599,63892.76,0.9995555,916.0679,28.039822, 
2025-07-17 17:28:23,0.08214279,11.558511,0.18955976,15.652891,21.059565,0.008462713,0.013688717,63885.96,0.9995554,916.01654,28.014002, 
2025-07-17 17:28:24,0.08212178,11.558609,0.18951128,15.653032,21.0597,0.008462778,0.0136888055,63885.387,0.9995554,916.01434,28.012428, 
2025-07-17 17:28:25,0.08210077,11.558707,0.1894628,15.653173,21.059837,0.008462844,0.013688894,63884.81,0.9995554,916.0121,28.010857, 
2025-07-17 17:28:26,0.08227145,11.559249,0.1898567,15.652186,21.058218,0.008462084,0.013687842,63888.836,0.99955535,915.9934,28.001852, 
2025-07-17 17:28:27,0.0822806,11.559306,0.18987781,15.652171,21.058165,0.00846206,0.013687808,63888.9,0.99955535,915.991,28.00066, 
2025-07-17 17:28:28,0.08213597,11.560026,0.18954405,15.643688,21.046362,0.008456486,0.013680136,63923.55,0.99955523,916.016,27.991861, 
2025-07-17 17:28:29,0.08213053,11.560084,0.1895315,15.643137,21.04559,0.008456121,0.013679634,63925.8,0.99955523,916.01715,27.99111, 
2025-07-17 17:28:30,0.08212508,11.5601425,0.18951894,15.642586,21.044817,0.008455756,0.013679131,63928.055,0.99955523,916.0183,27.990356, 
2025-07-17 17:28:31,0.08227386,11.560692,0.18986228,15.644551,21.047163,0.008456873,0.013680656,63920.02,0.9995552,915.9755,27.972958, 
2025-07-17 17:28:32,0.08227909,11.560743,0.18987437,15.644453,21.047003,0.008456797,0.013680552,63920.42,0.9995552,915.9736,27.971682, 
2025-07-17 17:28:33,0.08228433,11.560795,0.18988645,15.644355,21.046843,0.008456723,0.013680449,63920.82,0.9995552,915.9717,27.970406, 
2025-07-17 17:28:34,0.08175882,11.561837,0.18867375,15.645125,21.047318,0.008456954,0.013680756,63917.67,0.99955505,916.0238,27.961592, 
2025-07-17 17:28:35,0.08173133,11.5619135,0.1886103,15.645214,21.047396,0.008456991,0.013680807,63917.31,0.99955505,916.0258,27.960619, 
2025-07-17 17:28:36,0.08207378,11.563098,0.18940061,15.653319,21.05766,0.008461859,0.013687479,63884.215,0.99955493,916.0191,27.943396, 
2025-07-17 17:28:37,0.08208251,11.563195,0.18942074,15.653834,21.0583,0.008462163,0.013687896,63882.113,0.99955493,916.0199,27.942123, 
2025-07-17 17:28:38,0.082091235,11.563293,0.18944089,15.654349,21.058939,0.008462466,0.013688311,63880.008,0.99955493,916.02075,27.94085, 
2025-07-17 17:28:39,0.082103565,11.563702,0.18946935,15.645603,21.046953,0.008456802,0.01368052,63915.72,0.9995549,916.0201,27.92335, 
2025-07-17 17:28:40,0.08211308,11.563755,0.18949132,15.645283,21.046492,0.008456585,0.01368022,63917.03,0.9995549,916.01984,27.921864, 
2025-07-17 17:28:41,0.0821226,11.563809,0.18951328,15.644962,21.04603,0.008456367,0.01367992,63918.34,0.9995549,916.01965,27.920378, 
2025-07-17 17:28:42,0.08116242,11.564355,0.1872975,15.650805,21.053595,0.008459952,0.013684836,63894.477,0.9995548,916.01086,27.92045, 
2025-07-17 17:28:43,0.08110528,11.564399,0.18716562,15.650942,21.053755,0.008460028,0.0136849405,63893.918,0.9995548,916.0103,27.920006, 
2025-07-17 17:28:44,0.08241956,11.564965,0.19019859,15.642934,21.042677,0.008454792,0.01367774,63926.63,0.99955475,916.02704,27.90304, 
2025-07-17 17:28:45,0.08247812,11.565014,0.19033374,15.642585,21.042181,0.0084545575,0.013677417,63928.06,0.99955475,916.0279,27.90199, 
2025-07-17 17:28:46,0.08253668,11.565062,0.19046889,15.642235,21.041683,0.008454323,0.013677094,63929.484,0.99955475,916.0287,27.900942, 
2025-07-17 17:28:47,0.08152586,11.5654545,0.18813622,15.6475935,21.048681,0.008457638,0.013681643,63907.59,0.9995547,916.0291,27.883368, 
2025-07-17 17:28:48,0.081498414,11.565493,0.18807289,15.647713,21.04882,0.008457705,0.013681734,63907.1,0.9995547,916.0296,27.881882, 
2025-07-17 17:28:49,0.08147097,11.565531,0.18800955,15.647832,21.04896,0.0084577715,0.013681824,63906.617,0.9995547,916.03,27.880396, 
2025-07-17 17:28:50,0.08260076,11.566087,0.19061676,15.644839,21.044634,0.008455729,0.013679014,63918.844,0.99955463,915.98553,27.87161, 
2025-07-17 17:28:51,0.082643814,11.56613,0.19071612,15.644791,21.044546,0.008455687,0.013678955,63919.043,0.99955463,915.98285,27.870636, 
2025-07-17 17:28:52,0.08193434,11.566535,0.1890789,15.645258,21.044954,0.008455886,0.01367922,63917.13,0.9995546,916.00696,27.853413, 
2025-07-17 17:28:53,0.08191835,11.566573,0.18904199,15.64521,21.044868,0.0084558455,0.013679164,63917.324,0.9995546,916.0074,27.852137, 
2025-07-17 17:28:54,0.08190236,11.566611,0.18900509,15.645162,21.044783,0.0084558055,0.0136791095,63917.523,0.9995546,916.0078,27.85086, 
2025-07-17 17:28:55,0.080980204,11.567155,0.18687706,15.644243,21.043255,0.008455087,0.013678116,63921.273,0.9995545,916.00885,27.833298, 
2025-07-17 17:28:56,0.08090629,11.567198,0.18670648,15.644199,21.043173,0.008455049,0.013678062,63921.453,0.9995545,916.0095,27.831799, 
2025-07-17 17:28:57,0.08083238,11.567241,0.18653591,15.644156,21.04309,0.008455011,0.013678009,63921.633,0.9995545,916.0102,27.830301, 
2025-07-17 17:28:58,0.08071475,11.568365,0.1862645,15.646955,21.04625,0.008456516,0.013680061,63910.2,0.99955434,916.0097,27.821672, 
2025-07-17 17:28:59,0.08068425,11.568445,0.18619414,15.647096,21.046396,0.008456587,0.013680157,63909.62,0.99955434,916.0097,27.820704, 
2025-07-17 17:29:00,0.08183101,11.568416,0.18884048,15.64813,21.0478,0.008457251,0.013681071,63905.4,0.9995544,916.01825,27.803406, 
2025-07-17 17:29:01,0.08189989,11.5684395,0.18899944,15.648259,21.047962,0.008457327,0.013681175,63904.87,0.9995544,916.0188,27.802122, 
2025-07-17 17:29:02,0.08196877,11.568463,0.1891584,15.648389,21.048122,0.008457404,0.01368128,63904.344,0.9995544,916.01935,27.80084, 
2025-07-17 17:29:03,0.08145074,11.569079,0.18796295,15.643679,21.041454,0.008454258,0.013676946,63923.586,0.9995543,916.00214,27.791939, 
2025-07-17 17:29:04,0.08144875,11.569116,0.18795836,15.643418,21.041084,0.0084540825,0.013676706,63924.652,0.9995543,916.0013,27.790958, 
2025-07-17 17:29:05,0.08144677,11.569152,0.18795379,15.643157,21.040714,0.008453908,0.0136764655,63925.715,0.9995543,916.0005,27.78998, 
2025-07-17 17:29:06,0.081418656,11.569711,0.18788894,15.641188,21.037764,0.008452518,0.013674547,63933.766,0.9995542,916.009,27.772596, 
2025-07-17 17:29:07,0.08140458,11.56976,0.18785645,15.640952,21.03742,0.008452356,0.013674323,63934.727,0.9995542,916.00903,27.771322, 
2025-07-17 17:29:08,0.08200682,11.570327,0.18924624,15.644119,21.041372,0.008454234,0.013676893,63921.785,0.99955416,916.00085,27.753819, 
2025-07-17 17:29:09,0.08204414,11.5703745,0.18933235,15.644271,21.041552,0.008454319,0.013677008,63921.164,0.99955416,916.00055,27.752321, 
2025-07-17 17:29:10,0.08208145,11.570423,0.18941848,15.644423,21.041729,0.008454404,0.013677124,63920.547,0.99955416,916.00024,27.750822, 
2025-07-17 17:29:11,0.08097085,11.570905,0.18685555,15.646085,21.043707,0.008455339,0.013678409,63913.754,0.9995541,915.9828,27.741962, 
2025-07-17 17:29:12,0.080918625,11.570948,0.18673503,15.646266,21.043926,0.008455444,0.013678553,63913.01,0.9995541,915.9815,27.74099, 
2025-07-17 17:29:13,0.0808664,11.5709915,0.1866145,15.646448,21.044147,0.008455548,0.013678696,63912.27,0.9995541,915.9802,27.740015, 
2025-07-17 17:29:14,0.081754304,11.570819,0.18866353,15.640557,21.036316,0.0084518455,0.013673605,63936.344,0.9995541,916.0066,27.722609, 
2025-07-17 17:29:15,0.08177928,11.570821,0.18872115,15.640249,21.035902,0.00845165,0.013673336,63937.6,0.9995541,916.0077,27.721334, 
2025-07-17 17:29:16,0.08196423,11.571435,0.18914798,15.646208,21.043585,0.008455288,0.01367833,63913.25,0.99955404,916.0001,27.712292, 
2025-07-17 17:29:17,0.08199707,11.571469,0.18922375,15.6464405,21.043879,0.008455427,0.013678521,63912.3,0.99955404,916.00024,27.711317, 
2025-07-17 17:29:18,0.08202991,11.571504,0.18929954,15.646673,21.044172,0.008455567,0.013678713,63911.35,0.99955404,916.0004,27.710342, 
2025-07-17 17:29:19,0.08186773,11.572151,0.1889253,15.649154,21.04716,0.0084569855,0.013680654,63901.22,0.999554,916.0345,27.701674, 
2025-07-17 17:29:20,0.081862256,11.572206,0.18891264,15.649457,21.047537,0.008457164,0.013680899,63899.98,0.999554,916.0364,27.700924, 
2025-07-17 17:29:21,0.08185677,11.572261,0.1889,15.649759,21.047915,0.008457344,0.013681144,63898.746,0.999554,916.0382,27.700174, 
2025-07-17 17:29:22,0.081313305,11.572579,0.18764585,15.639357,21.03375,0.008450649,0.013671938,63941.25,0.9995539,916.0124,27.691425, 
2025-07-17 17:29:23,0.08127708,11.572615,0.18756226,15.638802,21.032986,0.008450287,0.01367144,63943.52,0.9995539,916.0117,27.690676, 
2025-07-17 17:29:24,0.08230097,11.572625,0.18992507,15.6469555,21.043947,0.00845547,0.013678565,63910.2,0.9995539,915.9856,27.673544, 
2025-07-17 17:29:25,0.08235135,11.572634,0.19004133,15.647215,21.04429,0.008455633,0.013678789,63909.137,0.9995539,915.9834,27.672281, 
2025-07-17 17:29:26,0.08240173,11.572642,0.1901576,15.647474,21.044636,0.008455796,0.013679013,63908.08,0.9995539,915.98114,27.671019, 
2025-07-17 17:29:27,0.08046542,11.57287,0.18568921,15.642402,21.037687,0.008452513,0.013674498,63928.805,0.9995539,915.9979,27.661982, 
2025-07-17 17:29:28,0.08037218,11.572885,0.18547402,15.642296,21.037539,0.0084524425,0.0136744,63929.24,0.9995539,915.9983,27.661007, 
2025-07-17 17:29:29,0.080278926,11.572899,0.18525882,15.642189,21.037388,0.008452372,0.013674302,63929.668,0.9995539,915.9987,27.660032, 
2025-07-17 17:29:30,0.08024498,11.573626,0.18518053,15.642351,21.037212,0.008452299,0.013674188,63929.008,0.9995538,915.97284,27.651424, 
2025-07-17 17:29:31,0.08019324,11.573674,0.18506111,15.642231,21.037024,0.008452211,0.0136740655,63929.5,0.9995538,915.97174,27.650673, 
2025-07-17 17:29:32,0.08146033,11.574002,0.18798517,15.645421,21.041138,0.008454158,0.013676739,63916.465,0.9995538,915.9708,27.633482, 
2025-07-17 17:29:33,0.08153899,11.574039,0.1881667,15.645627,21.041395,0.00845428,0.013676906,63915.625,0.9995538,915.97015,27.632206, 
2025-07-17 17:29:34,0.081617646,11.574077,0.1883482,15.645833,21.041653,0.008454402,0.013677073,63914.78,0.9995538,915.9695,27.630932, 
2025-07-17 17:29:35,0.080769114,11.574472,0.18639007,15.644715,21.039934,0.008453592,0.013675956,63919.35,0.99955374,915.95245,27.63061, 
2025-07-17 17:29:36,0.08074944,11.574505,0.18634465,15.644727,21.039932,0.008453591,0.013675956,63919.3,0.99955374,915.9514,27.63016, 
2025-07-17 17:29:37,0.08072975,11.574537,0.18629925,15.644739,21.039932,0.008453591,0.013675955,63919.25,0.99955374,915.9504,27.62971, 
2025-07-17 17:29:38,0.08095522,11.574939,0.18681955,15.640762,21.034367,0.0084509645,0.013672338,63935.5,0.9995536,915.9502,27.612415, 
2025-07-17 17:29:39,0.08094769,11.574973,0.18680218,15.640499,21.033993,0.0084507875,0.013672095,63936.58,0.9995536,915.9497,27.611366, 
2025-07-17 17:29:40,0.08140905,11.5752125,0.18786687,15.642491,21.036545,0.008451999,0.0136737535,63928.434,0.99955356,915.9413,27.602322, 
2025-07-17 17:29:41,0.081443794,11.575237,0.18794703,15.642524,21.036575,0.008452014,0.013673773,63928.3,0.99955356,915.9408,27.601349, 
2025-07-17 17:29:42,0.081478536,11.575261,0.18802722,15.642556,21.036606,0.008452029,0.0136737935,63928.168,0.99955356,915.94025,27.600374, 
2025-07-17 17:29:43,0.081410944,11.575421,0.18787125,15.638791,21.031456,0.008449594,0.013670446,63943.562,0.99955356,915.9658,27.600307, 
2025-07-17 17:29:44,0.081418365,11.575437,0.18788837,15.638614,21.031208,0.008449476,0.013670286,63944.285,0.99955356,915.96716,27.600082, 
2025-07-17 17:29:45,0.081425786,11.575452,0.1879055,15.638436,21.030962,0.00844936,0.013670126,63945.01,0.99955356,915.9685,27.59986, 
2025-07-17 17:29:46,0.08166112,11.575531,0.18844858,15.6373005,21.02939,0.0084486175,0.013669103,63949.656,0.99955356,915.9866,27.582424, 
2025-07-17 17:29:47,0.08167368,11.57554,0.18847756,15.637137,21.029165,0.008448511,0.013668957,63950.324,0.99955356,915.9883,27.581377, 
2025-07-17 17:29:48,0.0818118,11.575843,0.18879631,15.628505,21.017393,0.008442945,0.013661305,63985.652,0.9995535,916.0141,27.572424, 
2025-07-17 17:29:49,0.08182601,11.575863,0.1888291,15.627952,21.01664,0.008442588,0.013660816,63987.914,0.9995535,916.01605,27.57146, 
2025-07-17 17:29:50,0.08184021,11.575884,0.18886188,15.6273985,21.015884,0.0084422305,0.013660325,63990.176,0.9995535,916.01807,27.5705, 
2025-07-17 17:29:51,0.082760416,11.575814,0.19098543,15.642571,21.036327,0.0084518995,0.013673613,63928.113,0.9995535,915.97565,27.56172, 
2025-07-17 17:29:52,0.08282034,11.575817,0.19112372,15.643297,21.037302,0.0084523605,0.013674246,63925.145,0.9995535,915.97363,27.560968, 
2025-07-17 17:29:53,0.08288027,11.57582,0.19126202,15.644024,21.038277,0.0084528215,0.013674879,63922.18,0.9995535,915.9716,27.560219, 
2025-07-17 17:29:54,0.081818335,11.576384,0.1888114,15.646388,21.041151,0.008454189,0.013676749,63912.52,0.99955344,915.9797,27.533936, 
2025-07-17 17:29:55,0.08177855,11.576416,0.1887196,15.64692,21.041851,0.00845452,0.013677203,63910.34,0.99955344,915.97906,27.532135, 
2025-07-17 17:29:56,0.08173876,11.5764475,0.18862778,15.647453,21.04255,0.008454851,0.013677658,63908.164,0.99955344,915.97845,27.530334, 
2025-07-17 17:29:57,0.08154446,11.576526,0.18817939,15.6404705,21.033115,0.00845039,0.013671525,63936.7,0.99955344,915.97955,27.530506, 
2025-07-17 17:29:58,0.08150713,11.576545,0.18809323,15.640138,21.032658,0.008450174,0.013671227,63938.06,0.99955344,915.9798,27.529833, 
2025-07-17 17:29:59,0.080920175,11.576471,0.18673873,15.642321,21.035633,0.008451579,0.013673161,63929.133,0.99955344,915.97974,27.521446, 
2025-07-17 17:30:00,0.08088019,11.576468,0.18664646,15.642297,21.035603,0.008451565,0.013673142,63929.23,0.99955344,915.97974,27.520927, 
2025-07-17 17:30:01,0.0808402,11.576467,0.18655418,15.642274,21.035572,0.008451551,0.013673122,63929.324,0.99955344,915.97974,27.520409, 
2025-07-17 17:30:02,0.08143735,11.576538,0.1879322,15.642097,21.035297,0.00845142,0.013672944,63930.047,0.99955344,915.98846,27.502691, 
2025-07-17 17:30:03,0.0814586,11.57654,0.18798123,15.642139,21.035355,0.008451446,0.0136729805,63929.875,0.99955344,915.989,27.501408, 
2025-07-17 17:30:04,0.080897495,11.576844,0.18668638,15.640241,21.032637,0.008450164,0.013671214,63937.637,0.99955344,915.93884,27.492376, 
2025-07-17 17:30:05,0.08087708,11.576864,0.18663928,15.640115,21.032455,0.00845008,0.013671096,63938.152,0.99955344,915.936,27.491398, 
2025-07-17 17:30:06,0.08085667,11.576885,0.18659219,15.639989,21.032274,0.008449994,0.013670978,63938.668,0.99955344,915.93304,27.49042, 
2025-07-17 17:30:07,0.08016682,11.576971,0.18500021,15.637455,21.028822,0.008448361,0.013668735,63949.023,0.9995534,915.94025,27.481737, 
2025-07-17 17:30:08,0.08011037,11.576984,0.18486995,15.637253,21.028542,0.008448229,0.013668553,63949.855,0.9995534,915.93945,27.480988, 
2025-07-17 17:30:09,0.08005392,11.576997,0.18473968,15.63705,21.028263,0.008448097,0.013668371,63950.684,0.9995534,915.93866,27.480238, 
2025-07-17 17:30:10,0.080736056,11.577248,0.18631384,15.63797,21.029364,0.008448621,0.013669088,63946.918,0.9995534,915.92194,27.46275, 
2025-07-17 17:30:11,0.0807593,11.577265,0.1863675,15.63796,21.02934,0.00844861,0.013669073,63946.957,0.9995534,915.92114,27.461477, 
2025-07-17 17:30:12,0.08039758,11.576954,0.18553273,15.634191,21.02444,0.00844629,0.0136658875,63962.38,0.99955344,915.9625,27.460798, 
2025-07-17 17:30:13,0.08039098,11.57694,0.1855175,15.633977,21.02416,0.008446158,0.013665705,63963.254,0.99955344,915.96466,27.46035, 
2025-07-17 17:30:14,0.08038438,11.576926,0.18550228,15.633763,21.023882,0.008446025,0.013665523,63964.125,0.99955344,915.96686,27.459902, 
2025-07-17 17:30:15,0.08037047,11.577074,0.18547018,15.636929,21.028055,0.008448003,0.013668236,63951.176,0.9995534,915.9767,27.442846, 
2025-07-17 17:30:16,0.080360144,11.577075,0.18544635,15.637027,21.028187,0.008448065,0.013668322,63950.773,0.9995534,915.97833,27.441797, 
2025-07-17 17:30:17,0.08034982,11.577076,0.18542252,15.637125,21.028318,0.008448127,0.013668408,63950.375,0.9995534,915.98,27.440748, 
2025-07-17 17:30:18,0.080355644,11.577256,0.18543597,15.635323,21.025799,0.0084469365,0.0136667695,63957.746,0.9995534,915.92694,27.431747, 
2025-07-17 17:30:19,0.080355644,11.5772705,0.18543597,15.635294,21.025753,0.008446915,0.01366674,63957.863,0.9995534,915.924,27.430773, 
2025-07-17 17:30:20,0.080355644,11.577286,0.18543597,15.635265,21.025705,0.008446894,0.013666709,63957.98,0.9995534,915.9211,27.429798, 
2025-07-17 17:30:21,0.08096495,11.577364,0.18684207,15.640451,21.032639,0.008450172,0.013671215,63936.773,0.9995534,916.00104,27.421251, 
2025-07-17 17:30:22,0.081000745,11.5773735,0.18692467,15.640712,21.032984,0.008450335,0.013671439,63935.71,0.9995534,916.00446,27.420504, 
2025-07-17 17:30:23,0.079858266,11.577374,0.18428817,15.641626,21.034214,0.008450916,0.013672239,63931.97,0.9995534,915.9811,27.411758, 
2025-07-17 17:30:24,0.07980285,11.577376,0.18416029,15.641807,21.034454,0.00845103,0.013672396,63931.234,0.9995534,915.9815,27.41101, 
2025-07-17 17:30:25,0.07974743,11.577378,0.1840324,15.641986,21.034695,0.008451143,0.013672552,63930.5,0.9995534,915.982,27.410263, 
2025-07-17 17:30:26,0.08058478,11.57689,0.18596475,15.642083,21.035088,0.008451326,0.013672806,63930.105,0.99955344,916.0417,27.401505, 
2025-07-17 17:30:27,0.08060629,11.57686,0.18601437,15.642113,21.035143,0.008451352,0.013672843,63929.984,0.99955344,916.0447,27.400755, 
2025-07-17 17:30:28,0.08062779,11.576832,0.186064,15.642142,21.035198,0.008451378,0.013672879,63929.863,0.99955344,916.04767,27.400005, 
2025-07-17 17:30:29,0.07977643,11.577144,0.18409932,15.641561,21.03425,0.008450932,0.013672263,63932.24,0.9995534,916.00385,27.391258, 
2025-07-17 17:30:30,0.07974688,11.577149,0.18403113,15.641532,21.034208,0.008450911,0.013672235,63932.355,0.9995534,916.0028,27.390509, 
2025-07-17 17:30:31,0.080154166,11.57716,0.18497103,15.637509,21.028793,0.00844835,0.013668715,63948.805,0.9995534,916.02704,27.381762, 
2025-07-17 17:30:32,0.080158584,11.5771675,0.18498123,15.63725,21.028439,0.008448184,0.013668486,63949.863,0.9995534,916.0275,27.381012, 
2025-07-17 17:30:33,0.080163,11.577175,0.18499142,15.636991,21.028086,0.008448017,0.013668256,63950.926,0.9995534,916.02795,27.380262, 
2025-07-17 17:30:34,0.07882774,11.577585,0.18191007,15.644001,21.037292,0.0084523745,0.01367424,63922.27,0.9995533,916.0027,27.362772, 
2025-07-17 17:30:35,0.07875789,11.57761,0.18174888,15.64432,21.037706,0.008452571,0.013674509,63920.965,0.9995533,916.00183,27.361498, 
2025-07-17 17:30:36,0.07868805,11.577635,0.1815877,15.644639,21.038122,0.008452768,0.013674779,63919.664,0.9995533,916.0009,27.360224, 
2025-07-17 17:30:37,0.080292836,11.577216,0.18529105,15.641275,21.033827,0.00845073,0.013671988,63933.406,0.9995534,915.98254,27.3515, 
2025-07-17 17:30:38,0.08035251,11.577202,0.18542874,15.641254,21.033806,0.0084507195,0.013671974,63933.492,0.9995534,915.98083,27.35053, 
2025-07-17 17:30:39,0.08212649,11.577037,0.18952255,15.638688,21.030443,0.008449128,0.013669788,63943.984,0.9995534,915.99756,27.341759, 
2025-07-17 17:30:40,0.08227326,11.577017,0.18986125,15.638451,21.030134,0.008448983,0.013669588,63944.953,0.9995534,915.99817,27.341007, 
2025-07-17 17:30:41,0.08242003,11.576997,0.19019996,15.638213,21.029825,0.008448836,0.0136693865,63945.926,0.9995534,915.9988,27.340254, 
2025-07-17 17:30:42,0.08097909,11.5773325,0.1868747,15.633369,21.023132,0.0084456755,0.013665036,63965.742,0.9995534,915.9992,27.322857, 
2025-07-17 17:30:43,0.080938675,11.577348,0.18678144,15.633016,21.022648,0.008445446,0.0136647215,63967.188,0.9995534,915.99963,27.321594, 
2025-07-17 17:30:44,0.08089826,11.577364,0.18668818,15.632662,21.022163,0.008445218,0.013664407,63968.633,0.9995534,916.0001,27.32033, 
2025-07-17 17:30:45,0.07960104,11.577029,0.18369457,15.641019,21.033583,0.008450615,0.0136718275,63934.457,0.9995534,915.9997,27.320383, 
2025-07-17 17:30:46,0.07949023,11.577018,0.18343885,15.64139,21.034088,0.008450855,0.013672156,63932.938,0.9995534,915.9997,27.319939, 
2025-07-17 17:30:47,0.08124288,11.577086,0.18748344,15.636334,21.02725,0.008447621,0.013667714,63953.61,0.9995534,915.99115,27.311474, 
2025-07-17 17:30:48,0.0813193,11.577083,0.1876598,15.636227,21.027107,0.008447553,0.01366762,63954.05,0.9995534,915.99066,27.310955, 
2025-07-17 17:30:49,0.08139573,11.577079,0.18783617,15.636118,21.026964,0.008447485,0.013667527,63954.492,0.9995534,915.9901,27.310436, 
2025-07-17 17:30:50,0.08151091,11.5766115,0.18810195,15.64648,21.041153,0.00845419,0.01367675,63912.145,0.99955344,915.9987,27.301517, 
2025-07-17 17:30:51,0.08156104,11.576585,0.18821764,15.646983,21.041843,0.0084545165,0.013677199,63910.086,0.99955344,915.999,27.300766, 
2025-07-17 17:30:52,0.081611164,11.576558,0.18833332,15.647488,21.042536,0.008454843,0.013677649,63908.027,0.99955344,915.9993,27.300013, 
2025-07-17 17:30:53,0.08185648,11.576231,0.18889943,15.641054,21.034061,0.008450834,0.0136721395,63934.31,0.9995535,916.01733,27.291317, 
2025-07-17 17:30:54,0.08187462,11.5762,0.18894129,15.640946,21.033932,0.008450773,0.013672056,63934.754,0.9995535,916.01855,27.290573, 
2025-07-17 17:30:55,0.07693603,11.576585,0.17754455,15.651644,21.048111,0.008457482,0.013681272,63891.06,0.99955344,915.98474,27.273201, 
2025-07-17 17:30:56,0.076636784,11.576601,0.17685397,15.652158,21.048794,0.008457805,0.013681715,63888.957,0.99955344,915.9831,27.271917, 
2025-07-17 17:30:57,0.07633753,11.576616,0.1761634,15.652672,21.049477,0.008458127,0.013682159,63886.86,0.99955344,915.9814,27.270634, 
2025-07-17 17:30:58,0.059290305,11.574169,0.13682356,16.802631,22.597357,0.009191684,0.014688282,59557.96,0.99955434,915.98944,27.26178, 
2025-07-17 17:30:59,0.058138985,11.574033,0.13416667,16.872002,22.690725,0.0092359325,0.014748972,59296.74,0.9995544,915.989,27.2608, 
2025-07-17 17:31:00,0.05698767,11.573895,0.13150978,16.94137,22.784094,0.00928018,0.014809661,59035.516,0.99955446,915.98865,27.25982, 
2025-07-17 17:31:01,0.029084984,11.571113,0.067118965,20.098068,27.031448,0.011305123,0.01757044,49963.89,0.99955636,916.034,27.251291, 
2025-07-17 17:31:02,0.027001886,11.570887,0.062311817,20.313326,27.321093,0.0114431,0.017758708,49319.184,0.9995565,916.0368,27.250544, 
2025-07-17 17:31:03,0.05596842,11.576266,0.12915738,21.691984,29.171265,0.0123291295,0.018961322,46219.875,0.9995566,915.99524,27.233246, 
2025-07-17 17:31:04,0.05708276,11.57653,0.13172893,21.851183,29.385174,0.012431353,0.019100362,45815.14,0.9995566,915.9938,27.231972, 
2025-07-17 17:31:05,0.058197107,11.576795,0.13430047,22.010384,29.599083,0.012533576,0.019239403,45410.402,0.99955666,915.99225,27.230698, 
2025-07-17 17:31:06,0.073527016,11.577325,0.16967706,21.95805,29.528305,0.01249978,0.0191934,45547.113,0.99955654,915.99976,27.230528, 
2025-07-17 17:31:07,0.07517749,11.577492,0.17348585,21.99012,29.571312,0.01252038,0.019221354,45475.85,0.99955654,915.99915,27.230078, 
2025-07-17 17:31:08,0.076827966,11.57766,0.17729461,22.022188,29.614319,0.01254098,0.019249309,45404.59,0.99955654,915.99854,27.22963, 
2025-07-17 17:31:09,0.07596624,11.578507,0.17530604,22.052193,29.654015,0.012560049,0.019275108,45347,0.9995565,916.0262,27.212212, 
2025-07-17 17:31:10,0.07632168,11.578575,0.17612627,22.054754,29.657406,0.012561677,0.019277314,45341.723,0.9995565,916.028,27.211163, 
2025-07-17 17:31:11,0.076810814,11.580157,0.17725508,22.063602,29.668098,0.012566827,0.019284265,45323.53,0.9995563,916.0116,27.202135, 
2025-07-17 17:31:12,0.07683722,11.580277,0.17731601,22.065516,29.67058,0.012568019,0.019285878,45319.59,0.9995563,916.0112,27.20116, 
2025-07-17 17:31:13,0.076863624,11.580398,0.17737696,22.067429,29.673063,0.0125692105,0.019287491,45315.65,0.9995563,916.01086,27.200186, 
2025-07-17 17:31:14,0.07567087,11.581675,0.17462447,22.049143,29.647501,0.012556978,0.019270875,45353.24,0.9995561,916.02765,27.182838, 
2025-07-17 17:31:15,0.07561289,11.581792,0.17449066,22.048267,29.646235,0.012556372,0.019270051,45355.04,0.9995561,916.02826,27.181564, 
2025-07-17 17:31:16,0.0755549,11.581908,0.17435686,22.047392,29.644968,0.012555767,0.019269228,45356.84,0.9995561,916.0289,27.18029, 
2025-07-17 17:31:17,0.07619084,11.583183,0.17582445,22.0411,29.635538,0.012551266,0.0192631,45369.79,0.99955595,915.9938,27.171495, 
2025-07-17 17:31:18,0.07619836,11.583293,0.17584181,22.040287,29.634361,0.012550704,0.019262336,45371.46,0.99955595,915.9921,27.17052, 
2025-07-17 17:31:19,0.07068412,11.583793,0.1631167,22.02305,29.610804,0.012539418,0.019247023,45406.977,0.9995558,916.0167,27.161804, 
2025-07-17 17:31:20,0.070360474,11.583855,0.16236982,22.021843,29.609137,0.01253862,0.01924594,45409.46,0.9995558,916.0174,27.161055, 
2025-07-17 17:31:21,0.07003682,11.583917,0.16162293,22.020638,29.607468,0.012537821,0.019244853,45411.945,0.9995558,916.01807,27.160305, 
2025-07-17 17:31:22,0.013298247,11.581444,0.030688163,22.059078,29.661036,0.012563464,0.019279672,45332.832,0.9995561,916.0363,27.160267, 
2025-07-17 17:31:23,0.009744248,11.581308,0.022486655,22.060953,29.66366,0.012564721,0.019281378,45328.973,0.9995562,916.038,27.160042, 
2025-07-17 17:31:24,0.00619025,11.581172,0.014285146,22.062828,29.666285,0.012565977,0.019283084,45325.113,0.9995562,916.03973,27.159819, 
2025-07-17 17:31:25,0.06926497,11.581073,0.15984172,21.737097,29.22837,0.0123560475,0.018998442,46005.543,0.999556,915.9949,27.142235, 
2025-07-17 17:31:26,0.071541406,11.581005,0.165095,21.718824,29.203854,0.012344292,0.018982505,46043.742,0.999556,915.99274,27.141186, 
2025-07-17 17:31:27,0.076615304,11.581936,0.17680398,21.71568,29.198927,0.012341945,0.018979304,46050.094,0.9995559,916.0085,27.140688, 
2025-07-17 17:31:28,0.0784075,11.581991,0.18093981,21.707798,29.188288,0.012336846,0.01897239,46066.543,0.9995559,916.0084,27.140238, 
2025-07-17 17:31:29,0.0801997,11.582046,0.18507566,21.699917,29.17765,0.012331747,0.018965473,46082.992,0.9995559,916.00836,27.139788, 
2025-07-17 17:31:30,0.08028411,11.582777,0.18527044,21.705925,29.18518,0.0123353675,0.018970368,46070.37,0.9995558,915.9918,27.113995, 
2025-07-17 17:31:31,0.08041276,11.582844,0.18556733,21.706207,29.18551,0.012335527,0.018970583,46069.77,0.9995558,915.9912,27.11244, 
2025-07-17 17:31:32,0.08054142,11.582911,0.18586423,21.70649,29.185839,0.012335686,0.018970797,46069.17,0.9995558,915.9906,27.110884, 
2025-07-17 17:31:33,0.079300664,11.58371,0.18300098,21.703,29.18055,0.012333162,0.018967357,46076.58,0.9995557,915.94586,27.101774, 
2025-07-17 17:31:34,0.07925064,11.583776,0.18288554,21.702852,29.1803,0.012333044,0.018967194,46076.895,0.9995557,915.9428,27.100584, 
2025-07-17 17:31:35,0.07937828,11.584334,0.1831801,21.708805,29.187885,0.012336692,0.018972125,46064.258,0.99955565,915.96704,27.091803, 
2025-07-17 17:31:36,0.07935843,11.584389,0.18313429,21.709095,29.188234,0.012336861,0.018972352,46063.645,0.99955565,915.9675,27.091047, 
2025-07-17 17:31:37,0.07933858,11.584442,0.1830885,21.709385,29.188585,0.01233703,0.01897258,46063.027,0.99955565,915.96796,27.090292, 
2025-07-17 17:31:38,0.07904301,11.585151,0.18240641,21.704926,29.18206,0.012333911,0.01896834,46072.49,0.9995556,915.95154,27.081564, 
2025-07-17 17:31:39,0.079028584,11.585208,0.18237312,21.704811,29.181862,0.012333817,0.01896821,46072.734,0.9995556,915.9512,27.080812, 
2025-07-17 17:31:40,0.07901417,11.585265,0.18233985,21.704695,29.181664,0.012333722,0.018968081,46072.98,0.9995556,915.9508,27.080061, 
2025-07-17 17:31:41,0.07977587,11.586557,0.18409766,21.708506,29.185818,0.012335737,0.01897078,46064.895,0.9995554,916.02106,27.071327, 
2025-07-17 17:31:42,0.07981316,11.586652,0.18418372,21.708622,29.185902,0.012335779,0.018970836,46064.65,0.9995554,916.02484,27.070578, 
2025-07-17 17:31:43,0.080292925,11.587617,0.18529087,21.711687,29.189299,0.012337423,0.018973045,46058.145,0.9995553,915.9928,27.070349, 
2025-07-17 17:31:44,0.08034046,11.5877075,0.18540059,21.711967,29.18961,0.012337574,0.018973246,46057.547,0.9995553,915.9925,27.070124, 
2025-07-17 17:31:45,0.080388,11.587797,0.1855103,21.71225,29.18992,0.012337724,0.01897345,46056.95,0.9995553,915.9922,27.069899, 
2025-07-17 17:31:46,0.079169795,11.588589,0.18269905,21.703154,29.1771,0.012331592,0.018965116,46076.254,0.9995552,915.9908,27.052612, 
2025-07-17 17:31:47,0.07910838,11.588661,0.18255734,21.702682,29.176413,0.012331263,0.018964667,46077.254,0.9995552,915.98987,27.051563, 
2025-07-17 17:31:48,0.07904697,11.588733,0.18241562,21.70221,29.175724,0.012330934,0.01896422,46078.254,0.9995552,915.989,27.050516, 
2025-07-17 17:31:49,0.07835313,11.588969,0.18081447,21.704308,29.178366,0.012332207,0.018965939,46073.8,0.9995552,915.96313,27.041536, 
2025-07-17 17:31:50,0.07828166,11.5890045,0.18064953,21.704205,29.1782,0.012332127,0.018965831,46074.023,0.9995552,915.96155,27.040564, 
2025-07-17 17:31:51,0.0792204,11.589315,0.18281585,21.698952,29.170906,0.012328635,0.01896109,46085.176,0.9995551,916.00336,27.023317, 
2025-07-17 17:31:52,0.07926211,11.58934,0.1829121,21.698679,29.17052,0.01232845,0.01896084,46085.754,0.9995551,916.0053,27.022043, 
2025-07-17 17:31:53,0.07930381,11.589366,0.18300834,21.698406,29.170134,0.012328265,0.01896059,46086.336,0.9995551,916.00726,27.02077, 
2025-07-17 17:31:54,0.07901756,11.58952,0.18234776,21.704142,29.177729,0.01233191,0.018965526,46074.156,0.9995551,915.9736,27.020554, 
2025-07-17 17:31:55,0.07902399,11.589539,0.1823626,21.704353,29.178001,0.012332042,0.018965703,46073.703,0.9995551,915.9726,27.020103, 
2025-07-17 17:31:56,0.079030424,11.589556,0.18237746,21.704567,29.178274,0.012332173,0.01896588,46073.254,0.9995551,915.9716,27.019653, 
2025-07-17 17:31:57,0.07795153,11.590598,0.17988774,21.70284,29.175173,0.0123307025,0.018963862,46076.918,0.999555,915.97943,27.011139, 
2025-07-17 17:31:58,0.077880904,11.590664,0.17972477,21.70288,29.175177,0.012330706,0.018963866,46076.832,0.999555,915.979,27.010614, 
2025-07-17 17:31:59,0.07847454,11.591,0.18109468,21.706314,29.179543,0.012332804,0.018966703,46069.543,0.99955493,915.98785,26.993334, 
2025-07-17 17:32:00,0.078486174,11.591045,0.18112153,21.706484,29.179735,0.012332897,0.018966828,46069.188,0.99955493,915.9886,26.992062, 
2025-07-17 17:32:01,0.078497805,11.59109,0.18114838,21.706652,29.179928,0.012332989,0.018966952,46068.83,0.99955493,915.9893,26.990788, 
2025-07-17 17:32:02,0.07825796,11.590853,0.18059489,21.704792,29.177605,0.012331871,0.018965444,46072.777,0.999555,915.9808,26.981874, 
2025-07-17 17:32:03,0.07825854,11.590847,0.18059622,21.704765,29.177576,0.012331857,0.018965425,46072.832,0.999555,915.98047,26.9809, 
2025-07-17 17:32:04,0.07825911,11.590841,0.18059753,21.70474,29.177547,0.012331842,0.018965406,46072.883,0.999555,915.98016,26.979925, 
2025-07-17 17:32:05,0.07906718,11.591557,0.18246232,21.707552,29.180788,0.012333409,0.018967513,46066.918,0.9995549,916.02423,26.97135, 
2025-07-17 17:32:06,0.07910905,11.591593,0.18255894,21.707672,29.180923,0.012333474,0.0189676,46066.664,0.9995549,916.0266,26.9706, 
2025-07-17 17:32:07,0.078603595,11.592003,0.18139254,21.704903,29.176893,0.012331548,0.018964982,46072.543,0.9995548,916.0363,26.961887, 
2025-07-17 17:32:08,0.078591995,11.592045,0.18136577,21.704802,29.176725,0.012331468,0.018964872,46072.758,0.9995548,916.03796,26.961143, 
2025-07-17 17:32:09,0.078580394,11.592087,0.181339,21.704699,29.176558,0.012331388,0.018964764,46072.973,0.9995548,916.0396,26.9604, 
2025-07-17 17:32:10,0.0768637,11.592571,0.1773774,21.698734,29.168177,0.012327384,0.018959315,46085.637,0.99955475,916.04803,26.960295, 
2025-07-17 17:32:11,0.07674713,11.59261,0.17710839,21.698305,29.167568,0.012327094,0.018958919,46086.55,0.99955475,916.04877,26.960072, 
2025-07-17 17:32:12,0.07663056,11.592649,0.1768394,21.697874,29.16696,0.012326803,0.018958524,46087.465,0.99955475,916.04956,26.95985, 
2025-07-17 17:32:13,0.077710666,11.592478,0.17933191,21.705051,29.176739,0.012331485,0.01896488,46072.227,0.9995548,915.9785,26.942259, 
2025-07-17 17:32:14,0.07773165,11.592481,0.17938033,21.70533,29.177109,0.012331663,0.018965121,46071.637,0.9995548,915.9745,26.941198, 
2025-07-17 17:32:15,0.07891555,11.592785,0.18211243,21.703714,29.17471,0.012330518,0.018963562,46075.062,0.99955475,915.9979,26.932245, 
2025-07-17 17:32:16,0.079013914,11.5928,0.18233941,21.703787,29.174795,0.01233056,0.018963618,46074.91,0.99955475,915.9977,26.931273, 
2025-07-17 17:32:17,0.07911228,11.592814,0.18256642,21.70386,29.174881,0.012330601,0.018963674,46074.754,0.99955475,915.99744,26.930298, 
2025-07-17 17:32:18,0.07973194,11.592903,0.18399641,21.704473,29.175644,0.012330964,0.018964168,46073.453,0.99955475,916.0248,26.930298, 
2025-07-17 17:32:19,0.07979879,11.592916,0.18415067,21.70447,29.175629,0.012330958,0.01896416,46073.46,0.99955475,916.02704,26.930075, 
2025-07-17 17:32:20,0.079865634,11.592929,0.18430494,21.704466,29.175615,0.012330951,0.01896415,46073.47,0.99955475,916.0293,26.929853, 
2025-07-17 17:32:21,0.07923407,11.5926075,0.18284747,21.706987,29.179241,0.012332686,0.018966507,46068.117,0.9995548,916.0556,26.912342, 
2025-07-17 17:32:22,0.07921311,11.59259,0.18279912,21.707153,29.179478,0.012332799,0.01896666,46067.76,0.9995548,916.05786,26.911293, 
2025-07-17 17:32:23,0.07919249,11.592963,0.18275152,21.704657,29.175842,0.012331062,0.018964298,46073.062,0.99955475,916.02466,26.902206, 
2025-07-17 17:32:24,0.07917678,11.592979,0.18271527,21.70456,29.1757,0.012330994,0.018964205,46073.27,0.99955475,916.0232,26.901226, 
2025-07-17 17:32:25,0.07916107,11.592996,0.18267903,21.704462,29.175556,0.012330926,0.018964112,46073.477,0.99955475,916.0217,26.900246, 
2025-07-17 17:32:26,0.07887565,11.592212,0.18202034,21.706738,29.179203,0.012332662,0.018966483,46068.65,0.9995548,916.03815,26.882946, 
2025-07-17 17:32:27,0.07885801,11.592174,0.18197964,21.70681,29.17933,0.012332722,0.018966565,46068.492,0.9995548,916.03827,26.88167, 
2025-07-17 17:32:28,0.078840375,11.592136,0.18193893,21.706882,29.179457,0.012332781,0.018966647,46068.336,0.9995548,916.0384,26.880394, 
2025-07-17 17:32:29,0.07883787,11.592202,0.1819331,22.36893,30.06936,0.012759507,0.019545086,44710.156,0.9995551,916.02167,26.880424, 
2025-07-17 17:32:30,0.07883031,11.592187,0.18191566,22.408245,30.122223,0.0127848545,0.019579446,44629.496,0.9995552,916.02106,26.879974, 
2025-07-17 17:32:31,0.080159806,11.591416,0.18498375,21.924845,29.472994,0.012473492,0.019157447,45613.926,0.999555,916.0543,26.871544, 
2025-07-17 17:32:32,0.08024133,11.591371,0.18517187,21.910786,29.45413,0.012464443,0.019145185,45642.324,0.999555,916.05597,26.871025, 
2025-07-17 17:32:33,0.08032285,11.591325,0.18536,21.896727,29.435265,0.0124553945,0.019132923,45670.72,0.999555,916.05756,26.870506, 
2025-07-17 17:32:34,0.08004547,11.592173,0.1847199,21.977324,29.542969,0.012507039,0.019202929,45502.203,0.99955493,916.04114,26.861616, 
2025-07-17 17:32:35,0.08006144,11.592205,0.18475676,21.970144,29.533293,0.012502397,0.01919664,45516.56,0.99955493,916.04095,26.860863, 
2025-07-17 17:32:36,0.08007741,11.592238,0.18479362,21.962965,29.523617,0.012497757,0.01919035,45530.914,0.99955493,916.0408,26.860111, 
2025-07-17 17:32:37,0.079283565,11.59251,0.1829616,22.51815,30.269709,0.012855619,0.01967531,44412.652,0.9995552,916.02264,26.84269, 
2025-07-17 17:32:38,0.07923042,11.592547,0.18283898,22.552696,30.316118,0.012877879,0.019705478,44342.906,0.99955523,916.0212,26.841436, 
2025-07-17 17:32:39,0.0810887,11.592165,0.18712708,24.785923,33.318436,0.014320496,0.02165698,40421.7,0.99955636,916.05414,26.840809, 
2025-07-17 17:32:40,0.08118469,11.592148,0.18734859,24.934929,33.51875,0.014416733,0.021787185,40156.848,0.9995564,916.0557,26.840368, 
2025-07-17 17:32:41,0.081280686,11.592131,0.1875701,25.083935,33.719063,0.01451297,0.021917392,39891.992,0.99955654,916.0574,26.83993, 
2025-07-17 17:32:42,0.014765979,11.589203,0.03407519,29.015985,39.00772,0.01706106,0.025355017,34617.37,0.9995588,916.0671,26.831337, 
2025-07-17 17:32:43,0.010693353,11.589012,0.02467685,29.31322,39.40747,0.017253567,0.025614854,34196.445,0.999559,916.0685,26.830801, 
2025-07-17 17:32:44,0.006620726,11.588821,0.015278511,29.610453,39.80722,0.017446073,0.025874693,33775.52,0.99955916,916.06995,26.830265, 
2025-07-17 17:32:45,-0.015472907,11.587533,-0.035706483,28.355522,38.12139,0.016633099,0.024778903,35284.336,0.9995587,916.0695,26.821413, 
2025-07-17 17:32:46,-0.018530168,11.58738,-0.042761672,28.383741,38.15947,0.016651401,0.024803655,35236.008,0.99955875,916.0697,26.82066, 
2025-07-17 17:32:47,-0.00852642,11.586259,-0.019676236,28.20756,37.923702,0.01653771,0.024650406,35455.38,0.9995587,916.0108,26.79514, 
2025-07-17 17:32:48,-0.008427537,11.58616,-0.019448046,28.167892,37.870472,0.016512038,0.024615806,35503.13,0.9995587,916.00714,26.793358, 
2025-07-17 17:32:49,-0.008328655,11.58606,-0.019219857,28.128225,37.817238,0.016486365,0.024581205,35550.883,0.9995587,916.00354,26.791578, 
2025-07-17 17:32:50,0.057839513,11.586039,0.13347504,27.818243,37.4005,0.016285496,0.024310326,35948.523,0.9995585,916.01056,26.790941, 
2025-07-17 17:32:51,0.062151156,11.58601,0.14342491,27.795542,37.370007,0.016270796,0.024290506,35977.51,0.9995585,916.0095,26.790276, 
2025-07-17 17:32:52,0.06646279,11.585981,0.15337479,27.772839,37.33951,0.016256096,0.024270684,36006.504,0.9995585,916.0085,26.789608, 
2025-07-17 17:32:53,0.06766933,11.586965,0.1561591,27.777403,37.344704,0.016258625,0.024274057,36000.613,0.9995584,915.98315,26.781208, 
2025-07-17 17:32:54,0.06944287,11.587022,0.16025186,27.769438,37.33394,0.01625344,0.02426706,36010.81,0.9995584,915.9818,26.780684, 
2025-07-17 17:32:55,0.069045395,11.587673,0.15933463,27.768076,37.331482,0.01625227,0.024265464,36012.58,0.9995583,915.98926,26.77194, 
2025-07-17 17:32:56,0.0690401,11.587737,0.15932243,27.768112,37.331474,0.016252266,0.024265459,36012.53,0.9995583,915.98914,26.77119, 
2025-07-17 17:32:57,0.06903481,11.5878,0.1593102,27.76815,37.331463,0.016252263,0.024265451,36012.484,0.9995583,915.98895,26.770441, 
2025-07-17 17:32:58,0.07048208,11.588195,0.16265005,27.76827,37.331245,0.016252164,0.024265312,36012.33,0.99955827,915.98083,26.753086, 
2025-07-17 17:32:59,0.070560396,11.588235,0.16283077,27.768238,37.331165,0.016252125,0.024265258,36012.367,0.99955827,915.9805,26.751814, 
2025-07-17 17:33:00,0.070638716,11.588275,0.1630115,27.768206,37.331085,0.016252087,0.024265205,36012.41,0.99955827,915.9802,26.750544, 
2025-07-17 17:33:01,0.07066247,11.58915,0.16306634,27.762531,37.322613,0.016248029,0.0242597,36019.77,0.99955815,916.0062,26.750483, 
2025-07-17 17:33:02,0.07070058,11.589212,0.1631543,27.762197,37.322105,0.016247787,0.02425937,36020.203,0.99955815,916.00757,26.750034, 
2025-07-17 17:33:03,0.0699062,11.590021,0.16132113,27.756212,37.313286,0.016243553,0.024253637,36027.97,0.9995581,916.00854,26.741547, 
2025-07-17 17:33:04,0.069856174,11.590093,0.1612057,27.755707,37.312534,0.016243193,0.024253149,36028.625,0.9995581,916.0092,26.741016, 
2025-07-17 17:33:05,0.06980614,11.590163,0.16109025,27.7552,37.311787,0.016242834,0.024252662,36029.285,0.9995581,916.0099,26.740486, 
2025-07-17 17:33:06,0.06978882,11.590254,0.16105027,27.756975,37.31409,0.016243944,0.024254158,36026.98,0.9995581,915.9667,26.723082, 
2025-07-17 17:33:07,0.069767386,11.590279,0.16100079,27.756933,37.31401,0.016243907,0.024254106,36027.03,0.9995581,915.96405,26.721806, 
2025-07-17 17:33:08,0.06974594,11.590304,0.16095132,27.756893,37.31393,0.01624387,0.024254054,36027.086,0.9995581,915.9614,26.72053, 
2025-07-17 17:33:09,0.06964809,11.591076,0.16072552,27.745031,37.297245,0.016235849,0.024243208,36042.49,0.999558,916.0311,26.711689, 
2025-07-17 17:33:10,0.06964139,11.591125,0.16071007,27.744364,37.2963,0.016235396,0.024242595,36043.355,0.999558,916.0342,26.710714, 
2025-07-17 17:33:11,0.069221005,11.591152,0.15973994,27.746164,37.298695,0.016236547,0.024244152,36041.02,0.999558,916.00287,26.701958, 
2025-07-17 17:33:12,0.06919224,11.591172,0.15967357,27.745996,37.29845,0.01623643,0.024243994,36041.24,0.999558,916.00256,26.701208, 
2025-07-17 17:33:13,0.06916347,11.591192,0.15960719,27.745827,37.298203,0.01623631,0.024243833,36041.457,0.999558,916.00226,26.700459, 
2025-07-17 17:33:14,0.06915399,11.591895,0.15958528,27.748333,37.300896,0.016237626,0.024245583,36038.203,0.9995579,916.0096,26.683105, 
2025-07-17 17:33:15,0.069142886,11.591939,0.15955967,27.748535,37.301125,0.016237738,0.024245733,36037.938,0.9995579,916.00916,26.681833, 
2025-07-17 17:33:16,0.06913179,11.591982,0.15953407,27.74874,37.301357,0.016237851,0.024245884,36037.676,0.9995579,916.0088,26.68056, 
2025-07-17 17:33:17,0.06930424,11.592393,0.15993205,27.753248,37.30703,0.016240597,0.02424957,36031.816,0.99955785,915.9919,26.662926, 
2025-07-17 17:33:18,0.069314145,11.592435,0.15995489,27.75358,37.307434,0.016240792,0.024249833,36031.387,0.99955785,915.9911,26.661428, 
2025-07-17 17:33:19,0.069446154,11.592142,0.16025953,27.755236,37.309944,0.016241988,0.024251465,36029.24,0.99955785,915.98206,26.660778, 
2025-07-17 17:33:20,0.06945825,11.592133,0.16028744,27.755444,37.310234,0.016242126,0.024251653,36028.97,0.99955785,915.98114,26.66033, 
2025-07-17 17:33:21,0.069470346,11.592124,0.16031535,27.755651,37.310524,0.016242264,0.02425184,36028.7,0.99955785,915.98016,26.65988, 
2025-07-17 17:33:22,0.06985773,11.5921135,0.16120933,27.749933,37.302845,0.016238568,0.02424685,36036.12,0.99955785,915.9628,26.634207, 
2025-07-17 17:33:23,0.0698846,11.592105,0.16127132,27.749624,37.302437,0.01623837,0.024246585,36036.523,0.99955785,915.96155,26.632633, 
2025-07-17 17:33:24,0.06991146,11.592097,0.16133331,27.749315,37.30203,0.016238173,0.024246318,36036.926,0.99955785,915.96027,26.631062, 
2025-07-17 17:33:25,0.06876506,11.5924225,0.15868779,27.747393,37.29913,0.016236788,0.024244435,36039.42,0.99955785,915.9515,26.622005, 
2025-07-17 17:33:26,0.06870689,11.592441,0.15855356,27.747133,37.298763,0.016236613,0.024244197,36039.758,0.99955785,915.9505,26.620811, 
2025-07-17 17:33:27,0.06939386,11.592614,0.16013885,27.74979,37.30217,0.016238255,0.02424641,36036.31,0.9995578,915.9669,26.611961, 
2025-07-17 17:33:28,0.069410585,11.592633,0.16017745,27.749916,37.302322,0.016238328,0.024246508,36036.145,0.9995578,915.9678,26.611208, 
2025-07-17 17:33:29,0.06942732,11.592651,0.16021606,27.750042,37.302475,0.016238403,0.024246607,36035.984,0.9995578,915.9686,26.610456, 
2025-07-17 17:33:30,0.068705276,11.5930395,0.15854983,27.747622,37.298847,0.016236665,0.024244249,36039.125,0.9995578,916.02924,26.59312, 
2025-07-17 17:33:31,0.06867952,11.593068,0.1584904,27.747543,37.298714,0.016236601,0.024244163,36039.227,0.9995578,916.0333,26.591845, 
2025-07-17 17:33:32,0.06865377,11.593096,0.15843096,27.747465,37.298584,0.01623654,0.024244078,36039.33,0.9995578,916.0375,26.590569, 
2025-07-17 17:33:33,0.07019302,11.593099,0.16198307,27.746902,37.29782,0.016236173,0.024243584,36040.06,0.9995578,916.0556,26.57295, 
2025-07-17 17:33:34,0.07026695,11.593108,0.16215368,27.746807,37.297684,0.016236108,0.024243494,36040.18,0.9995578,916.0582,26.571453, 
2025-07-17 17:33:35,0.069929376,11.59318,0.16137466,27.751162,37.30347,0.016238898,0.024247257,36034.527,0.99955773,916.03375,26.554028, 
2025-07-17 17:33:36,0.069945216,11.5931835,0.16141121,27.75142,37.303814,0.016239064,0.02424748,36034.19,0.99955773,916.03265,26.55254, 
2025-07-17 17:33:37,0.06996105,11.593188,0.16144776,27.751678,37.304157,0.016239228,0.024247704,36033.855,0.99955773,916.03156,26.551054, 
2025-07-17 17:33:38,0.070062,11.593348,0.1616807,27.75038,37.30226,0.016238313,0.02424647,36035.543,0.99955773,916.0737,26.550652, 
2025-07-17 17:33:39,0.070059106,11.593359,0.16167404,27.750408,37.302288,0.016238326,0.024246488,36035.504,0.99955773,916.0757,26.550207, 
2025-07-17 17:33:40,0.070056215,11.593371,0.16166738,27.750437,37.302315,0.01623834,0.024246505,36035.47,0.99955773,916.0777,26.549763, 
2025-07-17 17:33:41,0.07047238,11.593371,0.16262776,27.750044,37.301785,0.016238084,0.02424616,36035.98,0.99955773,916.06976,26.53255, 
2025-07-17 17:33:42,0.070499904,11.593376,0.16269127,27.749987,37.301704,0.016238047,0.024246108,36036.055,0.99955773,916.0704,26.531515, 
2025-07-17 17:33:43,0.07127926,11.593299,0.16448976,27.750267,37.30215,0.016238261,0.024246396,36035.69,0.99955773,916.0448,26.513956, 
2025-07-17 17:33:44,0.07133766,11.593294,0.16462456,27.750277,37.30217,0.01623827,0.02424641,36035.676,0.99955773,916.04297,26.512451, 
2025-07-17 17:33:45,0.071396075,11.593289,0.16475934,27.750288,37.30219,0.01623828,0.02424642,36035.664,0.99955773,916.0412,26.510946, 
2025-07-17 17:33:46,0.07023281,11.593516,0.1620749,27.750948,37.30286,0.016238613,0.02424686,36034.805,0.99955773,916.0406,26.510628, 
2025-07-17 17:33:47,0.07018131,11.593529,0.16195606,27.750996,37.302914,0.01623864,0.024246894,36034.746,0.99955773,916.0399,26.510174, 
2025-07-17 17:33:48,0.07012981,11.59354,0.16183722,27.751043,37.302967,0.016238663,0.02424693,36034.684,0.99955773,916.03925,26.50972, 
2025-07-17 17:33:49,0.071704775,11.5939455,0.16547172,27.750608,37.30199,0.0162382,0.024246296,36035.246,0.9995577,916.0397,26.483728, 
2025-07-17 17:33:50,0.071770005,11.593976,0.16562226,27.750599,37.301952,0.01623818,0.024246268,36035.26,0.9995577,916.0397,26.482153, 
2025-07-17 17:33:51,0.070559174,11.594229,0.16282806,27.752266,37.30395,0.016239153,0.02424757,36033.094,0.9995577,916.01447,26.472788, 
2025-07-17 17:33:52,0.07052136,11.594254,0.16274078,27.75236,37.304054,0.016239202,0.024247635,36032.97,0.9995577,916.01294,26.471588, 
2025-07-17 17:33:53,0.07048355,11.594278,0.16265352,27.752453,37.304157,0.016239252,0.024247702,36032.848,0.9995577,916.01135,26.470388, 
2025-07-17 17:33:54,0.06952749,11.594433,0.16044727,27.747564,37.297436,0.016236017,0.024243334,36039.2,0.9995576,916.045,26.453169, 
2025-07-17 17:33:55,0.069437824,11.594449,0.16024035,27.747307,37.297077,0.016235843,0.0242431,36039.535,0.9995576,916.0464,26.451895, 
2025-07-17 17:33:56,0.06934816,11.594464,0.16003343,27.747051,37.296715,0.01623567,0.024242867,36039.867,0.9995576,916.0478,26.450623, 
2025-07-17 17:33:57,-0.003173039,11.59033,-0.007322277,32.137444,43.20282,0.019085191,0.028081832,31210.547,0.99956036,916.00494,26.44175, 
2025-07-17 17:33:58,-0.007541908,11.590087,-0.017404227,32.40034,43.556473,0.019255819,0.028311707,30921.393,0.9995605,916.00323,26.440777, 
2025-07-17 17:33:59,-0.011910777,11.589843,-0.027486175,32.663235,43.910126,0.019426446,0.028541582,30632.238,0.99956065,916.0015,26.439802, 
2025-07-17 17:34:00,0.023339061,11.588929,0.053858902,33.802444,45.44267,0.020166555,0.029537734,29607.736,0.99956137,916.04517,26.431252, 
2025-07-17 17:34:01,0.023559488,11.58877,0.054367565,33.981346,45.683334,0.02028271,0.029694168,29424.383,0.9995615,916.0467,26.430504, 
2025-07-17 17:34:02,0.050439123,11.588607,0.116396934,33.995773,45.702927,0.020292185,0.029706903,29416.77,0.9995615,916.03094,26.421753, 
2025-07-17 17:34:03,0.052896213,11.588574,0.122067094,34.024776,45.741955,0.020311031,0.02973227,29390.777,0.99956155,916.031,26.421005, 
2025-07-17 17:34:04,0.055353303,11.588542,0.12773725,34.053776,45.78098,0.020329878,0.029757636,29364.785,0.99956155,916.03107,26.420256, 
2025-07-17 17:34:05,0.06384713,11.589039,0.14733823,34.03979,45.76159,0.020320525,0.029745035,29377.385,0.9995615,916.0652,26.402761, 
2025-07-17 17:34:06,0.065033615,11.589064,0.15007624,34.04015,45.762047,0.020320747,0.029745331,29377.074,0.9995615,916.06683,26.401487, 
2025-07-17 17:34:07,0.0662201,11.589088,0.15281427,34.04051,45.7625,0.020320967,0.029745625,29376.764,0.9995615,916.0685,26.400213, 
2025-07-17 17:34:08,0.064312615,11.589904,0.14841244,34.03597,45.75544,0.020317579,0.029741036,29380.682,0.99956137,915.9888,26.382517, 
2025-07-17 17:34:09,0.06445463,11.589964,0.14874016,34.03575,45.755077,0.020317405,0.029740801,29380.87,0.99956137,915.9849,26.38102, 
2025-07-17 17:34:10,0.06517705,11.589903,0.15040727,34.03365,45.752316,0.020316072,0.029739005,29382.686,0.99956137,915.98267,26.380655, 
2025-07-17 17:34:11,0.065192305,11.589919,0.15044247,34.033417,45.751987,0.020315913,0.029738793,29382.885,0.99956137,915.98065,26.380207, 
2025-07-17 17:34:12,0.06520755,11.589934,0.15047765,34.033188,45.75166,0.020315755,0.02973858,29383.082,0.99956137,915.97864,26.379757, 
2025-07-17 17:34:13,0.06509214,11.590716,0.15021135,34.025208,45.74002,0.020310154,0.029731013,29389.977,0.99956125,916.0409,26.37126, 
2025-07-17 17:34:14,0.065104455,11.590761,0.15023977,34.024673,45.73925,0.020309784,0.029730512,29390.436,0.99956125,916.04456,26.370735, 
2025-07-17 17:34:15,0.06511677,11.590807,0.15026818,34.024143,45.738483,0.020309415,0.029730013,29390.896,0.99956125,916.0482,26.370213, 
2025-07-17 17:34:16,0.06417568,11.591131,0.14809647,34.020393,45.733055,0.020306807,0.029726487,29394.135,0.9995612,916.0484,26.361267, 
2025-07-17 17:34:17,0.06411768,11.59117,0.14796263,34.019966,45.732433,0.020306507,0.029726082,29394.504,0.9995612,916.05,26.36052, 
2025-07-17 17:34:18,0.065244965,11.591959,0.15056403,34.019608,45.731033,0.020305853,0.029725173,29394.814,0.9995611,916.0497,26.343206, 
2025-07-17 17:34:19,0.06529218,11.592014,0.150673,34.019493,45.730816,0.020305749,0.029725032,29394.912,0.9995611,916.0497,26.341932, 
2025-07-17 17:34:20,0.0653394,11.592071,0.15078196,34.01938,45.7306,0.020305645,0.02972489,29395.01,0.9995611,916.0497,26.340658, 
2025-07-17 17:34:21,0.064706445,11.592485,0.14932132,34.00891,45.716034,0.020298626,0.029715423,29404.06,0.999561,916.04095,26.340513, 
2025-07-17 17:34:22,0.064696856,11.59253,0.14929917,34.00827,45.715122,0.020298187,0.02971483,29404.611,0.999561,916.0404,26.340063, 
2025-07-17 17:34:23,0.06468726,11.592575,0.14927705,34.007633,45.71421,0.020297749,0.029714238,29405.164,0.999561,916.0399,26.339615, 
2025-07-17 17:34:24,0.06601642,11.593361,0.15234433,34.01108,45.71793,0.020299565,0.029716654,29402.18,0.9995609,916.031,26.322193, 
2025-07-17 17:34:25,0.066079214,11.593418,0.15248924,34.011017,45.717773,0.020299492,0.029716553,29402.236,0.9995609,916.0303,26.321146, 
2025-07-17 17:34:26,0.06567968,11.593902,0.15156724,34.010124,45.716007,0.02029865,0.029715406,29403.008,0.99956083,916.0729,26.312107, 
2025-07-17 17:34:27,0.06568694,11.59395,0.15158401,34.01015,45.71598,0.02029864,0.029715389,29402.986,0.99956083,916.07526,26.311132, 
2025-07-17 17:34:28,0.06569421,11.593999,0.15160078,34.010174,45.715958,0.020298628,0.029715374,29402.965,0.99956083,916.07764,26.310158, 
2025-07-17 17:34:29,0.06532552,11.594155,0.15074998,34.010696,45.716473,0.020298889,0.02971571,29402.516,0.99956083,916.05225,26.301535, 
2025-07-17 17:34:30,0.06529332,11.594177,0.15067565,34.010704,45.716457,0.020298881,0.0297157,29402.508,0.99956083,916.05176,26.300787, 
2025-07-17 17:34:31,0.06526111,11.594198,0.15060134,34.01071,45.716442,0.020298876,0.029715689,29402.502,0.99956083,916.05133,26.300037, 
2025-07-17 17:34:32,0.06595208,11.594189,0.15219586,34.00847,45.71344,0.020297423,0.029713735,29404.441,0.99956083,916.05023,26.29128, 
2025-07-17 17:34:33,0.065983504,11.594193,0.15226838,34.00835,45.713276,0.020297343,0.029713629,29404.545,0.99956083,916.04956,26.290531, 
2025-07-17 17:34:34,0.06495163,11.594891,0.14988717,34.013397,45.719242,0.020300249,0.029717507,29400.182,0.9995607,916.04114,26.273228, 
2025-07-17 17:34:35,0.0649044,11.5949335,0.14977819,34.013653,45.719536,0.020300392,0.029717697,29399.96,0.9995607,916.0406,26.271954, 
2025-07-17 17:34:36,0.06485717,11.594976,0.1496692,34.01391,45.71983,0.020300535,0.029717889,29399.738,0.9995607,916.0401,26.27068, 
2025-07-17 17:34:37,0.064697914,11.594443,0.14930166,34.016033,45.72331,0.020302199,0.02972015,29397.9,0.99956083,916.04865,26.261845, 
2025-07-17 17:34:38,0.06466227,11.594429,0.1492194,34.01629,45.723667,0.020302372,0.029720383,29397.682,0.99956083,916.04895,26.260878, 
2025-07-17 17:34:39,0.06462662,11.594416,0.14913714,34.016544,45.724026,0.020302545,0.029720616,29397.46,0.99956083,916.04926,26.259909, 
2025-07-17 17:34:40,0.06436205,11.595199,0.1485266,34.01005,45.714382,0.02029791,0.02971435,29403.07,0.9995607,916.0317,26.251278, 
2025-07-17 17:34:41,0.06434162,11.595232,0.14847946,34.009724,45.7139,0.020297678,0.029714037,29403.354,0.9995607,916.0308,26.250525, 
2025-07-17 17:34:42,0.06422553,11.595253,0.14821158,34.012993,45.71827,0.020299789,0.029716874,29400.531,0.9995607,916.0219,26.250336, 
2025-07-17 17:34:43,0.06421157,11.595274,0.14817937,34.01304,45.718307,0.020299807,0.029716898,29400.49,0.9995607,916.02094,26.250109, 
2025-07-17 17:34:44,0.064197615,11.595294,0.14814715,34.013084,45.71834,0.020299828,0.029716922,29400.451,0.9995607,916.01996,26.249882, 
2025-07-17 17:34:45,0.06445412,11.5955305,0.1487391,34.00822,45.711536,0.020296542,0.029712498,29404.654,0.99956065,916.055,26.241262, 
2025-07-17 17:34:46,0.06446673,11.595545,0.1487682,34.008007,45.711227,0.020296395,0.029712299,29404.84,0.99956065,916.0569,26.240732, 
2025-07-17 17:34:47,0.06447934,11.59556,0.14879729,34.007793,45.710922,0.020296246,0.0297121,29405.025,0.99956065,916.0588,26.240202, 
2025-07-17 17:34:48,0.06547284,11.5957985,0.15108998,34.00955,45.713,0.020297261,0.029713452,29403.508,0.99956065,916.0412,26.2135, 
2025-07-17 17:34:49,0.0655379,11.5958185,0.15124011,34.009525,45.712948,0.020297237,0.029713418,29403.525,0.99956065,916.041,26.211699, 
2025-07-17 17:34:50,0.065394744,11.596211,0.15090975,34.006237,45.708065,0.020294888,0.029710244,29406.37,0.9995606,916.05743,26.211056, 
2025-07-17 17:34:51,0.065409645,11.596241,0.15094414,34.00608,45.70782,0.020294769,0.029710084,29406.506,0.9995606,916.058,26.21038, 
2025-07-17 17:34:52,0.065424554,11.596271,0.15097854,34.005924,45.707573,0.020294651,0.029709924,29406.64,0.9995606,916.0586,26.209705, 
2025-07-17 17:34:53,0.064880386,11.596679,0.1497228,34.00663,45.708046,0.020294894,0.02971023,29406.031,0.99956053,916.07666,26.1925, 
2025-07-17 17:34:54,0.06484366,11.596713,0.14963806,34.00659,45.707954,0.02029485,0.02971017,29406.064,0.99956053,916.0782,26.191427, 
2025-07-17 17:34:55,0.06480694,11.596747,0.1495533,34.006554,45.707863,0.020294806,0.02971011,29406.096,0.99956053,916.07965,26.190357, 
2025-07-17 17:34:56,0.06467252,11.596164,0.1492431,34.004623,45.705956,0.020293867,0.02970887,29407.766,0.9995606,916.0527,26.181461, 
2025-07-17 17:34:57,0.06465054,11.596141,0.14919238,34.004528,45.705853,0.020293817,0.029708805,29407.848,0.9995606,916.0516,26.180477, 
2025-07-17 17:34:58,0.064515755,11.596285,0.14888135,34.002922,45.703526,0.0202927,0.02970729,29409.236,0.9995606,916.0422,26.171804, 
2025-07-17 17:34:59,0.06450403,11.59628,0.14885429,34.002777,45.703335,0.020292606,0.029707167,29409.361,0.9995606,916.04095,26.171055, 
2025-07-17 17:35:00,0.0644923,11.596275,0.14882722,34.002632,45.703144,0.020292515,0.029707044,29409.488,0.9995606,916.03973,26.170305, 
2025-07-17 17:35:01,0.0650187,11.596683,0.15004197,34.002075,45.70192,0.020291938,0.029706247,29409.969,0.99956053,916.0399,26.1616, 
2025-07-17 17:35:02,0.065046646,11.59671,0.15010647,34.002003,45.701786,0.020291874,0.029706161,29410.033,0.99956053,916.03973,26.160856, 
2025-07-17 17:35:03,0.0650746,11.596739,0.15017098,34.00193,45.701653,0.02029181,0.029706076,29410.098,0.99956053,916.0395,26.160114, 
2025-07-17 17:35:04,0.06428197,11.596977,0.14834185,34.007214,45.708477,0.02029511,0.02971051,29405.527,0.99956053,916.05756,26.151299, 
2025-07-17 17:35:05,0.06424778,11.597001,0.14826295,34.00751,45.70885,0.02029529,0.029710753,29405.27,0.99956053,916.0586,26.150547, 
2025-07-17 17:35:06,0.0652568,11.59724,0.15059142,34.00788,45.709072,0.020295404,0.029710898,29404.947,0.9995605,916.0591,26.141804, 
2025-07-17 17:35:07,0.06529974,11.597261,0.15069054,34.00803,45.709248,0.02029549,0.029711012,29404.818,0.9995605,916.0595,26.141052, 
